[0.000000] (-) TimerEvent: {}
[0.000391] (explore_lite_msgs) JobQueued: {'identifier': 'explore_lite_msgs', 'dependencies': OrderedDict()}
[0.000439] (multirobot_map_merge) JobQueued: {'identifier': 'multirobot_map_merge', 'dependencies': OrderedDict()}
[0.000461] (nav2) JobQueued: {'identifier': 'nav2', 'dependencies': OrderedDict()}
[0.000480] (rplidar_ros) JobQueued: {'identifier': 'rplidar_ros', 'dependencies': OrderedDict()}
[0.000506] (explore_lite) JobQueued: {'identifier': 'explore_lite', 'dependencies': OrderedDict({'explore_lite_msgs': '/home/rpd/Nav2/install/explore_lite_msgs'})}
[0.000804] (explore_lite_msgs) JobStarted: {'identifier': 'explore_lite_msgs'}
[0.015648] (multirobot_map_merge) JobStarted: {'identifier': 'multirobot_map_merge'}
[0.021604] (nav2) JobStarted: {'identifier': 'nav2'}
[0.031247] (rplidar_ros) JobStarted: {'identifier': 'rplidar_ros'}
[0.038958] (explore_lite_msgs) JobProgress: {'identifier': 'explore_lite_msgs', 'progress': 'cmake'}
[0.039672] (explore_lite_msgs) Command: {'cmd': ['/usr/bin/cmake', '/home/rpd/Nav2/src/m-explore-ros2/explore_lite_msgs', '-DCMAKE_INSTALL_PREFIX=/home/rpd/Nav2/install/explore_lite_msgs'], 'cwd': '/home/rpd/Nav2/build/explore_lite_msgs', 'env': OrderedDict({'LESSOPEN': '| /usr/bin/lesspipe %s', 'USER': 'rpd', 'SSH_CLIENT': '192.168.20.51 43874 22', 'GZ_CONFIG_PATH': '/opt/ros/jazzy/opt/gz_sim_vendor/share/gz:/opt/ros/jazzy/opt/sdformat_vendor/share/gz:/opt/ros/jazzy/opt/gz_gui_vendor/share/gz:/opt/ros/jazzy/opt/gz_transport_vendor/share/gz:/opt/ros/jazzy/opt/gz_rendering_vendor/share/gz:/opt/ros/jazzy/opt/gz_plugin_vendor/share/gz:/opt/ros/jazzy/opt/gz_fuel_tools_vendor/share/gz:/opt/ros/jazzy/opt/gz_msgs_vendor/share/gz:/opt/ros/jazzy/opt/gz_common_vendor/share/gz', 'XDG_SESSION_TYPE': 'tty', 'SHLVL': '1', 'LD_LIBRARY_PATH': '/opt/ros/jazzy/opt/gz_sim_vendor/lib:/opt/ros/jazzy/opt/gz_sensors_vendor/lib:/opt/ros/jazzy/opt/gz_physics_vendor/lib:/opt/ros/jazzy/opt/sdformat_vendor/lib:/opt/ros/jazzy/opt/rviz_ogre_vendor/lib:/opt/ros/jazzy/lib/aarch64-linux-gnu:/opt/ros/jazzy/opt/gz_gui_vendor/lib:/opt/ros/jazzy/opt/gz_transport_vendor/lib:/opt/ros/jazzy/opt/gz_rendering_vendor/lib:/opt/ros/jazzy/opt/gz_plugin_vendor/lib:/opt/ros/jazzy/opt/gz_fuel_tools_vendor/lib:/opt/ros/jazzy/opt/gz_msgs_vendor/lib:/opt/ros/jazzy/opt/gz_common_vendor/lib:/opt/ros/jazzy/opt/gz_math_vendor/lib:/opt/ros/jazzy/opt/gz_utils_vendor/lib:/opt/ros/jazzy/opt/gz_tools_vendor/lib:/opt/ros/jazzy/opt/gz_ogre_next_vendor/lib:/opt/ros/jazzy/opt/gz_dartsim_vendor/lib:/opt/ros/jazzy/opt/gz_cmake_vendor/lib:/opt/ros/jazzy/lib', 'HOME': '/home/rpd', 'OLDPWD': '/home/rpd/Nav2/src', 'SSH_TTY': '/dev/pts/0', 'ROS_PYTHON_VERSION': '3', 'DBUS_SESSION_BUS_ADDRESS': 'unix:path=/run/user/1000/bus', 'ROS_DISTRO': 'jazzy', 'LOGNAME': 'rpd', '_': '/usr/bin/colcon', 'ROS_VERSION': '2', 'XDG_SESSION_CLASS': 'user', 'TERM': 'xterm-256color', 'XDG_SESSION_ID': '5', 'PATH': '/home/rpd/.local/bin:/home/rpd/.local/bin:/opt/ros/jazzy/opt/gz_msgs_vendor/bin:/opt/ros/jazzy/opt/gz_tools_vendor/bin:/opt/ros/jazzy/opt/gz_ogre_next_vendor/bin:/opt/ros/jazzy/bin:/usr/local/sbin:/usr/local/bin:/usr/sbin:/usr/bin:/sbin:/bin:/usr/games:/usr/local/games:/snap/bin', 'XDG_RUNTIME_DIR': '/run/user/1000', 'DISPLAY': 'localhost:10.0', 'LANG': 'en_US.UTF-8', 'LS_COLORS': 'rs=0:di=01;34:ln=01;36:mh=00:pi=40;33:so=01;35:do=01;35:bd=40;33;01:cd=40;33;01:or=40;31;01:mi=00:su=37;41:sg=30;43:ca=00:tw=30;42:ow=34;42:st=37;44:ex=01;32:*.tar=01;31:*.tgz=01;31:*.arc=01;31:*.arj=01;31:*.taz=01;31:*.lha=01;31:*.lz4=01;31:*.lzh=01;31:*.lzma=01;31:*.tlz=01;31:*.txz=01;31:*.tzo=01;31:*.t7z=01;31:*.zip=01;31:*.z=01;31:*.dz=01;31:*.gz=01;31:*.lrz=01;31:*.lz=01;31:*.lzo=01;31:*.xz=01;31:*.zst=01;31:*.tzst=01;31:*.bz2=01;31:*.bz=01;31:*.tbz=01;31:*.tbz2=01;31:*.tz=01;31:*.deb=01;31:*.rpm=01;31:*.jar=01;31:*.war=01;31:*.ear=01;31:*.sar=01;31:*.rar=01;31:*.alz=01;31:*.ace=01;31:*.zoo=01;31:*.cpio=01;31:*.7z=01;31:*.rz=01;31:*.cab=01;31:*.wim=01;31:*.swm=01;31:*.dwm=01;31:*.esd=01;31:*.avif=01;35:*.jpg=01;35:*.jpeg=01;35:*.mjpg=01;35:*.mjpeg=01;35:*.gif=01;35:*.bmp=01;35:*.pbm=01;35:*.pgm=01;35:*.ppm=01;35:*.tga=01;35:*.xbm=01;35:*.xpm=01;35:*.tif=01;35:*.tiff=01;35:*.png=01;35:*.svg=01;35:*.svgz=01;35:*.mng=01;35:*.pcx=01;35:*.mov=01;35:*.mpg=01;35:*.mpeg=01;35:*.m2v=01;35:*.mkv=01;35:*.webm=01;35:*.webp=01;35:*.ogm=01;35:*.mp4=01;35:*.m4v=01;35:*.mp4v=01;35:*.vob=01;35:*.qt=01;35:*.nuv=01;35:*.wmv=01;35:*.asf=01;35:*.rm=01;35:*.rmvb=01;35:*.flc=01;35:*.avi=01;35:*.fli=01;35:*.flv=01;35:*.gl=01;35:*.dl=01;35:*.xcf=01;35:*.xwd=01;35:*.yuv=01;35:*.cgm=01;35:*.emf=01;35:*.ogv=01;35:*.ogx=01;35:*.aac=00;36:*.au=00;36:*.flac=00;36:*.m4a=00;36:*.mid=00;36:*.midi=00;36:*.mka=00;36:*.mp3=00;36:*.mpc=00;36:*.ogg=00;36:*.ra=00;36:*.wav=00;36:*.oga=00;36:*.opus=00;36:*.spx=00;36:*.xspf=00;36:*~=00;90:*#=00;90:*.bak=00;90:*.crdownload=00;90:*.dpkg-dist=00;90:*.dpkg-new=00;90:*.dpkg-old=00;90:*.dpkg-tmp=00;90:*.old=00;90:*.orig=00;90:*.part=00;90:*.rej=00;90:*.rpmnew=00;90:*.rpmorig=00;90:*.rpmsave=00;90:*.swp=00;90:*.tmp=00;90:*.ucf-dist=00;90:*.ucf-new=00;90:*.ucf-old=00;90:', 'ROS_DOMAIN_ID': '12', 'AMENT_PREFIX_PATH': '/opt/ros/jazzy', 'SHELL': '/bin/bash', 'LESSCLOSE': '/usr/bin/lesspipe %s %s', 'ROS_AUTOMATIC_DISCOVERY_RANGE': 'SUBNET', 'PWD': '/home/rpd/Nav2/build/explore_lite_msgs', 'LC_ALL': 'en_US.UTF-8', 'SSH_CONNECTION': '192.168.20.51 43874 192.168.22.22 22', 'XDG_DATA_DIRS': '/usr/local/share:/usr/share:/var/lib/snapd/desktop', 'PYTHONPATH': '/opt/ros/jazzy/lib/python3.12/site-packages:/usr/local/lib:/usr/local/lib/python3/dist-packages:/usr/local/lib/python3.11/site-packages', 'COLCON': '1', 'CMAKE_PREFIX_PATH': '/opt/ros/jazzy/opt/gz_sim_vendor:/opt/ros/jazzy/opt/gz_sensors_vendor:/opt/ros/jazzy/opt/gz_physics_vendor:/opt/ros/jazzy/opt/sdformat_vendor:/opt/ros/jazzy/opt/gz_gui_vendor:/opt/ros/jazzy/opt/gz_transport_vendor:/opt/ros/jazzy/opt/gz_rendering_vendor:/opt/ros/jazzy/opt/gz_plugin_vendor:/opt/ros/jazzy/opt/gz_fuel_tools_vendor:/opt/ros/jazzy/opt/gz_msgs_vendor:/opt/ros/jazzy/opt/gz_common_vendor:/opt/ros/jazzy/opt/gz_math_vendor:/opt/ros/jazzy/opt/gz_utils_vendor:/opt/ros/jazzy/opt/gz_tools_vendor:/opt/ros/jazzy/opt/gz_ogre_next_vendor:/opt/ros/jazzy/opt/gz_dartsim_vendor:/opt/ros/jazzy/opt/gz_cmake_vendor:/opt/ros/jazzy'}), 'shell': False}
[0.043805] (multirobot_map_merge) JobProgress: {'identifier': 'multirobot_map_merge', 'progress': 'cmake'}
[0.045179] (multirobot_map_merge) Command: {'cmd': ['/usr/bin/cmake', '/home/rpd/Nav2/src/m-explore-ros2/map_merge', '-DCMAKE_INSTALL_PREFIX=/home/rpd/Nav2/install/multirobot_map_merge'], 'cwd': '/home/rpd/Nav2/build/multirobot_map_merge', 'env': OrderedDict({'LESSOPEN': '| /usr/bin/lesspipe %s', 'USER': 'rpd', 'SSH_CLIENT': '192.168.20.51 43874 22', 'GZ_CONFIG_PATH': '/opt/ros/jazzy/opt/gz_sim_vendor/share/gz:/opt/ros/jazzy/opt/sdformat_vendor/share/gz:/opt/ros/jazzy/opt/gz_gui_vendor/share/gz:/opt/ros/jazzy/opt/gz_transport_vendor/share/gz:/opt/ros/jazzy/opt/gz_rendering_vendor/share/gz:/opt/ros/jazzy/opt/gz_plugin_vendor/share/gz:/opt/ros/jazzy/opt/gz_fuel_tools_vendor/share/gz:/opt/ros/jazzy/opt/gz_msgs_vendor/share/gz:/opt/ros/jazzy/opt/gz_common_vendor/share/gz', 'XDG_SESSION_TYPE': 'tty', 'SHLVL': '1', 'LD_LIBRARY_PATH': '/opt/ros/jazzy/opt/gz_sim_vendor/lib:/opt/ros/jazzy/opt/gz_sensors_vendor/lib:/opt/ros/jazzy/opt/gz_physics_vendor/lib:/opt/ros/jazzy/opt/sdformat_vendor/lib:/opt/ros/jazzy/opt/rviz_ogre_vendor/lib:/opt/ros/jazzy/lib/aarch64-linux-gnu:/opt/ros/jazzy/opt/gz_gui_vendor/lib:/opt/ros/jazzy/opt/gz_transport_vendor/lib:/opt/ros/jazzy/opt/gz_rendering_vendor/lib:/opt/ros/jazzy/opt/gz_plugin_vendor/lib:/opt/ros/jazzy/opt/gz_fuel_tools_vendor/lib:/opt/ros/jazzy/opt/gz_msgs_vendor/lib:/opt/ros/jazzy/opt/gz_common_vendor/lib:/opt/ros/jazzy/opt/gz_math_vendor/lib:/opt/ros/jazzy/opt/gz_utils_vendor/lib:/opt/ros/jazzy/opt/gz_tools_vendor/lib:/opt/ros/jazzy/opt/gz_ogre_next_vendor/lib:/opt/ros/jazzy/opt/gz_dartsim_vendor/lib:/opt/ros/jazzy/opt/gz_cmake_vendor/lib:/opt/ros/jazzy/lib', 'HOME': '/home/rpd', 'OLDPWD': '/home/rpd/Nav2/src', 'SSH_TTY': '/dev/pts/0', 'ROS_PYTHON_VERSION': '3', 'DBUS_SESSION_BUS_ADDRESS': 'unix:path=/run/user/1000/bus', 'ROS_DISTRO': 'jazzy', 'LOGNAME': 'rpd', '_': '/usr/bin/colcon', 'ROS_VERSION': '2', 'XDG_SESSION_CLASS': 'user', 'TERM': 'xterm-256color', 'XDG_SESSION_ID': '5', 'PATH': '/home/rpd/.local/bin:/home/rpd/.local/bin:/opt/ros/jazzy/opt/gz_msgs_vendor/bin:/opt/ros/jazzy/opt/gz_tools_vendor/bin:/opt/ros/jazzy/opt/gz_ogre_next_vendor/bin:/opt/ros/jazzy/bin:/usr/local/sbin:/usr/local/bin:/usr/sbin:/usr/bin:/sbin:/bin:/usr/games:/usr/local/games:/snap/bin', 'XDG_RUNTIME_DIR': '/run/user/1000', 'DISPLAY': 'localhost:10.0', 'LANG': 'en_US.UTF-8', 'LS_COLORS': 'rs=0:di=01;34:ln=01;36:mh=00:pi=40;33:so=01;35:do=01;35:bd=40;33;01:cd=40;33;01:or=40;31;01:mi=00:su=37;41:sg=30;43:ca=00:tw=30;42:ow=34;42:st=37;44:ex=01;32:*.tar=01;31:*.tgz=01;31:*.arc=01;31:*.arj=01;31:*.taz=01;31:*.lha=01;31:*.lz4=01;31:*.lzh=01;31:*.lzma=01;31:*.tlz=01;31:*.txz=01;31:*.tzo=01;31:*.t7z=01;31:*.zip=01;31:*.z=01;31:*.dz=01;31:*.gz=01;31:*.lrz=01;31:*.lz=01;31:*.lzo=01;31:*.xz=01;31:*.zst=01;31:*.tzst=01;31:*.bz2=01;31:*.bz=01;31:*.tbz=01;31:*.tbz2=01;31:*.tz=01;31:*.deb=01;31:*.rpm=01;31:*.jar=01;31:*.war=01;31:*.ear=01;31:*.sar=01;31:*.rar=01;31:*.alz=01;31:*.ace=01;31:*.zoo=01;31:*.cpio=01;31:*.7z=01;31:*.rz=01;31:*.cab=01;31:*.wim=01;31:*.swm=01;31:*.dwm=01;31:*.esd=01;31:*.avif=01;35:*.jpg=01;35:*.jpeg=01;35:*.mjpg=01;35:*.mjpeg=01;35:*.gif=01;35:*.bmp=01;35:*.pbm=01;35:*.pgm=01;35:*.ppm=01;35:*.tga=01;35:*.xbm=01;35:*.xpm=01;35:*.tif=01;35:*.tiff=01;35:*.png=01;35:*.svg=01;35:*.svgz=01;35:*.mng=01;35:*.pcx=01;35:*.mov=01;35:*.mpg=01;35:*.mpeg=01;35:*.m2v=01;35:*.mkv=01;35:*.webm=01;35:*.webp=01;35:*.ogm=01;35:*.mp4=01;35:*.m4v=01;35:*.mp4v=01;35:*.vob=01;35:*.qt=01;35:*.nuv=01;35:*.wmv=01;35:*.asf=01;35:*.rm=01;35:*.rmvb=01;35:*.flc=01;35:*.avi=01;35:*.fli=01;35:*.flv=01;35:*.gl=01;35:*.dl=01;35:*.xcf=01;35:*.xwd=01;35:*.yuv=01;35:*.cgm=01;35:*.emf=01;35:*.ogv=01;35:*.ogx=01;35:*.aac=00;36:*.au=00;36:*.flac=00;36:*.m4a=00;36:*.mid=00;36:*.midi=00;36:*.mka=00;36:*.mp3=00;36:*.mpc=00;36:*.ogg=00;36:*.ra=00;36:*.wav=00;36:*.oga=00;36:*.opus=00;36:*.spx=00;36:*.xspf=00;36:*~=00;90:*#=00;90:*.bak=00;90:*.crdownload=00;90:*.dpkg-dist=00;90:*.dpkg-new=00;90:*.dpkg-old=00;90:*.dpkg-tmp=00;90:*.old=00;90:*.orig=00;90:*.part=00;90:*.rej=00;90:*.rpmnew=00;90:*.rpmorig=00;90:*.rpmsave=00;90:*.swp=00;90:*.tmp=00;90:*.ucf-dist=00;90:*.ucf-new=00;90:*.ucf-old=00;90:', 'ROS_DOMAIN_ID': '12', 'AMENT_PREFIX_PATH': '/opt/ros/jazzy', 'SHELL': '/bin/bash', 'LESSCLOSE': '/usr/bin/lesspipe %s %s', 'ROS_AUTOMATIC_DISCOVERY_RANGE': 'SUBNET', 'PWD': '/home/rpd/Nav2/build/multirobot_map_merge', 'LC_ALL': 'en_US.UTF-8', 'SSH_CONNECTION': '192.168.20.51 43874 192.168.22.22 22', 'XDG_DATA_DIRS': '/usr/local/share:/usr/share:/var/lib/snapd/desktop', 'PYTHONPATH': '/opt/ros/jazzy/lib/python3.12/site-packages:/usr/local/lib:/usr/local/lib/python3/dist-packages:/usr/local/lib/python3.11/site-packages', 'COLCON': '1', 'CMAKE_PREFIX_PATH': '/opt/ros/jazzy/opt/gz_sim_vendor:/opt/ros/jazzy/opt/gz_sensors_vendor:/opt/ros/jazzy/opt/gz_physics_vendor:/opt/ros/jazzy/opt/sdformat_vendor:/opt/ros/jazzy/opt/gz_gui_vendor:/opt/ros/jazzy/opt/gz_transport_vendor:/opt/ros/jazzy/opt/gz_rendering_vendor:/opt/ros/jazzy/opt/gz_plugin_vendor:/opt/ros/jazzy/opt/gz_fuel_tools_vendor:/opt/ros/jazzy/opt/gz_msgs_vendor:/opt/ros/jazzy/opt/gz_common_vendor:/opt/ros/jazzy/opt/gz_math_vendor:/opt/ros/jazzy/opt/gz_utils_vendor:/opt/ros/jazzy/opt/gz_tools_vendor:/opt/ros/jazzy/opt/gz_ogre_next_vendor:/opt/ros/jazzy/opt/gz_dartsim_vendor:/opt/ros/jazzy/opt/gz_cmake_vendor:/opt/ros/jazzy'}), 'shell': False}
[0.099602] (-) TimerEvent: {}
[0.200462] (-) TimerEvent: {}
[0.300917] (-) TimerEvent: {}
[0.401400] (-) TimerEvent: {}
[0.403829] (rplidar_ros) JobProgress: {'identifier': 'rplidar_ros', 'progress': 'cmake'}
[0.405293] (rplidar_ros) Command: {'cmd': ['/usr/bin/cmake', '/home/rpd/Nav2/src/rplidar_ros', '-DCMAKE_INSTALL_PREFIX=/home/rpd/Nav2/install/rplidar_ros'], 'cwd': '/home/rpd/Nav2/build/rplidar_ros', 'env': OrderedDict({'LESSOPEN': '| /usr/bin/lesspipe %s', 'USER': 'rpd', 'SSH_CLIENT': '192.168.20.51 43874 22', 'GZ_CONFIG_PATH': '/opt/ros/jazzy/opt/gz_sim_vendor/share/gz:/opt/ros/jazzy/opt/sdformat_vendor/share/gz:/opt/ros/jazzy/opt/gz_gui_vendor/share/gz:/opt/ros/jazzy/opt/gz_transport_vendor/share/gz:/opt/ros/jazzy/opt/gz_rendering_vendor/share/gz:/opt/ros/jazzy/opt/gz_plugin_vendor/share/gz:/opt/ros/jazzy/opt/gz_fuel_tools_vendor/share/gz:/opt/ros/jazzy/opt/gz_msgs_vendor/share/gz:/opt/ros/jazzy/opt/gz_common_vendor/share/gz', 'XDG_SESSION_TYPE': 'tty', 'SHLVL': '1', 'LD_LIBRARY_PATH': '/opt/ros/jazzy/opt/gz_sim_vendor/lib:/opt/ros/jazzy/opt/gz_sensors_vendor/lib:/opt/ros/jazzy/opt/gz_physics_vendor/lib:/opt/ros/jazzy/opt/sdformat_vendor/lib:/opt/ros/jazzy/opt/rviz_ogre_vendor/lib:/opt/ros/jazzy/lib/aarch64-linux-gnu:/opt/ros/jazzy/opt/gz_gui_vendor/lib:/opt/ros/jazzy/opt/gz_transport_vendor/lib:/opt/ros/jazzy/opt/gz_rendering_vendor/lib:/opt/ros/jazzy/opt/gz_plugin_vendor/lib:/opt/ros/jazzy/opt/gz_fuel_tools_vendor/lib:/opt/ros/jazzy/opt/gz_msgs_vendor/lib:/opt/ros/jazzy/opt/gz_common_vendor/lib:/opt/ros/jazzy/opt/gz_math_vendor/lib:/opt/ros/jazzy/opt/gz_utils_vendor/lib:/opt/ros/jazzy/opt/gz_tools_vendor/lib:/opt/ros/jazzy/opt/gz_ogre_next_vendor/lib:/opt/ros/jazzy/opt/gz_dartsim_vendor/lib:/opt/ros/jazzy/opt/gz_cmake_vendor/lib:/opt/ros/jazzy/lib', 'HOME': '/home/rpd', 'OLDPWD': '/home/rpd/Nav2/src', 'SSH_TTY': '/dev/pts/0', 'ROS_PYTHON_VERSION': '3', 'DBUS_SESSION_BUS_ADDRESS': 'unix:path=/run/user/1000/bus', 'ROS_DISTRO': 'jazzy', 'LOGNAME': 'rpd', '_': '/usr/bin/colcon', 'ROS_VERSION': '2', 'XDG_SESSION_CLASS': 'user', 'TERM': 'xterm-256color', 'XDG_SESSION_ID': '5', 'PATH': '/home/rpd/.local/bin:/home/rpd/.local/bin:/opt/ros/jazzy/opt/gz_msgs_vendor/bin:/opt/ros/jazzy/opt/gz_tools_vendor/bin:/opt/ros/jazzy/opt/gz_ogre_next_vendor/bin:/opt/ros/jazzy/bin:/usr/local/sbin:/usr/local/bin:/usr/sbin:/usr/bin:/sbin:/bin:/usr/games:/usr/local/games:/snap/bin', 'XDG_RUNTIME_DIR': '/run/user/1000', 'DISPLAY': 'localhost:10.0', 'LANG': 'en_US.UTF-8', 'LS_COLORS': 'rs=0:di=01;34:ln=01;36:mh=00:pi=40;33:so=01;35:do=01;35:bd=40;33;01:cd=40;33;01:or=40;31;01:mi=00:su=37;41:sg=30;43:ca=00:tw=30;42:ow=34;42:st=37;44:ex=01;32:*.tar=01;31:*.tgz=01;31:*.arc=01;31:*.arj=01;31:*.taz=01;31:*.lha=01;31:*.lz4=01;31:*.lzh=01;31:*.lzma=01;31:*.tlz=01;31:*.txz=01;31:*.tzo=01;31:*.t7z=01;31:*.zip=01;31:*.z=01;31:*.dz=01;31:*.gz=01;31:*.lrz=01;31:*.lz=01;31:*.lzo=01;31:*.xz=01;31:*.zst=01;31:*.tzst=01;31:*.bz2=01;31:*.bz=01;31:*.tbz=01;31:*.tbz2=01;31:*.tz=01;31:*.deb=01;31:*.rpm=01;31:*.jar=01;31:*.war=01;31:*.ear=01;31:*.sar=01;31:*.rar=01;31:*.alz=01;31:*.ace=01;31:*.zoo=01;31:*.cpio=01;31:*.7z=01;31:*.rz=01;31:*.cab=01;31:*.wim=01;31:*.swm=01;31:*.dwm=01;31:*.esd=01;31:*.avif=01;35:*.jpg=01;35:*.jpeg=01;35:*.mjpg=01;35:*.mjpeg=01;35:*.gif=01;35:*.bmp=01;35:*.pbm=01;35:*.pgm=01;35:*.ppm=01;35:*.tga=01;35:*.xbm=01;35:*.xpm=01;35:*.tif=01;35:*.tiff=01;35:*.png=01;35:*.svg=01;35:*.svgz=01;35:*.mng=01;35:*.pcx=01;35:*.mov=01;35:*.mpg=01;35:*.mpeg=01;35:*.m2v=01;35:*.mkv=01;35:*.webm=01;35:*.webp=01;35:*.ogm=01;35:*.mp4=01;35:*.m4v=01;35:*.mp4v=01;35:*.vob=01;35:*.qt=01;35:*.nuv=01;35:*.wmv=01;35:*.asf=01;35:*.rm=01;35:*.rmvb=01;35:*.flc=01;35:*.avi=01;35:*.fli=01;35:*.flv=01;35:*.gl=01;35:*.dl=01;35:*.xcf=01;35:*.xwd=01;35:*.yuv=01;35:*.cgm=01;35:*.emf=01;35:*.ogv=01;35:*.ogx=01;35:*.aac=00;36:*.au=00;36:*.flac=00;36:*.m4a=00;36:*.mid=00;36:*.midi=00;36:*.mka=00;36:*.mp3=00;36:*.mpc=00;36:*.ogg=00;36:*.ra=00;36:*.wav=00;36:*.oga=00;36:*.opus=00;36:*.spx=00;36:*.xspf=00;36:*~=00;90:*#=00;90:*.bak=00;90:*.crdownload=00;90:*.dpkg-dist=00;90:*.dpkg-new=00;90:*.dpkg-old=00;90:*.dpkg-tmp=00;90:*.old=00;90:*.orig=00;90:*.part=00;90:*.rej=00;90:*.rpmnew=00;90:*.rpmorig=00;90:*.rpmsave=00;90:*.swp=00;90:*.tmp=00;90:*.ucf-dist=00;90:*.ucf-new=00;90:*.ucf-old=00;90:', 'ROS_DOMAIN_ID': '12', 'AMENT_PREFIX_PATH': '/opt/ros/jazzy', 'SHELL': '/bin/bash', 'LESSCLOSE': '/usr/bin/lesspipe %s %s', 'ROS_AUTOMATIC_DISCOVERY_RANGE': 'SUBNET', 'PWD': '/home/rpd/Nav2/build/rplidar_ros', 'LC_ALL': 'en_US.UTF-8', 'SSH_CONNECTION': '192.168.20.51 43874 192.168.22.22 22', 'XDG_DATA_DIRS': '/usr/local/share:/usr/share:/var/lib/snapd/desktop', 'PYTHONPATH': '/opt/ros/jazzy/lib/python3.12/site-packages:/usr/local/lib:/usr/local/lib/python3/dist-packages:/usr/local/lib/python3.11/site-packages', 'COLCON': '1', 'CMAKE_PREFIX_PATH': '/opt/ros/jazzy/opt/gz_sim_vendor:/opt/ros/jazzy/opt/gz_sensors_vendor:/opt/ros/jazzy/opt/gz_physics_vendor:/opt/ros/jazzy/opt/sdformat_vendor:/opt/ros/jazzy/opt/gz_gui_vendor:/opt/ros/jazzy/opt/gz_transport_vendor:/opt/ros/jazzy/opt/gz_rendering_vendor:/opt/ros/jazzy/opt/gz_plugin_vendor:/opt/ros/jazzy/opt/gz_fuel_tools_vendor:/opt/ros/jazzy/opt/gz_msgs_vendor:/opt/ros/jazzy/opt/gz_common_vendor:/opt/ros/jazzy/opt/gz_math_vendor:/opt/ros/jazzy/opt/gz_utils_vendor:/opt/ros/jazzy/opt/gz_tools_vendor:/opt/ros/jazzy/opt/gz_ogre_next_vendor:/opt/ros/jazzy/opt/gz_dartsim_vendor:/opt/ros/jazzy/opt/gz_cmake_vendor:/opt/ros/jazzy'}), 'shell': False}
[0.501588] (-) TimerEvent: {}
[0.602048] (-) TimerEvent: {}
[0.702703] (-) TimerEvent: {}
[0.779621] (multirobot_map_merge) StdoutLine: {'line': b'-- The C compiler identification is GNU 13.3.0\n'}
[0.780042] (rplidar_ros) StdoutLine: {'line': b'-- The C compiler identification is GNU 13.3.0\n'}
[0.780216] (explore_lite_msgs) StdoutLine: {'line': b'-- The C compiler identification is GNU 13.3.0\n'}
[0.802772] (-) TimerEvent: {}
[0.903327] (-) TimerEvent: {}
[1.003714] (-) TimerEvent: {}
[1.104107] (-) TimerEvent: {}
[1.204839] (-) TimerEvent: {}
[1.307049] (-) TimerEvent: {}
[1.331809] (explore_lite_msgs) StdoutLine: {'line': b'-- The CXX compiler identification is GNU 13.3.0\n'}
[1.337014] (multirobot_map_merge) StdoutLine: {'line': b'-- The CXX compiler identification is GNU 13.3.0\n'}
[1.339018] (rplidar_ros) StdoutLine: {'line': b'-- The CXX compiler identification is GNU 13.3.0\n'}
[1.381588] (multirobot_map_merge) StdoutLine: {'line': b'-- Detecting C compiler ABI info\n'}
[1.381898] (explore_lite_msgs) StdoutLine: {'line': b'-- Detecting C compiler ABI info\n'}
[1.382020] (rplidar_ros) StdoutLine: {'line': b'-- Detecting C compiler ABI info\n'}
[1.407115] (-) TimerEvent: {}
[1.507731] (-) TimerEvent: {}
[1.612840] (-) TimerEvent: {}
[1.705271] (rplidar_ros) StdoutLine: {'line': b'-- Detecting C compiler ABI info - done\n'}
[1.707765] (multirobot_map_merge) StdoutLine: {'line': b'-- Detecting C compiler ABI info - done\n'}
[1.708144] (explore_lite_msgs) StdoutLine: {'line': b'-- Detecting C compiler ABI info - done\n'}
[1.712875] (-) TimerEvent: {}
[1.720245] (rplidar_ros) StdoutLine: {'line': b'-- Check for working C compiler: /usr/bin/cc - skipped\n'}
[1.721278] (rplidar_ros) StdoutLine: {'line': b'-- Detecting C compile features\n'}
[1.722228] (multirobot_map_merge) StdoutLine: {'line': b'-- Check for working C compiler: /usr/bin/cc - skipped\n'}
[1.723091] (multirobot_map_merge) StdoutLine: {'line': b'-- Detecting C compile features\n'}
[1.723306] (rplidar_ros) StdoutLine: {'line': b'-- Detecting C compile features - done\n'}
[1.724600] (multirobot_map_merge) StdoutLine: {'line': b'-- Detecting C compile features - done\n'}
[1.724805] (explore_lite_msgs) StdoutLine: {'line': b'-- Check for working C compiler: /usr/bin/cc - skipped\n'}
[1.725307] (explore_lite_msgs) StdoutLine: {'line': b'-- Detecting C compile features\n'}
[1.726278] (explore_lite_msgs) StdoutLine: {'line': b'-- Detecting C compile features - done\n'}
[1.743832] (multirobot_map_merge) StdoutLine: {'line': b'-- Detecting CXX compiler ABI info\n'}
[1.747538] (explore_lite_msgs) StdoutLine: {'line': b'-- Detecting CXX compiler ABI info\n'}
[1.748081] (rplidar_ros) StdoutLine: {'line': b'-- Detecting CXX compiler ABI info\n'}
[1.813028] (-) TimerEvent: {}
[1.913674] (-) TimerEvent: {}
[2.014426] (-) TimerEvent: {}
[2.061700] (rplidar_ros) StdoutLine: {'line': b'-- Detecting CXX compiler ABI info - done\n'}
[2.064882] (explore_lite_msgs) StdoutLine: {'line': b'-- Detecting CXX compiler ABI info - done\n'}
[2.072244] (multirobot_map_merge) StdoutLine: {'line': b'-- Detecting CXX compiler ABI info - done\n'}
[2.077760] (rplidar_ros) StdoutLine: {'line': b'-- Check for working CXX compiler: /usr/bin/c++ - skipped\n'}
[2.078058] (rplidar_ros) StdoutLine: {'line': b'-- Detecting CXX compile features\n'}
[2.078458] (rplidar_ros) StdoutLine: {'line': b'-- Detecting CXX compile features - done\n'}
[2.080786] (explore_lite_msgs) StdoutLine: {'line': b'-- Check for working CXX compiler: /usr/bin/c++ - skipped\n'}
[2.081057] (explore_lite_msgs) StdoutLine: {'line': b'-- Detecting CXX compile features\n'}
[2.082573] (explore_lite_msgs) StdoutLine: {'line': b'-- Detecting CXX compile features - done\n'}
[2.089968] (multirobot_map_merge) StdoutLine: {'line': b'-- Check for working CXX compiler: /usr/bin/c++ - skipped\n'}
[2.090585] (multirobot_map_merge) StdoutLine: {'line': b'-- Detecting CXX compile features\n'}
[2.091410] (multirobot_map_merge) StdoutLine: {'line': b'-- Detecting CXX compile features - done\n'}
[2.107072] (multirobot_map_merge) StdoutLine: {'line': b'-- Found ament_cmake: 2.5.5 (/opt/ros/jazzy/share/ament_cmake/cmake)\n'}
[2.107552] (explore_lite_msgs) StdoutLine: {'line': b'-- Found ament_cmake: 2.5.5 (/opt/ros/jazzy/share/ament_cmake/cmake)\n'}
[2.107791] (rplidar_ros) StdoutLine: {'line': b'-- Found ament_cmake: 2.5.5 (/opt/ros/jazzy/share/ament_cmake/cmake)\n'}
[2.114526] (-) TimerEvent: {}
[2.216358] (-) TimerEvent: {}
[2.319655] (-) TimerEvent: {}
[2.420429] (-) TimerEvent: {}
[2.521214] (-) TimerEvent: {}
[2.594732] (rplidar_ros) StdoutLine: {'line': b'-- Found Python3: /usr/bin/python3 (found version "3.12.3") found components: Interpreter \n'}
[2.613667] (multirobot_map_merge) StdoutLine: {'line': b'-- Found Python3: /usr/bin/python3 (found version "3.12.3") found components: Interpreter \n'}
[2.621438] (-) TimerEvent: {}
[2.635762] (explore_lite_msgs) StdoutLine: {'line': b'-- Found Python3: /usr/bin/python3 (found version "3.12.3") found components: Interpreter \n'}
[2.721591] (-) TimerEvent: {}
[2.825762] (-) TimerEvent: {}
[2.926669] (-) TimerEvent: {}
[3.029019] (-) TimerEvent: {}
[3.047802] (explore_lite_msgs) StdoutLine: {'line': b'-- Found rosidl_default_generators: 1.6.0 (/opt/ros/jazzy/share/rosidl_default_generators/cmake)\n'}
[3.054851] (rplidar_ros) StdoutLine: {'line': b'-- Found rclcpp: 28.1.16 (/opt/ros/jazzy/share/rclcpp/cmake)\n'}
[3.055135] (multirobot_map_merge) StdoutLine: {'line': b'-- Found rclcpp: 28.1.16 (/opt/ros/jazzy/share/rclcpp/cmake)\n'}
[3.070600] (nav2) Command: {'cmd': ['/usr/bin/python3', '-W', 'ignore:setup.py install is deprecated', '-W', 'ignore:easy_install command is deprecated', 'setup.py', 'egg_info', '--egg-base', '../../build/nav2', 'build', '--build-base', '/home/rpd/Nav2/build/nav2/build', 'install', '--record', '/home/rpd/Nav2/build/nav2/install.log', '--single-version-externally-managed', 'install_data'], 'cwd': '/home/rpd/Nav2/src/nav2', 'env': {'LESSOPEN': '| /usr/bin/lesspipe %s', 'USER': 'rpd', 'SSH_CLIENT': '192.168.20.51 43874 22', 'GZ_CONFIG_PATH': '/opt/ros/jazzy/opt/gz_sim_vendor/share/gz:/opt/ros/jazzy/opt/sdformat_vendor/share/gz:/opt/ros/jazzy/opt/gz_gui_vendor/share/gz:/opt/ros/jazzy/opt/gz_transport_vendor/share/gz:/opt/ros/jazzy/opt/gz_rendering_vendor/share/gz:/opt/ros/jazzy/opt/gz_plugin_vendor/share/gz:/opt/ros/jazzy/opt/gz_fuel_tools_vendor/share/gz:/opt/ros/jazzy/opt/gz_msgs_vendor/share/gz:/opt/ros/jazzy/opt/gz_common_vendor/share/gz', 'XDG_SESSION_TYPE': 'tty', 'SHLVL': '1', 'LD_LIBRARY_PATH': '/opt/ros/jazzy/opt/gz_sim_vendor/lib:/opt/ros/jazzy/opt/gz_sensors_vendor/lib:/opt/ros/jazzy/opt/gz_physics_vendor/lib:/opt/ros/jazzy/opt/sdformat_vendor/lib:/opt/ros/jazzy/opt/rviz_ogre_vendor/lib:/opt/ros/jazzy/lib/aarch64-linux-gnu:/opt/ros/jazzy/opt/gz_gui_vendor/lib:/opt/ros/jazzy/opt/gz_transport_vendor/lib:/opt/ros/jazzy/opt/gz_rendering_vendor/lib:/opt/ros/jazzy/opt/gz_plugin_vendor/lib:/opt/ros/jazzy/opt/gz_fuel_tools_vendor/lib:/opt/ros/jazzy/opt/gz_msgs_vendor/lib:/opt/ros/jazzy/opt/gz_common_vendor/lib:/opt/ros/jazzy/opt/gz_math_vendor/lib:/opt/ros/jazzy/opt/gz_utils_vendor/lib:/opt/ros/jazzy/opt/gz_tools_vendor/lib:/opt/ros/jazzy/opt/gz_ogre_next_vendor/lib:/opt/ros/jazzy/opt/gz_dartsim_vendor/lib:/opt/ros/jazzy/opt/gz_cmake_vendor/lib:/opt/ros/jazzy/lib', 'HOME': '/home/rpd', 'OLDPWD': '/home/rpd/Nav2/src', 'SSH_TTY': '/dev/pts/0', 'ROS_PYTHON_VERSION': '3', 'DBUS_SESSION_BUS_ADDRESS': 'unix:path=/run/user/1000/bus', 'ROS_DISTRO': 'jazzy', 'LOGNAME': 'rpd', '_': '/usr/bin/colcon', 'ROS_VERSION': '2', 'XDG_SESSION_CLASS': 'user', 'TERM': 'xterm-256color', 'XDG_SESSION_ID': '5', 'PATH': '/home/rpd/.local/bin:/home/rpd/.local/bin:/opt/ros/jazzy/opt/gz_msgs_vendor/bin:/opt/ros/jazzy/opt/gz_tools_vendor/bin:/opt/ros/jazzy/opt/gz_ogre_next_vendor/bin:/opt/ros/jazzy/bin:/usr/local/sbin:/usr/local/bin:/usr/sbin:/usr/bin:/sbin:/bin:/usr/games:/usr/local/games:/snap/bin', 'XDG_RUNTIME_DIR': '/run/user/1000', 'DISPLAY': 'localhost:10.0', 'LANG': 'en_US.UTF-8', 'LS_COLORS': 'rs=0:di=01;34:ln=01;36:mh=00:pi=40;33:so=01;35:do=01;35:bd=40;33;01:cd=40;33;01:or=40;31;01:mi=00:su=37;41:sg=30;43:ca=00:tw=30;42:ow=34;42:st=37;44:ex=01;32:*.tar=01;31:*.tgz=01;31:*.arc=01;31:*.arj=01;31:*.taz=01;31:*.lha=01;31:*.lz4=01;31:*.lzh=01;31:*.lzma=01;31:*.tlz=01;31:*.txz=01;31:*.tzo=01;31:*.t7z=01;31:*.zip=01;31:*.z=01;31:*.dz=01;31:*.gz=01;31:*.lrz=01;31:*.lz=01;31:*.lzo=01;31:*.xz=01;31:*.zst=01;31:*.tzst=01;31:*.bz2=01;31:*.bz=01;31:*.tbz=01;31:*.tbz2=01;31:*.tz=01;31:*.deb=01;31:*.rpm=01;31:*.jar=01;31:*.war=01;31:*.ear=01;31:*.sar=01;31:*.rar=01;31:*.alz=01;31:*.ace=01;31:*.zoo=01;31:*.cpio=01;31:*.7z=01;31:*.rz=01;31:*.cab=01;31:*.wim=01;31:*.swm=01;31:*.dwm=01;31:*.esd=01;31:*.avif=01;35:*.jpg=01;35:*.jpeg=01;35:*.mjpg=01;35:*.mjpeg=01;35:*.gif=01;35:*.bmp=01;35:*.pbm=01;35:*.pgm=01;35:*.ppm=01;35:*.tga=01;35:*.xbm=01;35:*.xpm=01;35:*.tif=01;35:*.tiff=01;35:*.png=01;35:*.svg=01;35:*.svgz=01;35:*.mng=01;35:*.pcx=01;35:*.mov=01;35:*.mpg=01;35:*.mpeg=01;35:*.m2v=01;35:*.mkv=01;35:*.webm=01;35:*.webp=01;35:*.ogm=01;35:*.mp4=01;35:*.m4v=01;35:*.mp4v=01;35:*.vob=01;35:*.qt=01;35:*.nuv=01;35:*.wmv=01;35:*.asf=01;35:*.rm=01;35:*.rmvb=01;35:*.flc=01;35:*.avi=01;35:*.fli=01;35:*.flv=01;35:*.gl=01;35:*.dl=01;35:*.xcf=01;35:*.xwd=01;35:*.yuv=01;35:*.cgm=01;35:*.emf=01;35:*.ogv=01;35:*.ogx=01;35:*.aac=00;36:*.au=00;36:*.flac=00;36:*.m4a=00;36:*.mid=00;36:*.midi=00;36:*.mka=00;36:*.mp3=00;36:*.mpc=00;36:*.ogg=00;36:*.ra=00;36:*.wav=00;36:*.oga=00;36:*.opus=00;36:*.spx=00;36:*.xspf=00;36:*~=00;90:*#=00;90:*.bak=00;90:*.crdownload=00;90:*.dpkg-dist=00;90:*.dpkg-new=00;90:*.dpkg-old=00;90:*.dpkg-tmp=00;90:*.old=00;90:*.orig=00;90:*.part=00;90:*.rej=00;90:*.rpmnew=00;90:*.rpmorig=00;90:*.rpmsave=00;90:*.swp=00;90:*.tmp=00;90:*.ucf-dist=00;90:*.ucf-new=00;90:*.ucf-old=00;90:', 'ROS_DOMAIN_ID': '12', 'AMENT_PREFIX_PATH': '/opt/ros/jazzy', 'SHELL': '/bin/bash', 'LESSCLOSE': '/usr/bin/lesspipe %s %s', 'ROS_AUTOMATIC_DISCOVERY_RANGE': 'SUBNET', 'PWD': '/home/rpd/Nav2/build/nav2', 'LC_ALL': 'en_US.UTF-8', 'SSH_CONNECTION': '192.168.20.51 43874 192.168.22.22 22', 'XDG_DATA_DIRS': '/usr/local/share:/usr/share:/var/lib/snapd/desktop', 'PYTHONPATH': '/home/rpd/Nav2/build/nav2/prefix_override:/usr/lib/python3/dist-packages/colcon_core/task/python/colcon_distutils_commands:/home/rpd/Nav2/install/nav2/lib/python3.12/site-packages:/opt/ros/jazzy/lib/python3.12/site-packages:/usr/local/lib:/usr/local/lib/python3/dist-packages:/usr/local/lib/python3.11/site-packages', 'COLCON': '1', 'CMAKE_PREFIX_PATH': '/opt/ros/jazzy/opt/gz_sim_vendor:/opt/ros/jazzy/opt/gz_sensors_vendor:/opt/ros/jazzy/opt/gz_physics_vendor:/opt/ros/jazzy/opt/sdformat_vendor:/opt/ros/jazzy/opt/gz_gui_vendor:/opt/ros/jazzy/opt/gz_transport_vendor:/opt/ros/jazzy/opt/gz_rendering_vendor:/opt/ros/jazzy/opt/gz_plugin_vendor:/opt/ros/jazzy/opt/gz_fuel_tools_vendor:/opt/ros/jazzy/opt/gz_msgs_vendor:/opt/ros/jazzy/opt/gz_common_vendor:/opt/ros/jazzy/opt/gz_math_vendor:/opt/ros/jazzy/opt/gz_utils_vendor:/opt/ros/jazzy/opt/gz_tools_vendor:/opt/ros/jazzy/opt/gz_ogre_next_vendor:/opt/ros/jazzy/opt/gz_dartsim_vendor:/opt/ros/jazzy/opt/gz_cmake_vendor'}, 'shell': False}
[3.072978] (explore_lite_msgs) StdoutLine: {'line': b'-- Using all available rosidl_typesupport_c: rosidl_typesupport_fastrtps_c;rosidl_typesupport_introspection_c\n'}
[3.129162] (-) TimerEvent: {}
[3.195484] (rplidar_ros) StdoutLine: {'line': b'-- Found rosidl_generator_c: 4.6.7 (/opt/ros/jazzy/share/rosidl_generator_c/cmake)\n'}
[3.196213] (multirobot_map_merge) StdoutLine: {'line': b'-- Found rosidl_generator_c: 4.6.7 (/opt/ros/jazzy/share/rosidl_generator_c/cmake)\n'}
[3.229261] (-) TimerEvent: {}
[3.234371] (multirobot_map_merge) StdoutLine: {'line': b'-- Found rosidl_generator_cpp: 4.6.7 (/opt/ros/jazzy/share/rosidl_generator_cpp/cmake)\n'}
[3.234765] (rplidar_ros) StdoutLine: {'line': b'-- Found rosidl_generator_cpp: 4.6.7 (/opt/ros/jazzy/share/rosidl_generator_cpp/cmake)\n'}
[3.236761] (explore_lite_msgs) StdoutLine: {'line': b'-- Using all available rosidl_typesupport_cpp: rosidl_typesupport_fastrtps_cpp;rosidl_typesupport_introspection_cpp\n'}
[3.290668] (rplidar_ros) StdoutLine: {'line': b'-- Using all available rosidl_typesupport_c: rosidl_typesupport_fastrtps_c;rosidl_typesupport_introspection_c\n'}
[3.290937] (multirobot_map_merge) StdoutLine: {'line': b'-- Using all available rosidl_typesupport_c: rosidl_typesupport_fastrtps_c;rosidl_typesupport_introspection_c\n'}
[3.327700] (rplidar_ros) StdoutLine: {'line': b'-- Using all available rosidl_typesupport_cpp: rosidl_typesupport_fastrtps_cpp;rosidl_typesupport_introspection_cpp\n'}
[3.328143] (multirobot_map_merge) StdoutLine: {'line': b'-- Using all available rosidl_typesupport_cpp: rosidl_typesupport_fastrtps_cpp;rosidl_typesupport_introspection_cpp\n'}
[3.329363] (-) TimerEvent: {}
[3.353615] (explore_lite_msgs) StdoutLine: {'line': b'-- Found rosidl_adapter: 4.6.7 (/opt/ros/jazzy/share/rosidl_adapter/cmake)\n'}
[3.429522] (-) TimerEvent: {}
[3.530260] (-) TimerEvent: {}
[3.556172] (multirobot_map_merge) StdoutLine: {'line': b'-- Found rmw_implementation_cmake: 7.3.3 (/opt/ros/jazzy/share/rmw_implementation_cmake/cmake)\n'}
[3.556897] (rplidar_ros) StdoutLine: {'line': b'-- Found rmw_implementation_cmake: 7.3.3 (/opt/ros/jazzy/share/rmw_implementation_cmake/cmake)\n'}
[3.558029] (nav2) StdoutLine: {'line': b'running egg_info\n'}
[3.558558] (nav2) StdoutLine: {'line': b'creating ../../build/nav2/nav2.egg-info\n'}
[3.569825] (multirobot_map_merge) StdoutLine: {'line': b'-- Found rmw_fastrtps_cpp: 8.4.3 (/opt/ros/jazzy/share/rmw_fastrtps_cpp/cmake)\n'}
[3.572026] (rplidar_ros) StdoutLine: {'line': b'-- Found rmw_fastrtps_cpp: 8.4.3 (/opt/ros/jazzy/share/rmw_fastrtps_cpp/cmake)\n'}
[3.590377] (nav2) StdoutLine: {'line': b'writing ../../build/nav2/nav2.egg-info/PKG-INFO\n'}
[3.591272] (nav2) StdoutLine: {'line': b'writing dependency_links to ../../build/nav2/nav2.egg-info/dependency_links.txt\n'}
[3.591611] (nav2) StdoutLine: {'line': b'writing entry points to ../../build/nav2/nav2.egg-info/entry_points.txt\n'}
[3.591847] (nav2) StdoutLine: {'line': b'writing requirements to ../../build/nav2/nav2.egg-info/requires.txt\n'}
[3.592014] (nav2) StdoutLine: {'line': b'writing top-level names to ../../build/nav2/nav2.egg-info/top_level.txt\n'}
[3.593574] (nav2) StdoutLine: {'line': b"writing manifest file '../../build/nav2/nav2.egg-info/SOURCES.txt'\n"}
[3.630392] (-) TimerEvent: {}
[3.667716] (nav2) StdoutLine: {'line': b"reading manifest file '../../build/nav2/nav2.egg-info/SOURCES.txt'\n"}
[3.669264] (nav2) StdoutLine: {'line': b"writing manifest file '../../build/nav2/nav2.egg-info/SOURCES.txt'\n"}
[3.669715] (nav2) StdoutLine: {'line': b'running build\n'}
[3.669870] (nav2) StdoutLine: {'line': b'running build_py\n'}
[3.670054] (nav2) StdoutLine: {'line': b'creating /home/rpd/Nav2/build/nav2/build\n'}
[3.670644] (nav2) StdoutLine: {'line': b'creating /home/rpd/Nav2/build/nav2/build/lib\n'}
[3.670821] (nav2) StdoutLine: {'line': b'creating /home/rpd/Nav2/build/nav2/build/lib/nav2\n'}
[3.670905] (nav2) StdoutLine: {'line': b'copying nav2/laser.py -> /home/rpd/Nav2/build/nav2/build/lib/nav2\n'}
[3.674795] (nav2) StdoutLine: {'line': b'copying nav2/atob.py -> /home/rpd/Nav2/build/nav2/build/lib/nav2\n'}
[3.676242] (nav2) StdoutLine: {'line': b'copying nav2/odom.py -> /home/rpd/Nav2/build/nav2/build/lib/nav2\n'}
[3.676757] (nav2) StdoutLine: {'line': b'copying nav2/odompy.py -> /home/rpd/Nav2/build/nav2/build/lib/nav2\n'}
[3.677439] (nav2) StdoutLine: {'line': b'copying nav2/__init__.py -> /home/rpd/Nav2/build/nav2/build/lib/nav2\n'}
[3.678016] (nav2) StdoutLine: {'line': b'running install\n'}
[3.692577] (nav2) StdoutLine: {'line': b'running install_lib\n'}
[3.724742] (nav2) StdoutLine: {'line': b'creating /home/rpd/Nav2/install/nav2/lib/python3.12/site-packages/nav2\n'}
[3.725295] (nav2) StdoutLine: {'line': b'copying /home/rpd/Nav2/build/nav2/build/lib/nav2/laser.py -> /home/rpd/Nav2/install/nav2/lib/python3.12/site-packages/nav2\n'}
[3.726030] (nav2) StdoutLine: {'line': b'copying /home/rpd/Nav2/build/nav2/build/lib/nav2/atob.py -> /home/rpd/Nav2/install/nav2/lib/python3.12/site-packages/nav2\n'}
[3.726696] (nav2) StdoutLine: {'line': b'copying /home/rpd/Nav2/build/nav2/build/lib/nav2/odom.py -> /home/rpd/Nav2/install/nav2/lib/python3.12/site-packages/nav2\n'}
[3.726808] (nav2) StdoutLine: {'line': b'copying /home/rpd/Nav2/build/nav2/build/lib/nav2/odompy.py -> /home/rpd/Nav2/install/nav2/lib/python3.12/site-packages/nav2\n'}
[3.726911] (nav2) StdoutLine: {'line': b'copying /home/rpd/Nav2/build/nav2/build/lib/nav2/__init__.py -> /home/rpd/Nav2/install/nav2/lib/python3.12/site-packages/nav2\n'}
[3.727364] (nav2) StdoutLine: {'line': b'byte-compiling /home/rpd/Nav2/install/nav2/lib/python3.12/site-packages/nav2/laser.py to laser.cpython-312.pyc\n'}
[3.731012] (-) TimerEvent: {}
[3.731608] (nav2) StdoutLine: {'line': b'byte-compiling /home/rpd/Nav2/install/nav2/lib/python3.12/site-packages/nav2/atob.py to atob.cpython-312.pyc\n'}
[3.732016] (nav2) StdoutLine: {'line': b'byte-compiling /home/rpd/Nav2/install/nav2/lib/python3.12/site-packages/nav2/odom.py to odom.cpython-312.pyc\n'}
[3.734868] (nav2) StdoutLine: {'line': b'byte-compiling /home/rpd/Nav2/install/nav2/lib/python3.12/site-packages/nav2/odompy.py to odompy.cpython-312.pyc\n'}
[3.739198] (nav2) StdoutLine: {'line': b'byte-compiling /home/rpd/Nav2/install/nav2/lib/python3.12/site-packages/nav2/__init__.py to __init__.cpython-312.pyc\n'}
[3.740286] (nav2) StdoutLine: {'line': b'running install_data\n'}
[3.740602] (nav2) StdoutLine: {'line': b'creating /home/rpd/Nav2/install/nav2/share/ament_index\n'}
[3.740848] (nav2) StdoutLine: {'line': b'creating /home/rpd/Nav2/install/nav2/share/ament_index/resource_index\n'}
[3.741053] (nav2) StdoutLine: {'line': b'creating /home/rpd/Nav2/install/nav2/share/ament_index/resource_index/packages\n'}
[3.741180] (nav2) StdoutLine: {'line': b'copying resource/nav2 -> /home/rpd/Nav2/install/nav2/share/ament_index/resource_index/packages\n'}
[3.741335] (nav2) StdoutLine: {'line': b'copying package.xml -> /home/rpd/Nav2/install/nav2/share/nav2\n'}
[3.741515] (nav2) StdoutLine: {'line': b'creating /home/rpd/Nav2/install/nav2/share/nav2/launch\n'}
[3.741709] (nav2) StdoutLine: {'line': b'copying nav2/launch/lidar_nav2.py -> /home/rpd/Nav2/install/nav2/share/nav2/launch\n'}
[3.741861] (nav2) StdoutLine: {'line': b'copying nav2/launch/slam.py -> /home/rpd/Nav2/install/nav2/share/nav2/launch\n'}
[3.742008] (nav2) StdoutLine: {'line': b'copying nav2/launch/nav2.py -> /home/rpd/Nav2/install/nav2/share/nav2/launch\n'}
[3.742184] (nav2) StdoutLine: {'line': b'running install_egg_info\n'}
[3.789261] (nav2) StdoutLine: {'line': b'Copying ../../build/nav2/nav2.egg-info to /home/rpd/Nav2/install/nav2/lib/python3.12/site-packages/nav2-0.0.0-py3.12.egg-info\n'}
[3.789900] (nav2) StdoutLine: {'line': b'running install_scripts\n'}
[3.831191] (-) TimerEvent: {}
[3.871829] (rplidar_ros) StdoutLine: {'line': b'-- Found OpenSSL: /usr/lib/aarch64-linux-gnu/libcrypto.so (found version "3.0.13")  \n'}
[3.872224] (multirobot_map_merge) StdoutLine: {'line': b'-- Found OpenSSL: /usr/lib/aarch64-linux-gnu/libcrypto.so (found version "3.0.13")  \n'}
[3.917898] (rplidar_ros) StdoutLine: {'line': b'-- Found FastRTPS: /opt/ros/jazzy/include (Required is at least version "2.13") \n'}
[3.918278] (multirobot_map_merge) StdoutLine: {'line': b'-- Found FastRTPS: /opt/ros/jazzy/include (Required is at least version "2.13") \n'}
[3.933600] (-) TimerEvent: {}
[3.972644] (multirobot_map_merge) StdoutLine: {'line': b"-- Using RMW implementation 'rmw_fastrtps_cpp' as default\n"}
[3.972943] (rplidar_ros) StdoutLine: {'line': b"-- Using RMW implementation 'rmw_fastrtps_cpp' as default\n"}
[4.033731] (-) TimerEvent: {}
[4.086842] (nav2) StdoutLine: {'line': b'Installing laser_node script to /home/rpd/Nav2/install/nav2/lib/nav2\n'}
[4.135082] (-) TimerEvent: {}
[4.229717] (nav2) StdoutLine: {'line': b'Installing odom script to /home/rpd/Nav2/install/nav2/lib/nav2\n'}
[4.230228] (nav2) StdoutLine: {'line': b"writing list of installed files to '/home/rpd/Nav2/build/nav2/install.log'\n"}
[4.235255] (-) TimerEvent: {}
[4.336256] (-) TimerEvent: {}
[4.409451] (nav2) CommandEnded: {'returncode': 0}
[4.416381] (rplidar_ros) StdoutLine: {'line': b'-- Found sensor_msgs: 5.3.6 (/opt/ros/jazzy/share/sensor_msgs/cmake)\n'}
[4.417768] (multirobot_map_merge) StdoutLine: {'line': b'-- Found geometry_msgs: 5.3.6 (/opt/ros/jazzy/share/geometry_msgs/cmake)\n'}
[4.437874] (-) TimerEvent: {}
[4.451188] (nav2) JobEnded: {'identifier': 'nav2', 'rc': 0}
[4.514996] (multirobot_map_merge) StdoutLine: {'line': b'-- Found image_geometry: 4.1.0 (/opt/ros/jazzy/share/image_geometry/cmake)\n'}
[4.537988] (-) TimerEvent: {}
[4.568582] (rplidar_ros) StdoutLine: {'line': b'-- Found std_srvs: 5.3.6 (/opt/ros/jazzy/share/std_srvs/cmake)\n'}
[4.606088] (multirobot_map_merge) StdoutLine: {'line': b'-- Found map_msgs: 2.4.1 (/opt/ros/jazzy/share/map_msgs/cmake)\n'}
[4.638236] (-) TimerEvent: {}
[4.738885] (-) TimerEvent: {}
[4.770885] (multirobot_map_merge) StdoutLine: {'line': b'-- Found tf2_geometry_msgs: 0.36.19 (/opt/ros/jazzy/share/tf2_geometry_msgs/cmake)\n'}
[4.828203] (multirobot_map_merge) StdoutLine: {'line': b'-- Found eigen3_cmake_module: 0.3.0 (/opt/ros/jazzy/share/eigen3_cmake_module/cmake)\n'}
[4.831659] (multirobot_map_merge) StdoutLine: {'line': b'-- Found Eigen3: TRUE (found version "3.4.0") \n'}
[4.832543] (multirobot_map_merge) StdoutLine: {'line': b'-- Ensuring Eigen3 include directory is part of orocos-kdl CMake target\n'}
[4.839076] (-) TimerEvent: {}
[4.882745] (rplidar_ros) StdoutLine: {'line': b'-- Configuring done (4.5s)\n'}
[4.900946] (explore_lite_msgs) StdoutLine: {'line': b'-- Found ament_cmake_ros: 0.12.0 (/opt/ros/jazzy/share/ament_cmake_ros/cmake)\n'}
[4.919978] (rplidar_ros) StdoutLine: {'line': b'-- Generating done (0.0s)\n'}
[4.935112] (rplidar_ros) StdoutLine: {'line': b'-- Build files have been written to: /home/rpd/Nav2/build/rplidar_ros\n'}
[4.939205] (-) TimerEvent: {}
[4.967356] (rplidar_ros) CommandEnded: {'returncode': 0}
[4.968314] (rplidar_ros) JobProgress: {'identifier': 'rplidar_ros', 'progress': 'build'}
[4.970341] (rplidar_ros) Command: {'cmd': ['/usr/bin/cmake', '--build', '/home/rpd/Nav2/build/rplidar_ros', '--', '-j4', '-l4'], 'cwd': '/home/rpd/Nav2/build/rplidar_ros', 'env': OrderedDict({'LESSOPEN': '| /usr/bin/lesspipe %s', 'USER': 'rpd', 'SSH_CLIENT': '192.168.20.51 43874 22', 'GZ_CONFIG_PATH': '/opt/ros/jazzy/opt/gz_sim_vendor/share/gz:/opt/ros/jazzy/opt/sdformat_vendor/share/gz:/opt/ros/jazzy/opt/gz_gui_vendor/share/gz:/opt/ros/jazzy/opt/gz_transport_vendor/share/gz:/opt/ros/jazzy/opt/gz_rendering_vendor/share/gz:/opt/ros/jazzy/opt/gz_plugin_vendor/share/gz:/opt/ros/jazzy/opt/gz_fuel_tools_vendor/share/gz:/opt/ros/jazzy/opt/gz_msgs_vendor/share/gz:/opt/ros/jazzy/opt/gz_common_vendor/share/gz', 'XDG_SESSION_TYPE': 'tty', 'SHLVL': '1', 'LD_LIBRARY_PATH': '/opt/ros/jazzy/opt/gz_sim_vendor/lib:/opt/ros/jazzy/opt/gz_sensors_vendor/lib:/opt/ros/jazzy/opt/gz_physics_vendor/lib:/opt/ros/jazzy/opt/sdformat_vendor/lib:/opt/ros/jazzy/opt/rviz_ogre_vendor/lib:/opt/ros/jazzy/lib/aarch64-linux-gnu:/opt/ros/jazzy/opt/gz_gui_vendor/lib:/opt/ros/jazzy/opt/gz_transport_vendor/lib:/opt/ros/jazzy/opt/gz_rendering_vendor/lib:/opt/ros/jazzy/opt/gz_plugin_vendor/lib:/opt/ros/jazzy/opt/gz_fuel_tools_vendor/lib:/opt/ros/jazzy/opt/gz_msgs_vendor/lib:/opt/ros/jazzy/opt/gz_common_vendor/lib:/opt/ros/jazzy/opt/gz_math_vendor/lib:/opt/ros/jazzy/opt/gz_utils_vendor/lib:/opt/ros/jazzy/opt/gz_tools_vendor/lib:/opt/ros/jazzy/opt/gz_ogre_next_vendor/lib:/opt/ros/jazzy/opt/gz_dartsim_vendor/lib:/opt/ros/jazzy/opt/gz_cmake_vendor/lib:/opt/ros/jazzy/lib', 'HOME': '/home/rpd', 'OLDPWD': '/home/rpd/Nav2/src', 'SSH_TTY': '/dev/pts/0', 'ROS_PYTHON_VERSION': '3', 'DBUS_SESSION_BUS_ADDRESS': 'unix:path=/run/user/1000/bus', 'ROS_DISTRO': 'jazzy', 'LOGNAME': 'rpd', '_': '/usr/bin/colcon', 'ROS_VERSION': '2', 'XDG_SESSION_CLASS': 'user', 'TERM': 'xterm-256color', 'XDG_SESSION_ID': '5', 'PATH': '/home/rpd/.local/bin:/home/rpd/.local/bin:/opt/ros/jazzy/opt/gz_msgs_vendor/bin:/opt/ros/jazzy/opt/gz_tools_vendor/bin:/opt/ros/jazzy/opt/gz_ogre_next_vendor/bin:/opt/ros/jazzy/bin:/usr/local/sbin:/usr/local/bin:/usr/sbin:/usr/bin:/sbin:/bin:/usr/games:/usr/local/games:/snap/bin', 'XDG_RUNTIME_DIR': '/run/user/1000', 'DISPLAY': 'localhost:10.0', 'LANG': 'en_US.UTF-8', 'LS_COLORS': 'rs=0:di=01;34:ln=01;36:mh=00:pi=40;33:so=01;35:do=01;35:bd=40;33;01:cd=40;33;01:or=40;31;01:mi=00:su=37;41:sg=30;43:ca=00:tw=30;42:ow=34;42:st=37;44:ex=01;32:*.tar=01;31:*.tgz=01;31:*.arc=01;31:*.arj=01;31:*.taz=01;31:*.lha=01;31:*.lz4=01;31:*.lzh=01;31:*.lzma=01;31:*.tlz=01;31:*.txz=01;31:*.tzo=01;31:*.t7z=01;31:*.zip=01;31:*.z=01;31:*.dz=01;31:*.gz=01;31:*.lrz=01;31:*.lz=01;31:*.lzo=01;31:*.xz=01;31:*.zst=01;31:*.tzst=01;31:*.bz2=01;31:*.bz=01;31:*.tbz=01;31:*.tbz2=01;31:*.tz=01;31:*.deb=01;31:*.rpm=01;31:*.jar=01;31:*.war=01;31:*.ear=01;31:*.sar=01;31:*.rar=01;31:*.alz=01;31:*.ace=01;31:*.zoo=01;31:*.cpio=01;31:*.7z=01;31:*.rz=01;31:*.cab=01;31:*.wim=01;31:*.swm=01;31:*.dwm=01;31:*.esd=01;31:*.avif=01;35:*.jpg=01;35:*.jpeg=01;35:*.mjpg=01;35:*.mjpeg=01;35:*.gif=01;35:*.bmp=01;35:*.pbm=01;35:*.pgm=01;35:*.ppm=01;35:*.tga=01;35:*.xbm=01;35:*.xpm=01;35:*.tif=01;35:*.tiff=01;35:*.png=01;35:*.svg=01;35:*.svgz=01;35:*.mng=01;35:*.pcx=01;35:*.mov=01;35:*.mpg=01;35:*.mpeg=01;35:*.m2v=01;35:*.mkv=01;35:*.webm=01;35:*.webp=01;35:*.ogm=01;35:*.mp4=01;35:*.m4v=01;35:*.mp4v=01;35:*.vob=01;35:*.qt=01;35:*.nuv=01;35:*.wmv=01;35:*.asf=01;35:*.rm=01;35:*.rmvb=01;35:*.flc=01;35:*.avi=01;35:*.fli=01;35:*.flv=01;35:*.gl=01;35:*.dl=01;35:*.xcf=01;35:*.xwd=01;35:*.yuv=01;35:*.cgm=01;35:*.emf=01;35:*.ogv=01;35:*.ogx=01;35:*.aac=00;36:*.au=00;36:*.flac=00;36:*.m4a=00;36:*.mid=00;36:*.midi=00;36:*.mka=00;36:*.mp3=00;36:*.mpc=00;36:*.ogg=00;36:*.ra=00;36:*.wav=00;36:*.oga=00;36:*.opus=00;36:*.spx=00;36:*.xspf=00;36:*~=00;90:*#=00;90:*.bak=00;90:*.crdownload=00;90:*.dpkg-dist=00;90:*.dpkg-new=00;90:*.dpkg-old=00;90:*.dpkg-tmp=00;90:*.old=00;90:*.orig=00;90:*.part=00;90:*.rej=00;90:*.rpmnew=00;90:*.rpmorig=00;90:*.rpmsave=00;90:*.swp=00;90:*.tmp=00;90:*.ucf-dist=00;90:*.ucf-new=00;90:*.ucf-old=00;90:', 'ROS_DOMAIN_ID': '12', 'AMENT_PREFIX_PATH': '/opt/ros/jazzy', 'SHELL': '/bin/bash', 'LESSCLOSE': '/usr/bin/lesspipe %s %s', 'ROS_AUTOMATIC_DISCOVERY_RANGE': 'SUBNET', 'PWD': '/home/rpd/Nav2/build/rplidar_ros', 'LC_ALL': 'en_US.UTF-8', 'SSH_CONNECTION': '192.168.20.51 43874 192.168.22.22 22', 'XDG_DATA_DIRS': '/usr/local/share:/usr/share:/var/lib/snapd/desktop', 'PYTHONPATH': '/opt/ros/jazzy/lib/python3.12/site-packages:/usr/local/lib:/usr/local/lib/python3/dist-packages:/usr/local/lib/python3.11/site-packages', 'COLCON': '1', 'CMAKE_PREFIX_PATH': '/opt/ros/jazzy/opt/gz_sim_vendor:/opt/ros/jazzy/opt/gz_sensors_vendor:/opt/ros/jazzy/opt/gz_physics_vendor:/opt/ros/jazzy/opt/sdformat_vendor:/opt/ros/jazzy/opt/gz_gui_vendor:/opt/ros/jazzy/opt/gz_transport_vendor:/opt/ros/jazzy/opt/gz_rendering_vendor:/opt/ros/jazzy/opt/gz_plugin_vendor:/opt/ros/jazzy/opt/gz_fuel_tools_vendor:/opt/ros/jazzy/opt/gz_msgs_vendor:/opt/ros/jazzy/opt/gz_common_vendor:/opt/ros/jazzy/opt/gz_math_vendor:/opt/ros/jazzy/opt/gz_utils_vendor:/opt/ros/jazzy/opt/gz_tools_vendor:/opt/ros/jazzy/opt/gz_ogre_next_vendor:/opt/ros/jazzy/opt/gz_dartsim_vendor:/opt/ros/jazzy/opt/gz_cmake_vendor:/opt/ros/jazzy'}), 'shell': False}
[5.039443] (-) TimerEvent: {}
[5.123794] (rplidar_ros) StdoutLine: {'line': b'[  2%] \x1b[32mBuilding CXX object CMakeFiles/rplidar_client.dir/src/rplidar_client.cpp.o\x1b[0m\n'}
[5.138661] (rplidar_ros) StdoutLine: {'line': b'[  7%] \x1b[32mBuilding CXX object CMakeFiles/rplidar_composition.dir/sdk/src/arch/linux/net_serial.cpp.o\x1b[0m\n'}
[5.140710] (rplidar_ros) StdoutLine: {'line': b'[  7%] \x1b[32mBuilding CXX object CMakeFiles/rplidar_composition.dir/src/rplidar_node.cpp.o\x1b[0m\n'}
[5.141029] (-) TimerEvent: {}
[5.143670] (rplidar_ros) StdoutLine: {'line': b'[ 10%] \x1b[32mBuilding CXX object CMakeFiles/rplidar_node.dir/src/rplidar_node.cpp.o\x1b[0m\n'}
[5.245625] (-) TimerEvent: {}
[5.346357] (-) TimerEvent: {}
[5.447092] (-) TimerEvent: {}
[5.550690] (-) TimerEvent: {}
[5.651684] (-) TimerEvent: {}
[5.756740] (-) TimerEvent: {}
[5.757802] (multirobot_map_merge) StdoutLine: {'line': b'-- Found Boost: /usr/lib/aarch64-linux-gnu/cmake/Boost-1.83.0/BoostConfig.cmake (found version "1.83.0") found components: thread \n'}
[5.774755] (multirobot_map_merge) StdoutLine: {'line': b'-- Found OpenCV: /usr (found version "4.6.0") \n'}
[5.812719] (multirobot_map_merge) StdoutLine: {'line': b'-- Found ament_lint_auto: 0.17.4 (/opt/ros/jazzy/share/ament_lint_auto/cmake)\n'}
[5.856871] (-) TimerEvent: {}
[5.958795] (-) TimerEvent: {}
[6.059568] (-) TimerEvent: {}
[6.126810] (explore_lite_msgs) StdoutLine: {'line': b'-- Using all available rosidl_typesupport_c: rosidl_typesupport_fastrtps_c;rosidl_typesupport_introspection_c\n'}
[6.161291] (-) TimerEvent: {}
[6.262650] (-) TimerEvent: {}
[6.310572] (multirobot_map_merge) StdoutLine: {'line': b'-- Found ament_cmake_gtest: 2.5.5 (/opt/ros/jazzy/share/ament_cmake_gtest/cmake)\n'}
[6.354122] (multirobot_map_merge) StderrLine: {'line': b'--2026-04-15 11:10:09--  https://raw.githubusercontent.com/hrnr/m-explore-extra/master/map_merge/hector_maps/map00.pgm\n'}
[6.364712] (-) TimerEvent: {}
[6.465781] (-) TimerEvent: {}
[6.490536] (multirobot_map_merge) StderrLine: {'line': b'Resolving raw.githubusercontent.com (raw.githubusercontent.com)... 185.199.110.133, 185.199.109.133, 185.199.111.133, ...\n'}
[6.519401] (multirobot_map_merge) StderrLine: {'line': b'Connecting to raw.githubusercontent.com (raw.githubusercontent.com)|185.199.110.133|:443... connected.\n'}
[6.565946] (-) TimerEvent: {}
[6.634106] (rplidar_ros) StderrLine: {'line': b'\x1b[01m\x1b[K/home/rpd/Nav2/src/rplidar_ros/sdk/src/arch/linux/net_serial.cpp:\x1b[m\x1b[K In member function \xe2\x80\x98\x1b[01m\x1b[Kbool rp::arch::net::raw_serial::\x1b[01;32m\x1b[Kopen\x1b[m\x1b[K(const char*, uint32_t, uint32_t)\x1b[m\x1b[K\xe2\x80\x99:\n'}
[6.634597] (rplidar_ros) StderrLine: {'line': b'\x1b[01m\x1b[K/home/rpd/Nav2/src/rplidar_ros/sdk/src/arch/linux/net_serial.cpp:97:74:\x1b[m\x1b[K \x1b[01;35m\x1b[Kwarning: \x1b[m\x1b[Kunused parameter \xe2\x80\x98\x1b[01m\x1b[Kflags\x1b[m\x1b[K\xe2\x80\x99 [\x1b[01;35m\x1b[K\x1b]8;;https://gcc.gnu.org/onlinedocs/gcc/Warning-Options.html#index-Wunused-parameter\x07-Wunused-parameter\x1b]8;;\x07\x1b[m\x1b[K]\n'}
[6.635294] (rplidar_ros) StderrLine: {'line': b'   97 | bool raw_serial::open(const char * portname, uint32_t baudrate, \x1b[01;35m\x1b[Kuint32_t flags\x1b[m\x1b[K)\n'}
[6.635872] (rplidar_ros) StderrLine: {'line': b'      |                                                                 \x1b[01;35m\x1b[K~~~~~~~~~^~~~~\x1b[m\x1b[K\n'}
[6.636229] (rplidar_ros) StderrLine: {'line': b'\x1b[01m\x1b[K/home/rpd/Nav2/src/rplidar_ros/sdk/src/arch/linux/net_serial.cpp:\x1b[m\x1b[K In member function \xe2\x80\x98\x1b[01m\x1b[Kvirtual void rp::arch::net::raw_serial::\x1b[01;32m\x1b[Kflush\x1b[m\x1b[K(_u32)\x1b[m\x1b[K\xe2\x80\x99:\n'}
[6.636377] (rplidar_ros) StderrLine: {'line': b'\x1b[01m\x1b[K/home/rpd/Nav2/src/rplidar_ros/sdk/src/arch/linux/net_serial.cpp:281:30:\x1b[m\x1b[K \x1b[01;35m\x1b[Kwarning: \x1b[m\x1b[Kunused parameter \xe2\x80\x98\x1b[01m\x1b[Kflags\x1b[m\x1b[K\xe2\x80\x99 [\x1b[01;35m\x1b[K\x1b]8;;https://gcc.gnu.org/onlinedocs/gcc/Warning-Options.html#index-Wunused-parameter\x07-Wunused-parameter\x1b]8;;\x07\x1b[m\x1b[K]\n'}
[6.636536] (rplidar_ros) StderrLine: {'line': b'  281 | void raw_serial::flush( \x1b[01;35m\x1b[K_u32 flags\x1b[m\x1b[K)\n'}
[6.636679] (rplidar_ros) StderrLine: {'line': b'      |                         \x1b[01;35m\x1b[K~~~~~^~~~~\x1b[m\x1b[K\n'}
[6.636777] (rplidar_ros) StderrLine: {'line': b'\x1b[01m\x1b[K/home/rpd/Nav2/src/rplidar_ros/sdk/src/arch/linux/net_serial.cpp:\x1b[m\x1b[K In member function \xe2\x80\x98\x1b[01m\x1b[Kvirtual int rp::arch::net::raw_serial::\x1b[01;32m\x1b[Kwaitforsent\x1b[m\x1b[K(_u32, size_t*)\x1b[m\x1b[K\xe2\x80\x99:\n'}
[6.636917] (rplidar_ros) StderrLine: {'line': b'\x1b[01m\x1b[K/home/rpd/Nav2/src/rplidar_ros/sdk/src/arch/linux/net_serial.cpp:286:34:\x1b[m\x1b[K \x1b[01;35m\x1b[Kwarning: \x1b[m\x1b[Kunused parameter \xe2\x80\x98\x1b[01m\x1b[Ktimeout\x1b[m\x1b[K\xe2\x80\x99 [\x1b[01;35m\x1b[K\x1b]8;;https://gcc.gnu.org/onlinedocs/gcc/Warning-Options.html#index-Wunused-parameter\x07-Wunused-parameter\x1b]8;;\x07\x1b[m\x1b[K]\n'}
[6.637028] (rplidar_ros) StderrLine: {'line': b'  286 | int raw_serial::waitforsent(\x1b[01;35m\x1b[K_u32 timeout\x1b[m\x1b[K, size_t * returned_size)\n'}
[6.637122] (rplidar_ros) StderrLine: {'line': b'      |                             \x1b[01;35m\x1b[K~~~~~^~~~~~~\x1b[m\x1b[K\n'}
[6.637204] (rplidar_ros) StderrLine: {'line': b'\x1b[01m\x1b[K/home/rpd/Nav2/src/rplidar_ros/sdk/src/arch/linux/net_serial.cpp:\x1b[m\x1b[K In member function \xe2\x80\x98\x1b[01m\x1b[Kvirtual int rp::arch::net::raw_serial::\x1b[01;32m\x1b[Kwaitforrecv\x1b[m\x1b[K(_u32, size_t*)\x1b[m\x1b[K\xe2\x80\x99:\n'}
[6.637365] (rplidar_ros) StderrLine: {'line': b'\x1b[01m\x1b[K/home/rpd/Nav2/src/rplidar_ros/sdk/src/arch/linux/net_serial.cpp:292:34:\x1b[m\x1b[K \x1b[01;35m\x1b[Kwarning: \x1b[m\x1b[Kunused parameter \xe2\x80\x98\x1b[01m\x1b[Ktimeout\x1b[m\x1b[K\xe2\x80\x99 [\x1b[01;35m\x1b[K\x1b]8;;https://gcc.gnu.org/onlinedocs/gcc/Warning-Options.html#index-Wunused-parameter\x07-Wunused-parameter\x1b]8;;\x07\x1b[m\x1b[K]\n'}
[6.637554] (rplidar_ros) StderrLine: {'line': b'  292 | int raw_serial::waitforrecv(\x1b[01;35m\x1b[K_u32 timeout\x1b[m\x1b[K, size_t * returned_size)\n'}
[6.637680] (rplidar_ros) StderrLine: {'line': b'      |                             \x1b[01;35m\x1b[K~~~~~^~~~~~~\x1b[m\x1b[K\n'}
[6.640338] (rplidar_ros) StderrLine: {'line': b'\x1b[01m\x1b[K/home/rpd/Nav2/src/rplidar_ros/sdk/src/arch/linux/net_serial.cpp:\x1b[m\x1b[K In member function \xe2\x80\x98\x1b[01m\x1b[Kvirtual void rp::arch::net::raw_serial::\x1b[01;32m\x1b[KcancelOperation\x1b[m\x1b[K()\x1b[m\x1b[K\xe2\x80\x99:\n'}
[6.640616] (rplidar_ros) StderrLine: {'line': b'\x1b[01m\x1b[K/home/rpd/Nav2/src/rplidar_ros/sdk/src/arch/linux/net_serial.cpp:427:5:\x1b[m\x1b[K \x1b[01;35m\x1b[Kwarning: \x1b[m\x1b[Kvalue computed is not used [\x1b[01;35m\x1b[K\x1b]8;;https://gcc.gnu.org/onlinedocs/gcc/Warning-Options.html#index-Wunused-value\x07-Wunused-value\x1b]8;;\x07\x1b[m\x1b[K]\n'}
[6.640742] (rplidar_ros) StderrLine: {'line': b'  427 |     \x1b[01;35m\x1b[K(int)::write(_selfpipe[1], "x", 1)\x1b[m\x1b[K;\n'}
[6.640834] (rplidar_ros) StderrLine: {'line': b'      |     \x1b[01;35m\x1b[K^~~~~~~~~~~~~~~~~~~~~~~~~~~~~~~~~~\x1b[m\x1b[K\n'}
[6.667657] (-) TimerEvent: {}
[6.768246] (-) TimerEvent: {}
[6.868953] (-) TimerEvent: {}
[6.972059] (-) TimerEvent: {}
[7.011256] (multirobot_map_merge) StderrLine: {'line': b'HTTP request sent, awaiting response... 200 OK\n'}
[7.011720] (multirobot_map_merge) StderrLine: {'line': b'Length: 4194362 (4.0M) [application/octet-stream]\n'}
[7.011913] (multirobot_map_merge) StderrLine: {'line': b'Saving to: \xe2\x80\x98/home/rpd/Nav2/build/multirobot_map_merge/map00.pgm\xe2\x80\x99\n'}
[7.012060] (multirobot_map_merge) StderrLine: {'line': b'\n'}
[7.042598] (multirobot_map_merge) StderrLine: {'line': b'     0K .......... .......... .......... .......... ..........  1% 1.56M 3s\n'}
[7.073725] (multirobot_map_merge) StderrLine: {'line': b'    50K .......... .......... .......... .......... ..........  2% 1.64M 2s\n'}
[7.074179] (-) TimerEvent: {}
[7.083469] (multirobot_map_merge) StderrLine: {'line': b'   100K .......... .......... .......... .......... ..........  3% 4.20M 2s\n'}
[7.100773] (multirobot_map_merge) StderrLine: {'line': b'   150K .......... .......... .......... .......... ..........  4% 2.95M 2s\n'}
[7.101704] (multirobot_map_merge) StderrLine: {'line': b'   200K .......... .......... .......... .......... ..........  6% 26.2M 1s\n'}
[7.108673] (rplidar_ros) StdoutLine: {'line': b'[ 13%] \x1b[32mBuilding CXX object CMakeFiles/rplidar_node.dir/sdk/src/arch/linux/net_serial.cpp.o\x1b[0m\n'}
[7.114670] (multirobot_map_merge) StderrLine: {'line': b'   250K .......... .......... .......... .......... ..........  7% 4.57M 1s\n'}
[7.117945] (multirobot_map_merge) StderrLine: {'line': b'   300K .......... .......... .......... .......... ..........  8% 9.11M 1s\n'}
[7.134703] (multirobot_map_merge) StderrLine: {'line': b'   350K .......... .......... .......... .......... ..........  9% 3.42M 1s\n'}
[7.141805] (multirobot_map_merge) StderrLine: {'line': b'   400K .......... .......... .......... .......... .......... 10% 5.10M 1s\n'}
[7.147451] (multirobot_map_merge) StderrLine: {'line': b'   450K .......... .......... .......... .......... .......... 12% 8.65M 1s\n'}
[7.173025] (multirobot_map_merge) StderrLine: {'line': b'   500K .......... .......... .......... .......... .......... 13% 8.23M 1s\n'}
[7.174319] (-) TimerEvent: {}
[7.191324] (multirobot_map_merge) StderrLine: {'line': b'   550K .......... .......... .......... .......... .......... 14% 1.29M 1s\n'}
[7.200670] (multirobot_map_merge) StderrLine: {'line': b'   600K .......... .......... .......... .......... .......... 15% 5.30M 1s\n'}
[7.210455] (multirobot_map_merge) StderrLine: {'line': b'   650K .......... .......... .......... .......... .......... 17% 6.42M 1s\n'}
[7.220677] (multirobot_map_merge) StderrLine: {'line': b'   700K .......... .......... .......... .......... .......... 18% 5.30M 1s\n'}
[7.230763] (multirobot_map_merge) StderrLine: {'line': b'   750K .......... .......... .......... .......... .......... 19% 3.61M 1s\n'}
[7.238620] (multirobot_map_merge) StderrLine: {'line': b'   800K .......... .......... .......... .......... .......... 20% 6.44M 1s\n'}
[7.252806] (multirobot_map_merge) StderrLine: {'line': b'   850K .......... .......... .......... .......... .......... 21% 3.39M 1s\n'}
[7.276808] (multirobot_map_merge) StderrLine: {'line': b'   900K .......... .......... .......... .......... .......... 23% 2.32M 1s\n'}
[7.277296] (-) TimerEvent: {}
[7.284040] (multirobot_map_merge) StderrLine: {'line': b'   950K .......... .......... .......... .......... .......... 24% 4.78M 1s\n'}
[7.289095] (multirobot_map_merge) StderrLine: {'line': b'  1000K .......... .......... .......... .......... .......... 25% 9.37M 1s\n'}
[7.298934] (multirobot_map_merge) StderrLine: {'line': b'  1050K .......... .......... .......... .......... .......... 26% 6.05M 1s\n'}
[7.322127] (multirobot_map_merge) StderrLine: {'line': b'  1100K .......... .......... .......... .......... .......... 28% 1.98M 1s\n'}
[7.337898] (multirobot_map_merge) StderrLine: {'line': b'  1150K .......... .......... .......... .......... .......... 29% 3.58M 1s\n'}
[7.341195] (multirobot_map_merge) StderrLine: {'line': b'  1200K .......... .......... .......... .......... .......... 30% 8.62M 1s\n'}
[7.354383] (multirobot_map_merge) StderrLine: {'line': b'  1250K .......... .......... .......... .......... .......... 31% 4.31M 1s\n'}
[7.359724] (multirobot_map_merge) StderrLine: {'line': b'  1300K .......... .......... .......... .......... .......... 32% 7.38M 1s\n'}
[7.370728] (multirobot_map_merge) StderrLine: {'line': b'  1350K .......... .......... .......... .......... .......... 34% 4.78M 1s\n'}
[7.377447] (-) TimerEvent: {}
[7.393404] (multirobot_map_merge) StderrLine: {'line': b'  1400K .......... .......... .......... .......... .......... 35% 2.03M 1s\n'}
[7.452118] (multirobot_map_merge) StderrLine: {'line': b'  1450K .......... .......... .......... .......... .......... 36%  851K 1s\n'}
[7.452533] (multirobot_map_merge) StderrLine: {'line': b'  1500K .......... .......... .......... .......... .......... 37%  132M 1s\n'}
[7.455771] (multirobot_map_merge) StderrLine: {'line': b'  1550K .......... .......... .......... .......... .......... 39% 28.5M 1s\n'}
[7.456156] (multirobot_map_merge) StderrLine: {'line': b'  1600K .......... .......... .......... .......... .......... 40%  141M 1s\n'}
[7.479615] (-) TimerEvent: {}
[7.488748] (multirobot_map_merge) StderrLine: {'line': b'  1650K .......... .......... .......... .......... .......... 41% 1.55M 1s\n'}
[7.489115] (multirobot_map_merge) StderrLine: {'line': b'  1700K .......... .......... .......... .......... .......... 42% 89.4M 1s\n'}
[7.489228] (multirobot_map_merge) StderrLine: {'line': b'  1750K .......... .......... .......... .......... .......... 43%  111M 1s\n'}
[7.497452] (multirobot_map_merge) StderrLine: {'line': b'  1800K .......... .......... .......... .......... .......... 45% 4.89M 1s\n'}
[7.508815] (multirobot_map_merge) StderrLine: {'line': b'  1850K .......... .......... .......... .......... .......... 46% 4.21M 1s\n'}
[7.537425] (multirobot_map_merge) StderrLine: {'line': b'  1900K .......... .......... .......... .......... .......... 47% 1.79M 1s\n'}
[7.541678] (multirobot_map_merge) StderrLine: {'line': b'  1950K .......... .......... .......... .......... .......... 48% 10.2M 1s\n'}
[7.552947] (multirobot_map_merge) StderrLine: {'line': b'  2000K .......... .......... .......... .......... .......... 50% 4.05M 1s\n'}
[7.570647] (multirobot_map_merge) StderrLine: {'line': b'  2050K .......... .......... .......... .......... .......... 51% 2.95M 1s\n'}
[7.579790] (-) TimerEvent: {}
[7.596020] (multirobot_map_merge) StderrLine: {'line': b'  2100K .......... .......... .......... .......... .......... 52% 2.07M 1s\n'}
[7.603612] (multirobot_map_merge) StderrLine: {'line': b'  2150K .......... .......... .......... .......... .......... 53% 4.78M 1s\n'}
[7.609136] (multirobot_map_merge) StderrLine: {'line': b'  2200K .......... .......... .......... .......... .......... 54% 8.49M 0s\n'}
[7.632049] (multirobot_map_merge) StderrLine: {'line': b'  2250K .......... .......... .......... .......... .......... 56% 2.14M 0s\n'}
[7.640391] (multirobot_map_merge) StderrLine: {'line': b'  2300K .......... .......... .......... .......... .......... 57% 5.75M 0s\n'}
[7.652195] (multirobot_map_merge) StderrLine: {'line': b'  2350K .......... .......... .......... .......... .......... 58% 4.93M 0s\n'}
[7.659338] (multirobot_map_merge) StderrLine: {'line': b'  2400K .......... .......... .......... .......... .......... 59% 5.57M 0s\n'}
[7.663754] (multirobot_map_merge) StderrLine: {'line': b'  2450K .......... .......... .......... .......... .......... 61% 10.1M 0s\n'}
[7.677008] (multirobot_map_merge) StderrLine: {'line': b'  2500K .......... .......... .......... .......... .......... 62% 6.54M 0s\n'}
[7.679972] (-) TimerEvent: {}
[7.709441] (multirobot_map_merge) StderrLine: {'line': b'  2550K .......... .......... .......... .......... .......... 63% 1.36M 0s\n'}
[7.710729] (multirobot_map_merge) StderrLine: {'line': b'  2600K .......... .......... .......... .......... .......... 64% 13.5M 0s\n'}
[7.719596] (multirobot_map_merge) StderrLine: {'line': b'  2650K .......... .......... .......... .......... .......... 65% 5.66M 0s\n'}
[7.727406] (multirobot_map_merge) StderrLine: {'line': b'  2700K .......... .......... .......... .......... .......... 67% 6.07M 0s\n'}
[7.751570] (multirobot_map_merge) StderrLine: {'line': b'  2750K .......... .......... .......... .......... .......... 68% 2.30M 0s\n'}
[7.759596] (multirobot_map_merge) StderrLine: {'line': b'  2800K .......... .......... .......... .......... .......... 69% 5.34M 0s\n'}
[7.767748] (multirobot_map_merge) StderrLine: {'line': b'  2850K .......... .......... .......... .......... .......... 70% 5.79M 0s\n'}
[7.780140] (-) TimerEvent: {}
[7.796742] (multirobot_map_merge) StderrLine: {'line': b'  2900K .......... .......... .......... .......... .......... 72% 5.39M 0s\n'}
[7.801405] (multirobot_map_merge) StderrLine: {'line': b'  2950K .......... .......... .......... .......... .......... 73% 1.88M 0s\n'}
[7.807145] (multirobot_map_merge) StderrLine: {'line': b'  3000K .......... .......... .......... .......... .......... 74% 8.56M 0s\n'}
[7.816061] (multirobot_map_merge) StderrLine: {'line': b'  3050K .......... .......... .......... .......... .......... 75% 6.55M 0s\n'}
[7.844040] (multirobot_map_merge) StderrLine: {'line': b'  3100K .......... .......... .......... .......... .......... 76% 1.71M 0s\n'}
[7.862843] (multirobot_map_merge) StderrLine: {'line': b'  3150K .......... .......... .......... .......... .......... 78% 2.93M 0s\n'}
[7.871073] (multirobot_map_merge) StderrLine: {'line': b'  3200K .......... .......... .......... .......... .......... 79% 5.20M 0s\n'}
[7.882642] (multirobot_map_merge) StderrLine: {'line': b'  3250K .......... .......... .......... .......... .......... 80% 4.50M 0s\n'}
[7.883101] (-) TimerEvent: {}
[7.888581] (multirobot_map_merge) StderrLine: {'line': b'  3300K .......... .......... .......... .......... .......... 81% 5.85M 0s\n'}
[7.896230] (multirobot_map_merge) StderrLine: {'line': b'  3350K .......... .......... .......... .......... .......... 83% 6.13M 0s\n'}
[7.905452] (multirobot_map_merge) StderrLine: {'line': b'  3400K .......... .......... .......... .......... .......... 84% 5.29M 0s\n'}
[7.922343] (multirobot_map_merge) StderrLine: {'line': b'  3450K .......... .......... .......... .......... .......... 85% 3.24M 0s\n'}
[7.930629] (multirobot_map_merge) StderrLine: {'line': b'  3500K .......... .......... .......... .......... .......... 86% 4.92M 0s\n'}
[7.938746] (multirobot_map_merge) StderrLine: {'line': b'  3550K .......... .......... .......... .......... .......... 87% 8.91M 0s\n'}
[7.940725] (multirobot_map_merge) StderrLine: {'line': b'  3600K .......... .......... .......... .......... .......... 89% 9.89M 0s\n'}
[7.976228] (multirobot_map_merge) StderrLine: {'line': b'  3650K .......... .......... .......... .......... .......... 90% 1.38M 0s\n'}
[7.983295] (-) TimerEvent: {}
[7.995276] (multirobot_map_merge) StderrLine: {'line': b'  3700K .......... .......... .......... .......... .......... 91% 6.01M 0s\n'}
[8.001600] (multirobot_map_merge) StderrLine: {'line': b'  3750K .......... .......... .......... .......... .......... 92% 2.83M 0s\n'}
[8.009861] (explore_lite_msgs) StdoutLine: {'line': b'-- Using all available rosidl_typesupport_cpp: rosidl_typesupport_fastrtps_cpp;rosidl_typesupport_introspection_cpp\n'}
[8.013013] (multirobot_map_merge) StderrLine: {'line': b'  3800K .......... .......... .......... .......... .......... 93% 5.13M 0s\n'}
[8.018570] (multirobot_map_merge) StderrLine: {'line': b'  3850K .......... .......... .......... .......... .......... 95% 6.52M 0s\n'}
[8.026783] (explore_lite_msgs) StdoutLine: {'line': b'-- Found python_cmake_module: 0.11.1 (/opt/ros/jazzy/share/python_cmake_module/cmake)\n'}
[8.033951] (multirobot_map_merge) StderrLine: {'line': b'  3900K .......... .......... .......... .......... .......... 96% 3.21M 0s\n'}
[8.039286] (multirobot_map_merge) StderrLine: {'line': b'  3950K .......... .......... .......... .......... .......... 97% 9.51M 0s\n'}
[8.061132] (multirobot_map_merge) StderrLine: {'line': b'  4000K .......... .......... .......... .......... .......... 98% 2.19M 0s\n'}
[8.068342] (multirobot_map_merge) StderrLine: {'line': b'  4050K .......... .......... .......... .......... ......    100% 7.62M=1.1s\n'}
[8.068780] (multirobot_map_merge) StderrLine: {'line': b'\n'}
[8.068933] (multirobot_map_merge) StderrLine: {'line': b'2026-04-15 11:10:10 (3.79 MB/s) - \xe2\x80\x98/home/rpd/Nav2/build/multirobot_map_merge/map00.pgm\xe2\x80\x99 saved [4194362/4194362]\n'}
[8.069062] (multirobot_map_merge) StderrLine: {'line': b'\n'}
[8.073628] (multirobot_map_merge) StdoutLine: {'line': b'Checking MD5 sum of /home/rpd/Nav2/build/multirobot_map_merge/map00.pgm\n'}
[8.083532] (-) TimerEvent: {}
[8.113147] (multirobot_map_merge) StdoutLine: {'line': b'/home/rpd/Nav2/build/multirobot_map_merge/map00.pgm: OK\n'}
[8.138755] (multirobot_map_merge) StderrLine: {'line': b'--2026-04-15 11:10:10--  https://raw.githubusercontent.com/hrnr/m-explore-extra/master/map_merge/hector_maps/map05.pgm\n'}
[8.183667] (-) TimerEvent: {}
[8.242636] (multirobot_map_merge) StderrLine: {'line': b'Resolving raw.githubusercontent.com (raw.githubusercontent.com)... 185.199.109.133, 185.199.111.133, 185.199.110.133, ...\n'}
[8.272898] (multirobot_map_merge) StderrLine: {'line': b'Connecting to raw.githubusercontent.com (raw.githubusercontent.com)|185.199.109.133|:443... connected.\n'}
[8.283876] (-) TimerEvent: {}
[8.384903] (-) TimerEvent: {}
[8.487121] (-) TimerEvent: {}
[8.500979] (rplidar_ros) StderrLine: {'line': b'\x1b[01m\x1b[K/home/rpd/Nav2/src/rplidar_ros/sdk/src/arch/linux/net_serial.cpp:\x1b[m\x1b[K In member function \xe2\x80\x98\x1b[01m\x1b[Kbool rp::arch::net::raw_serial::\x1b[01;32m\x1b[Kopen\x1b[m\x1b[K(const char*, uint32_t, uint32_t)\x1b[m\x1b[K\xe2\x80\x99:\n'}
[8.501398] (rplidar_ros) StderrLine: {'line': b'\x1b[01m\x1b[K/home/rpd/Nav2/src/rplidar_ros/sdk/src/arch/linux/net_serial.cpp:97:74:\x1b[m\x1b[K \x1b[01;35m\x1b[Kwarning: \x1b[m\x1b[Kunused parameter \xe2\x80\x98\x1b[01m\x1b[Kflags\x1b[m\x1b[K\xe2\x80\x99 [\x1b[01;35m\x1b[K\x1b]8;;https://gcc.gnu.org/onlinedocs/gcc/Warning-Options.html#index-Wunused-parameter\x07-Wunused-parameter\x1b]8;;\x07\x1b[m\x1b[K]\n'}
[8.501606] (rplidar_ros) StderrLine: {'line': b'   97 | bool raw_serial::open(const char * portname, uint32_t baudrate, \x1b[01;35m\x1b[Kuint32_t flags\x1b[m\x1b[K)\n'}
[8.501735] (rplidar_ros) StderrLine: {'line': b'      |                                                                 \x1b[01;35m\x1b[K~~~~~~~~~^~~~~\x1b[m\x1b[K\n'}
[8.501849] (rplidar_ros) StderrLine: {'line': b'\x1b[01m\x1b[K/home/rpd/Nav2/src/rplidar_ros/sdk/src/arch/linux/net_serial.cpp:\x1b[m\x1b[K In member function \xe2\x80\x98\x1b[01m\x1b[Kvirtual void rp::arch::net::raw_serial::\x1b[01;32m\x1b[Kflush\x1b[m\x1b[K(_u32)\x1b[m\x1b[K\xe2\x80\x99:\n'}
[8.501966] (rplidar_ros) StderrLine: {'line': b'\x1b[01m\x1b[K/home/rpd/Nav2/src/rplidar_ros/sdk/src/arch/linux/net_serial.cpp:281:30:\x1b[m\x1b[K \x1b[01;35m\x1b[Kwarning: \x1b[m\x1b[Kunused parameter \xe2\x80\x98\x1b[01m\x1b[Kflags\x1b[m\x1b[K\xe2\x80\x99 [\x1b[01;35m\x1b[K\x1b]8;;https://gcc.gnu.org/onlinedocs/gcc/Warning-Options.html#index-Wunused-parameter\x07-Wunused-parameter\x1b]8;;\x07\x1b[m\x1b[K]\n'}
[8.502133] (rplidar_ros) StderrLine: {'line': b'  281 | void raw_serial::flush( \x1b[01;35m\x1b[K_u32 flags\x1b[m\x1b[K)\n'}
[8.502245] (rplidar_ros) StderrLine: {'line': b'      |                         \x1b[01;35m\x1b[K~~~~~^~~~~\x1b[m\x1b[K\n'}
[8.502359] (rplidar_ros) StderrLine: {'line': b'\x1b[01m\x1b[K/home/rpd/Nav2/src/rplidar_ros/sdk/src/arch/linux/net_serial.cpp:\x1b[m\x1b[K In member function \xe2\x80\x98\x1b[01m\x1b[Kvirtual int rp::arch::net::raw_serial::\x1b[01;32m\x1b[Kwaitforsent\x1b[m\x1b[K(_u32, size_t*)\x1b[m\x1b[K\xe2\x80\x99:\n'}
[8.502522] (rplidar_ros) StderrLine: {'line': b'\x1b[01m\x1b[K/home/rpd/Nav2/src/rplidar_ros/sdk/src/arch/linux/net_serial.cpp:286:34:\x1b[m\x1b[K \x1b[01;35m\x1b[Kwarning: \x1b[m\x1b[Kunused parameter \xe2\x80\x98\x1b[01m\x1b[Ktimeout\x1b[m\x1b[K\xe2\x80\x99 [\x1b[01;35m\x1b[K\x1b]8;;https://gcc.gnu.org/onlinedocs/gcc/Warning-Options.html#index-Wunused-parameter\x07-Wunused-parameter\x1b]8;;\x07\x1b[m\x1b[K]\n'}
[8.502716] (rplidar_ros) StderrLine: {'line': b'  286 | int raw_serial::waitforsent(\x1b[01;35m\x1b[K_u32 timeout\x1b[m\x1b[K, size_t * returned_size)\n'}
[8.502898] (rplidar_ros) StderrLine: {'line': b'      |                             \x1b[01;35m\x1b[K~~~~~^~~~~~~\x1b[m\x1b[K\n'}
[8.507645] (rplidar_ros) StderrLine: {'line': b'\x1b[01m\x1b[K/home/rpd/Nav2/src/rplidar_ros/sdk/src/arch/linux/net_serial.cpp:\x1b[m\x1b[K In member function \xe2\x80\x98\x1b[01m\x1b[Kvirtual int rp::arch::net::raw_serial::\x1b[01;32m\x1b[Kwaitforrecv\x1b[m\x1b[K(_u32, size_t*)\x1b[m\x1b[K\xe2\x80\x99:\n'}
[8.508127] (rplidar_ros) StderrLine: {'line': b'\x1b[01m\x1b[K/home/rpd/Nav2/src/rplidar_ros/sdk/src/arch/linux/net_serial.cpp:292:34:\x1b[m\x1b[K \x1b[01;35m\x1b[Kwarning: \x1b[m\x1b[Kunused parameter \xe2\x80\x98\x1b[01m\x1b[Ktimeout\x1b[m\x1b[K\xe2\x80\x99 [\x1b[01;35m\x1b[K\x1b]8;;https://gcc.gnu.org/onlinedocs/gcc/Warning-Options.html#index-Wunused-parameter\x07-Wunused-parameter\x1b]8;;\x07\x1b[m\x1b[K]\n'}
[8.508420] (rplidar_ros) StderrLine: {'line': b'  292 | int raw_serial::waitforrecv(\x1b[01;35m\x1b[K_u32 timeout\x1b[m\x1b[K, size_t * returned_size)\n'}
[8.508675] (rplidar_ros) StderrLine: {'line': b'      |                             \x1b[01;35m\x1b[K~~~~~^~~~~~~\x1b[m\x1b[K\n'}
[8.508865] (rplidar_ros) StderrLine: {'line': b'\x1b[01m\x1b[K/home/rpd/Nav2/src/rplidar_ros/sdk/src/arch/linux/net_serial.cpp:\x1b[m\x1b[K In member function \xe2\x80\x98\x1b[01m\x1b[Kvirtual void rp::arch::net::raw_serial::\x1b[01;32m\x1b[KcancelOperation\x1b[m\x1b[K()\x1b[m\x1b[K\xe2\x80\x99:\n'}
[8.509041] (rplidar_ros) StderrLine: {'line': b'\x1b[01m\x1b[K/home/rpd/Nav2/src/rplidar_ros/sdk/src/arch/linux/net_serial.cpp:427:5:\x1b[m\x1b[K \x1b[01;35m\x1b[Kwarning: \x1b[m\x1b[Kvalue computed is not used [\x1b[01;35m\x1b[K\x1b]8;;https://gcc.gnu.org/onlinedocs/gcc/Warning-Options.html#index-Wunused-value\x07-Wunused-value\x1b]8;;\x07\x1b[m\x1b[K]\n'}
[8.509179] (rplidar_ros) StderrLine: {'line': b'  427 |     \x1b[01;35m\x1b[K(int)::write(_selfpipe[1], "x", 1)\x1b[m\x1b[K;\n'}
[8.509335] (rplidar_ros) StderrLine: {'line': b'      |     \x1b[01;35m\x1b[K^~~~~~~~~~~~~~~~~~~~~~~~~~~~~~~~~~\x1b[m\x1b[K\n'}
[8.587322] (-) TimerEvent: {}
[8.596938] (explore_lite_msgs) StdoutLine: {'line': b'-- Found PythonExtra: /usr/bin/python3  \n'}
[8.687480] (-) TimerEvent: {}
[8.791643] (rplidar_ros) StdoutLine: {'line': b'[ 15%] \x1b[32mBuilding CXX object CMakeFiles/rplidar_node.dir/sdk/src/arch/linux/net_socket.cpp.o\x1b[0m\n'}
[8.792034] (-) TimerEvent: {}
[8.893607] (-) TimerEvent: {}
[8.996665] (-) TimerEvent: {}
[9.097653] (-) TimerEvent: {}
[9.198489] (-) TimerEvent: {}
[9.299397] (-) TimerEvent: {}
[9.401076] (-) TimerEvent: {}
[9.502889] (-) TimerEvent: {}
[9.606896] (-) TimerEvent: {}
[9.707465] (-) TimerEvent: {}
[9.808353] (-) TimerEvent: {}
[9.910827] (-) TimerEvent: {}
[10.011652] (-) TimerEvent: {}
[10.077224] (rplidar_ros) StderrLine: {'line': b'In file included from \x1b[01m\x1b[K/home/rpd/Nav2/src/rplidar_ros/sdk/include/rplidar_protocol.h:36\x1b[m\x1b[K,\n'}
[10.077579] (rplidar_ros) StderrLine: {'line': b'                 from \x1b[01m\x1b[K/home/rpd/Nav2/src/rplidar_ros/sdk/include/rplidar.h:39\x1b[m\x1b[K,\n'}
[10.077738] (rplidar_ros) StderrLine: {'line': b'                 from \x1b[01m\x1b[K/home/rpd/Nav2/src/rplidar_ros/sdk/src/sdkcommon.h:49\x1b[m\x1b[K,\n'}
[10.077967] (rplidar_ros) StderrLine: {'line': b'                 from \x1b[01m\x1b[K/home/rpd/Nav2/src/rplidar_ros/sdk/src/arch/linux/net_socket.cpp:10\x1b[m\x1b[K:\n'}
[10.078120] (rplidar_ros) StderrLine: {'line': b'\x1b[01m\x1b[K/home/rpd/Nav2/src/rplidar_ros/sdk/include/sl_lidar_protocol.h:66:16:\x1b[m\x1b[K \x1b[01;35m\x1b[Kwarning: \x1b[m\x1b[KISO C++ forbids zero-size array \xe2\x80\x98\x1b[01m\x1b[Kdata\x1b[m\x1b[K\xe2\x80\x99 [\x1b[01;35m\x1b[K\x1b]8;;https://gcc.gnu.org/onlinedocs/gcc/Warning-Options.html#index-Wpedantic\x07-Wpedantic\x1b]8;;\x07\x1b[m\x1b[K]\n'}
[10.078236] (rplidar_ros) StderrLine: {'line': b'   66 |     sl_u8 data[\x1b[01;35m\x1b[K0\x1b[m\x1b[K];\n'}
[10.078346] (rplidar_ros) StderrLine: {'line': b'      |                \x1b[01;35m\x1b[K^\x1b[m\x1b[K\n'}
[10.078448] (rplidar_ros) StderrLine: {'line': b'In file included from \x1b[01m\x1b[K/home/rpd/Nav2/src/rplidar_ros/sdk/include/rplidar_cmd.h:36\x1b[m\x1b[K,\n'}
[10.078616] (rplidar_ros) StderrLine: {'line': b'                 from \x1b[01m\x1b[K/home/rpd/Nav2/src/rplidar_ros/sdk/include/rplidar.h:40\x1b[m\x1b[K:\n'}
[10.078736] (rplidar_ros) StderrLine: {'line': b'\x1b[01m\x1b[K/home/rpd/Nav2/src/rplidar_ros/sdk/include/sl_lidar_cmd.h:324:20:\x1b[m\x1b[K \x1b[01;35m\x1b[Kwarning: \x1b[m\x1b[KISO C++ forbids zero-size array \xe2\x80\x98\x1b[01m\x1b[Kpayload\x1b[m\x1b[K\xe2\x80\x99 [\x1b[01;35m\x1b[K\x1b]8;;https://gcc.gnu.org/onlinedocs/gcc/Warning-Options.html#index-Wpedantic\x07-Wpedantic\x1b]8;;\x07\x1b[m\x1b[K]\n'}
[10.078857] (rplidar_ros) StderrLine: {'line': b'  324 |     sl_u8  payload[\x1b[01;35m\x1b[K0\x1b[m\x1b[K];\n'}
[10.078946] (rplidar_ros) StderrLine: {'line': b'      |                    \x1b[01;35m\x1b[K^\x1b[m\x1b[K\n'}
[10.084145] (multirobot_map_merge) StderrLine: {'line': b'HTTP request sent, awaiting response... 200 OK\n'}
[10.084645] (multirobot_map_merge) StderrLine: {'line': b'Length: 4194362 (4.0M) [application/octet-stream]\n'}
[10.084805] (multirobot_map_merge) StderrLine: {'line': b'Saving to: \xe2\x80\x98/home/rpd/Nav2/build/multirobot_map_merge/map05.pgm\xe2\x80\x99\n'}
[10.090975] (multirobot_map_merge) StderrLine: {'line': b'\n'}
[10.114595] (-) TimerEvent: {}
[10.115322] (multirobot_map_merge) StderrLine: {'line': b'     0K .......... .......... .......... .......... ..........  1% 1.60M 2s\n'}
[10.149165] (multirobot_map_merge) StderrLine: {'line': b'    50K .......... .......... .......... .......... ..........  2% 1.44M 3s\n'}
[10.162378] (multirobot_map_merge) StderrLine: {'line': b'   100K .......... .......... .......... .......... ..........  3% 4.33M 2s\n'}
[10.169434] (multirobot_map_merge) StderrLine: {'line': b'   150K .......... .......... .......... .......... ..........  4% 5.57M 2s\n'}
[10.174614] (rplidar_ros) StderrLine: {'line': b'In file included from \x1b[01m\x1b[K/home/rpd/Nav2/src/rplidar_ros/sdk/src/arch/linux/arch_linux.h:42\x1b[m\x1b[K,\n'}
[10.175009] (rplidar_ros) StderrLine: {'line': b'                 from \x1b[01m\x1b[K/home/rpd/Nav2/src/rplidar_ros/sdk/src/sdkcommon.h:41\x1b[m\x1b[K:\n'}
[10.175180] (rplidar_ros) StderrLine: {'line': b'\x1b[01m\x1b[K/home/rpd/Nav2/src/rplidar_ros/sdk/src/arch/linux/net_socket.cpp:\x1b[m\x1b[K In member function \xe2\x80\x98\x1b[01m\x1b[Kvirtual u_result rp::arch::net::DGramSocketImpl::\x1b[01;32m\x1b[KsendTo\x1b[m\x1b[K(const rp::net::SocketAddress*, const void*, size_t)\x1b[m\x1b[K\xe2\x80\x99:\n'}
[10.175307] (rplidar_ros) StderrLine: {'line': b'\x1b[01m\x1b[K/home/rpd/Nav2/src/rplidar_ros/sdk/src/arch/linux/net_socket.cpp:733:24:\x1b[m\x1b[K \x1b[01;35m\x1b[Kwarning: \x1b[m\x1b[Kcomparison of integer expressions of different signedness: \xe2\x80\x98\x1b[01m\x1b[Kint\x1b[m\x1b[K\xe2\x80\x99 and \xe2\x80\x98\x1b[01m\x1b[Ksize_t\x1b[m\x1b[K\xe2\x80\x99 {aka \xe2\x80\x98\x1b[01m\x1b[Klong unsigned int\x1b[m\x1b[K\xe2\x80\x99} [\x1b[01;35m\x1b[K\x1b]8;;https://gcc.gnu.org/onlinedocs/gcc/Warning-Options.html#index-Wsign-compare\x07-Wsign-compare\x1b]8;;\x07\x1b[m\x1b[K]\n'}
[10.175462] (rplidar_ros) StderrLine: {'line': b'  733 |             assert(\x1b[01;35m\x1b[Kans == len\x1b[m\x1b[K);\n'}
[10.175640] (rplidar_ros) StderrLine: {'line': b'      |                    \x1b[01;35m\x1b[K~~~~^~~~~~\x1b[m\x1b[K\n'}
[10.192767] (multirobot_map_merge) StderrLine: {'line': b'   200K .......... .......... .......... .......... ..........  6% 2.12M 2s\n'}
[10.204795] (multirobot_map_merge) StderrLine: {'line': b'   250K .......... .......... .......... .......... ..........  7% 4.15M 2s\n'}
[10.217623] (-) TimerEvent: {}
[10.224083] (multirobot_map_merge) StderrLine: {'line': b'   300K .......... .......... .......... .......... ..........  8% 2.44M 1s\n'}
[10.246063] (multirobot_map_merge) StderrLine: {'line': b'   350K .......... .......... .......... .......... ..........  9% 2.55M 1s\n'}
[10.254128] (multirobot_map_merge) StderrLine: {'line': b'   400K .......... .......... .......... .......... .......... 10% 4.48M 1s\n'}
[10.269111] (multirobot_map_merge) StderrLine: {'line': b'   450K .......... .......... .......... .......... .......... 12% 3.26M 1s\n'}
[10.288728] (multirobot_map_merge) StderrLine: {'line': b'   500K .......... .......... .......... .......... .......... 13% 2.68M 1s\n'}
[10.298460] (multirobot_map_merge) StderrLine: {'line': b'   550K .......... .......... .......... .......... .......... 14% 4.41M 1s\n'}
[10.316568] (multirobot_map_merge) StderrLine: {'line': b'   600K .......... .......... .......... .......... .......... 15% 2.70M 1s\n'}
[10.317780] (-) TimerEvent: {}
[10.331486] (multirobot_map_merge) StderrLine: {'line': b'   650K .......... .......... .......... .......... .......... 17% 3.26M 1s\n'}
[10.353220] (multirobot_map_merge) StderrLine: {'line': b'   700K .......... .......... .......... .......... .......... 18% 2.31M 1s\n'}
[10.374617] (multirobot_map_merge) StderrLine: {'line': b'   750K .......... .......... .......... .......... .......... 19% 7.24M 1s\n'}
[10.384211] (multirobot_map_merge) StderrLine: {'line': b'   800K .......... .......... .......... .......... .......... 20% 1.97M 1s\n'}
[10.391467] (multirobot_map_merge) StderrLine: {'line': b'   850K .......... .......... .......... .......... .......... 21% 6.61M 1s\n'}
[10.400778] (multirobot_map_merge) StderrLine: {'line': b'   900K .......... .......... .......... .......... .......... 23% 5.43M 1s\n'}
[10.409825] (multirobot_map_merge) StderrLine: {'line': b'   950K .......... .......... .......... .......... .......... 24% 5.26M 1s\n'}
[10.417972] (-) TimerEvent: {}
[10.428124] (multirobot_map_merge) StderrLine: {'line': b'  1000K .......... .......... .......... .......... .......... 25% 2.72M 1s\n'}
[10.439630] (multirobot_map_merge) StderrLine: {'line': b'  1050K .......... .......... .......... .......... .......... 26% 5.39M 1s\n'}
[10.460682] (multirobot_map_merge) StderrLine: {'line': b'  1100K .......... .......... .......... .......... .......... 28% 2.22M 1s\n'}
[10.469807] (multirobot_map_merge) StderrLine: {'line': b'  1150K .......... .......... .......... .......... .......... 29% 4.75M 1s\n'}
[10.476249] (multirobot_map_merge) StderrLine: {'line': b'  1200K .......... .......... .......... .......... .......... 30% 8.61M 1s\n'}
[10.493912] (multirobot_map_merge) StderrLine: {'line': b'  1250K .......... .......... .......... .......... .......... 31% 2.56M 1s\n'}
[10.510144] (multirobot_map_merge) StderrLine: {'line': b'  1300K .......... .......... .......... .......... .......... 32% 3.04M 1s\n'}
[10.518748] (-) TimerEvent: {}
[10.519888] (multirobot_map_merge) StderrLine: {'line': b'  1350K .......... .......... .......... .......... .......... 34% 5.52M 1s\n'}
[10.530459] (multirobot_map_merge) StderrLine: {'line': b'  1400K .......... .......... .......... .......... .......... 35% 5.33M 1s\n'}
[10.538651] (multirobot_map_merge) StderrLine: {'line': b'  1450K .......... .......... .......... .......... .......... 36% 5.67M 1s\n'}
[10.547164] (multirobot_map_merge) StderrLine: {'line': b'  1500K .......... .......... .......... .......... .......... 37% 4.64M 1s\n'}
[10.576273] (multirobot_map_merge) StderrLine: {'line': b'  1550K .......... .......... .......... .......... .......... 39% 1.68M 1s\n'}
[10.582760] (multirobot_map_merge) StderrLine: {'line': b'  1600K .......... .......... .......... .......... .......... 40% 7.44M 1s\n'}
[10.592789] (multirobot_map_merge) StderrLine: {'line': b'  1650K .......... .......... .......... .......... .......... 41% 6.10M 1s\n'}
[10.608898] (multirobot_map_merge) StderrLine: {'line': b'  1700K .......... .......... .......... .......... .......... 42% 3.09M 1s\n'}
[10.615116] (multirobot_map_merge) StderrLine: {'line': b'  1750K .......... .......... .......... .......... .......... 43% 6.59M 1s\n'}
[10.618920] (-) TimerEvent: {}
[10.624823] (multirobot_map_merge) StderrLine: {'line': b'  1800K .......... .......... .......... .......... .......... 45% 5.77M 1s\n'}
[10.630901] (multirobot_map_merge) StderrLine: {'line': b'  1850K .......... .......... .......... .......... .......... 46% 6.07M 1s\n'}
[10.637214] (multirobot_map_merge) StderrLine: {'line': b'  1900K .......... .......... .......... .......... .......... 47% 7.20M 1s\n'}
[10.652888] (rplidar_ros) StdoutLine: {'line': b'[ 18%] \x1b[32mBuilding CXX object CMakeFiles/rplidar_node.dir/sdk/src/arch/linux/timer.cpp.o\x1b[0m\n'}
[10.684038] (multirobot_map_merge) StderrLine: {'line': b'  1950K .......... .......... .......... .......... .......... 48% 1.09M 1s\n'}
[10.690083] (multirobot_map_merge) StderrLine: {'line': b'  2000K .......... .......... .......... .......... .......... 50% 5.84M 1s\n'}
[10.699057] (multirobot_map_merge) StderrLine: {'line': b'  2050K .......... .......... .......... .......... .......... 51% 5.43M 1s\n'}
[10.705002] (multirobot_map_merge) StderrLine: {'line': b'  2100K .......... .......... .......... .......... .......... 52% 7.95M 1s\n'}
[10.712888] (multirobot_map_merge) StderrLine: {'line': b'  2150K .......... .......... .......... .......... .......... 53% 6.31M 1s\n'}
[10.720642] (-) TimerEvent: {}
[10.736004] (multirobot_map_merge) StderrLine: {'line': b'  2200K .......... .......... .......... .......... .......... 54% 2.11M 1s\n'}
[10.741980] (multirobot_map_merge) StderrLine: {'line': b'  2250K .......... .......... .......... .......... .......... 56% 8.16M 1s\n'}
[10.751787] (multirobot_map_merge) StderrLine: {'line': b'  2300K .......... .......... .......... .......... .......... 57% 6.05M 0s\n'}
[10.773755] (multirobot_map_merge) StderrLine: {'line': b'  2350K .......... .......... .......... .......... .......... 58% 2.33M 0s\n'}
[10.779009] (multirobot_map_merge) StderrLine: {'line': b'  2400K .......... .......... .......... .......... .......... 59% 6.14M 0s\n'}
[10.785542] (multirobot_map_merge) StderrLine: {'line': b'  2450K .......... .......... .......... .......... .......... 61% 7.61M 0s\n'}
[10.796775] (multirobot_map_merge) StderrLine: {'line': b'  2500K .......... .......... .......... .......... .......... 62% 5.68M 0s\n'}
[10.799540] (multirobot_map_merge) StderrLine: {'line': b'  2550K .......... .......... .......... .......... .......... 63% 8.73M 0s\n'}
[10.817365] (multirobot_map_merge) StderrLine: {'line': b'  2600K .......... .......... .......... .......... .......... 64% 2.75M 0s\n'}
[10.821752] (-) TimerEvent: {}
[10.822546] (multirobot_map_merge) StderrLine: {'line': b'  2650K .......... .......... .......... .......... .......... 65% 9.58M 0s\n'}
[10.832071] (multirobot_map_merge) StderrLine: {'line': b'  2700K .......... .......... .......... .......... .......... 67% 5.01M 0s\n'}
[10.843912] (multirobot_map_merge) StderrLine: {'line': b'  2750K .......... .......... .......... .......... .......... 68% 7.81M 0s\n'}
[10.848167] (multirobot_map_merge) StderrLine: {'line': b'  2800K .......... .......... .......... .......... .......... 69% 5.00M 0s\n'}
[10.862332] (multirobot_map_merge) StderrLine: {'line': b'  2850K .......... .......... .......... .......... .......... 70% 3.47M 0s\n'}
[10.867717] (multirobot_map_merge) StderrLine: {'line': b'  2900K .......... .......... .......... .......... .......... 72% 9.14M 0s\n'}
[10.874861] (multirobot_map_merge) StderrLine: {'line': b'  2950K .......... .......... .......... .......... .......... 73% 6.85M 0s\n'}
[10.881435] (multirobot_map_merge) StderrLine: {'line': b'  3000K .......... .......... .......... .......... .......... 74% 7.32M 0s\n'}
[10.889732] (multirobot_map_merge) StderrLine: {'line': b'  3050K .......... .......... .......... .......... .......... 75% 5.92M 0s\n'}
[10.894843] (multirobot_map_merge) StderrLine: {'line': b'  3100K .......... .......... .......... .......... .......... 76% 9.32M 0s\n'}
[10.923611] (-) TimerEvent: {}
[10.924417] (multirobot_map_merge) StderrLine: {'line': b'  3150K .......... .......... .......... .......... .......... 78% 1.80M 0s\n'}
[10.934627] (multirobot_map_merge) StderrLine: {'line': b'  3200K .......... .......... .......... .......... .......... 79% 4.72M 0s\n'}
[10.938154] (multirobot_map_merge) StderrLine: {'line': b'  3250K .......... .......... .......... .......... .......... 80% 8.41M 0s\n'}
[10.945401] (multirobot_map_merge) StderrLine: {'line': b'  3300K .......... .......... .......... .......... .......... 81% 6.83M 0s\n'}
[10.950252] (multirobot_map_merge) StderrLine: {'line': b'  3350K .......... .......... .......... .......... .......... 83% 9.74M 0s\n'}
[10.967654] (multirobot_map_merge) StderrLine: {'line': b'  3400K .......... .......... .......... .......... .......... 84% 2.84M 0s\n'}
[10.990805] (multirobot_map_merge) StderrLine: {'line': b'  3450K .......... .......... .......... .......... .......... 85% 2.21M 0s\n'}
[11.000802] (multirobot_map_merge) StderrLine: {'line': b'  3500K .......... .......... .......... .......... .......... 86% 6.26M 0s\n'}
[11.006804] (multirobot_map_merge) StderrLine: {'line': b'  3550K .......... .......... .......... .......... .......... 87% 6.99M 0s\n'}
[11.011735] (multirobot_map_merge) StderrLine: {'line': b'  3600K .......... .......... .......... .......... .......... 89% 6.72M 0s\n'}
[11.022039] (multirobot_map_merge) StderrLine: {'line': b'  3650K .......... .......... .......... .......... .......... 90% 4.76M 0s\n'}
[11.023752] (-) TimerEvent: {}
[11.024899] (multirobot_map_merge) StderrLine: {'line': b'  3700K .......... .......... .......... .......... .......... 91% 17.0M 0s\n'}
[11.033829] (multirobot_map_merge) StderrLine: {'line': b'  3750K .......... .......... .......... .......... .......... 92% 5.48M 0s\n'}
[11.058708] (multirobot_map_merge) StderrLine: {'line': b'  3800K .......... .......... .......... .......... .......... 93% 2.28M 0s\n'}
[11.070348] (multirobot_map_merge) StderrLine: {'line': b'  3850K .......... .......... .......... .......... .......... 95% 3.24M 0s\n'}
[11.076863] (multirobot_map_merge) StderrLine: {'line': b'  3900K .......... .......... .......... .......... .......... 96% 8.58M 0s\n'}
[11.085254] (multirobot_map_merge) StderrLine: {'line': b'  3950K .......... .......... .......... .......... .......... 97% 5.27M 0s\n'}
[11.090098] (multirobot_map_merge) StderrLine: {'line': b'  4000K .......... .......... .......... .......... .......... 98% 10.3M 0s\n'}
[11.096828] (multirobot_map_merge) StderrLine: {'line': b'  4050K .......... .......... .......... .......... ......    100% 6.56M=1.0s\n'}
[11.097540] (multirobot_map_merge) StderrLine: {'line': b'\n'}
[11.097834] (multirobot_map_merge) StderrLine: {'line': b'2026-04-15 11:10:13 (3.95 MB/s) - \xe2\x80\x98/home/rpd/Nav2/build/multirobot_map_merge/map05.pgm\xe2\x80\x99 saved [4194362/4194362]\n'}
[11.098018] (multirobot_map_merge) StderrLine: {'line': b'\n'}
[11.105129] (multirobot_map_merge) StdoutLine: {'line': b'Checking MD5 sum of /home/rpd/Nav2/build/multirobot_map_merge/map05.pgm\n'}
[11.123922] (-) TimerEvent: {}
[11.137852] (multirobot_map_merge) StdoutLine: {'line': b'/home/rpd/Nav2/build/multirobot_map_merge/map05.pgm: OK\n'}
[11.170837] (multirobot_map_merge) StderrLine: {'line': b'--2026-04-15 11:10:13--  https://raw.githubusercontent.com/hrnr/m-explore-extra/master/map_merge/gmapping_maps/2011-08-09-12-22-52.pgm\n'}
[11.197638] (explore_lite_msgs) StdoutLine: {'line': b'-- Found Python3: /usr/bin/python3 (found version "3.12.3") found components: Interpreter Development NumPy Development.Module Development.Embed \n'}
[11.224659] (-) TimerEvent: {}
[11.308719] (multirobot_map_merge) StderrLine: {'line': b'Resolving raw.githubusercontent.com (raw.githubusercontent.com)... 185.199.109.133, 185.199.111.133, 185.199.108.133, ...\n'}
[11.324815] (-) TimerEvent: {}
[11.334779] (multirobot_map_merge) StderrLine: {'line': b'Connecting to raw.githubusercontent.com (raw.githubusercontent.com)|185.199.109.133|:443... connected.\n'}
[11.366730] (explore_lite_msgs) StdoutLine: {'line': b'-- Configuring done (11.2s)\n'}
[11.424973] (-) TimerEvent: {}
[11.525740] (-) TimerEvent: {}
[11.568881] (explore_lite_msgs) StdoutLine: {'line': b'-- Generating done (0.2s)\n'}
[11.624523] (explore_lite_msgs) StdoutLine: {'line': b'-- Build files have been written to: /home/rpd/Nav2/build/explore_lite_msgs\n'}
[11.625851] (-) TimerEvent: {}
[11.673898] (explore_lite_msgs) CommandEnded: {'returncode': 0}
[11.674557] (explore_lite_msgs) JobProgress: {'identifier': 'explore_lite_msgs', 'progress': 'build'}
[11.674608] (explore_lite_msgs) Command: {'cmd': ['/usr/bin/cmake', '--build', '/home/rpd/Nav2/build/explore_lite_msgs', '--', '-j4', '-l4'], 'cwd': '/home/rpd/Nav2/build/explore_lite_msgs', 'env': OrderedDict({'LESSOPEN': '| /usr/bin/lesspipe %s', 'USER': 'rpd', 'SSH_CLIENT': '192.168.20.51 43874 22', 'GZ_CONFIG_PATH': '/opt/ros/jazzy/opt/gz_sim_vendor/share/gz:/opt/ros/jazzy/opt/sdformat_vendor/share/gz:/opt/ros/jazzy/opt/gz_gui_vendor/share/gz:/opt/ros/jazzy/opt/gz_transport_vendor/share/gz:/opt/ros/jazzy/opt/gz_rendering_vendor/share/gz:/opt/ros/jazzy/opt/gz_plugin_vendor/share/gz:/opt/ros/jazzy/opt/gz_fuel_tools_vendor/share/gz:/opt/ros/jazzy/opt/gz_msgs_vendor/share/gz:/opt/ros/jazzy/opt/gz_common_vendor/share/gz', 'XDG_SESSION_TYPE': 'tty', 'SHLVL': '1', 'LD_LIBRARY_PATH': '/opt/ros/jazzy/opt/gz_sim_vendor/lib:/opt/ros/jazzy/opt/gz_sensors_vendor/lib:/opt/ros/jazzy/opt/gz_physics_vendor/lib:/opt/ros/jazzy/opt/sdformat_vendor/lib:/opt/ros/jazzy/opt/rviz_ogre_vendor/lib:/opt/ros/jazzy/lib/aarch64-linux-gnu:/opt/ros/jazzy/opt/gz_gui_vendor/lib:/opt/ros/jazzy/opt/gz_transport_vendor/lib:/opt/ros/jazzy/opt/gz_rendering_vendor/lib:/opt/ros/jazzy/opt/gz_plugin_vendor/lib:/opt/ros/jazzy/opt/gz_fuel_tools_vendor/lib:/opt/ros/jazzy/opt/gz_msgs_vendor/lib:/opt/ros/jazzy/opt/gz_common_vendor/lib:/opt/ros/jazzy/opt/gz_math_vendor/lib:/opt/ros/jazzy/opt/gz_utils_vendor/lib:/opt/ros/jazzy/opt/gz_tools_vendor/lib:/opt/ros/jazzy/opt/gz_ogre_next_vendor/lib:/opt/ros/jazzy/opt/gz_dartsim_vendor/lib:/opt/ros/jazzy/opt/gz_cmake_vendor/lib:/opt/ros/jazzy/lib', 'HOME': '/home/rpd', 'OLDPWD': '/home/rpd/Nav2/src', 'SSH_TTY': '/dev/pts/0', 'ROS_PYTHON_VERSION': '3', 'DBUS_SESSION_BUS_ADDRESS': 'unix:path=/run/user/1000/bus', 'ROS_DISTRO': 'jazzy', 'LOGNAME': 'rpd', '_': '/usr/bin/colcon', 'ROS_VERSION': '2', 'XDG_SESSION_CLASS': 'user', 'TERM': 'xterm-256color', 'XDG_SESSION_ID': '5', 'PATH': '/home/rpd/.local/bin:/home/rpd/.local/bin:/opt/ros/jazzy/opt/gz_msgs_vendor/bin:/opt/ros/jazzy/opt/gz_tools_vendor/bin:/opt/ros/jazzy/opt/gz_ogre_next_vendor/bin:/opt/ros/jazzy/bin:/usr/local/sbin:/usr/local/bin:/usr/sbin:/usr/bin:/sbin:/bin:/usr/games:/usr/local/games:/snap/bin', 'XDG_RUNTIME_DIR': '/run/user/1000', 'DISPLAY': 'localhost:10.0', 'LANG': 'en_US.UTF-8', 'LS_COLORS': 'rs=0:di=01;34:ln=01;36:mh=00:pi=40;33:so=01;35:do=01;35:bd=40;33;01:cd=40;33;01:or=40;31;01:mi=00:su=37;41:sg=30;43:ca=00:tw=30;42:ow=34;42:st=37;44:ex=01;32:*.tar=01;31:*.tgz=01;31:*.arc=01;31:*.arj=01;31:*.taz=01;31:*.lha=01;31:*.lz4=01;31:*.lzh=01;31:*.lzma=01;31:*.tlz=01;31:*.txz=01;31:*.tzo=01;31:*.t7z=01;31:*.zip=01;31:*.z=01;31:*.dz=01;31:*.gz=01;31:*.lrz=01;31:*.lz=01;31:*.lzo=01;31:*.xz=01;31:*.zst=01;31:*.tzst=01;31:*.bz2=01;31:*.bz=01;31:*.tbz=01;31:*.tbz2=01;31:*.tz=01;31:*.deb=01;31:*.rpm=01;31:*.jar=01;31:*.war=01;31:*.ear=01;31:*.sar=01;31:*.rar=01;31:*.alz=01;31:*.ace=01;31:*.zoo=01;31:*.cpio=01;31:*.7z=01;31:*.rz=01;31:*.cab=01;31:*.wim=01;31:*.swm=01;31:*.dwm=01;31:*.esd=01;31:*.avif=01;35:*.jpg=01;35:*.jpeg=01;35:*.mjpg=01;35:*.mjpeg=01;35:*.gif=01;35:*.bmp=01;35:*.pbm=01;35:*.pgm=01;35:*.ppm=01;35:*.tga=01;35:*.xbm=01;35:*.xpm=01;35:*.tif=01;35:*.tiff=01;35:*.png=01;35:*.svg=01;35:*.svgz=01;35:*.mng=01;35:*.pcx=01;35:*.mov=01;35:*.mpg=01;35:*.mpeg=01;35:*.m2v=01;35:*.mkv=01;35:*.webm=01;35:*.webp=01;35:*.ogm=01;35:*.mp4=01;35:*.m4v=01;35:*.mp4v=01;35:*.vob=01;35:*.qt=01;35:*.nuv=01;35:*.wmv=01;35:*.asf=01;35:*.rm=01;35:*.rmvb=01;35:*.flc=01;35:*.avi=01;35:*.fli=01;35:*.flv=01;35:*.gl=01;35:*.dl=01;35:*.xcf=01;35:*.xwd=01;35:*.yuv=01;35:*.cgm=01;35:*.emf=01;35:*.ogv=01;35:*.ogx=01;35:*.aac=00;36:*.au=00;36:*.flac=00;36:*.m4a=00;36:*.mid=00;36:*.midi=00;36:*.mka=00;36:*.mp3=00;36:*.mpc=00;36:*.ogg=00;36:*.ra=00;36:*.wav=00;36:*.oga=00;36:*.opus=00;36:*.spx=00;36:*.xspf=00;36:*~=00;90:*#=00;90:*.bak=00;90:*.crdownload=00;90:*.dpkg-dist=00;90:*.dpkg-new=00;90:*.dpkg-old=00;90:*.dpkg-tmp=00;90:*.old=00;90:*.orig=00;90:*.part=00;90:*.rej=00;90:*.rpmnew=00;90:*.rpmorig=00;90:*.rpmsave=00;90:*.swp=00;90:*.tmp=00;90:*.ucf-dist=00;90:*.ucf-new=00;90:*.ucf-old=00;90:', 'ROS_DOMAIN_ID': '12', 'AMENT_PREFIX_PATH': '/opt/ros/jazzy', 'SHELL': '/bin/bash', 'LESSCLOSE': '/usr/bin/lesspipe %s %s', 'ROS_AUTOMATIC_DISCOVERY_RANGE': 'SUBNET', 'PWD': '/home/rpd/Nav2/build/explore_lite_msgs', 'LC_ALL': 'en_US.UTF-8', 'SSH_CONNECTION': '192.168.20.51 43874 192.168.22.22 22', 'XDG_DATA_DIRS': '/usr/local/share:/usr/share:/var/lib/snapd/desktop', 'PYTHONPATH': '/opt/ros/jazzy/lib/python3.12/site-packages:/usr/local/lib:/usr/local/lib/python3/dist-packages:/usr/local/lib/python3.11/site-packages', 'COLCON': '1', 'CMAKE_PREFIX_PATH': '/opt/ros/jazzy/opt/gz_sim_vendor:/opt/ros/jazzy/opt/gz_sensors_vendor:/opt/ros/jazzy/opt/gz_physics_vendor:/opt/ros/jazzy/opt/sdformat_vendor:/opt/ros/jazzy/opt/gz_gui_vendor:/opt/ros/jazzy/opt/gz_transport_vendor:/opt/ros/jazzy/opt/gz_rendering_vendor:/opt/ros/jazzy/opt/gz_plugin_vendor:/opt/ros/jazzy/opt/gz_fuel_tools_vendor:/opt/ros/jazzy/opt/gz_msgs_vendor:/opt/ros/jazzy/opt/gz_common_vendor:/opt/ros/jazzy/opt/gz_math_vendor:/opt/ros/jazzy/opt/gz_utils_vendor:/opt/ros/jazzy/opt/gz_tools_vendor:/opt/ros/jazzy/opt/gz_ogre_next_vendor:/opt/ros/jazzy/opt/gz_dartsim_vendor:/opt/ros/jazzy/opt/gz_cmake_vendor:/opt/ros/jazzy'}), 'shell': False}
[11.727531] (-) TimerEvent: {}
[11.829632] (-) TimerEvent: {}
[11.841776] (explore_lite_msgs) StdoutLine: {'line': b'[  2%] \x1b[34m\x1b[1mGenerating type hashes for ROS interfaces\x1b[0m\n'}
[11.931628] (-) TimerEvent: {}
[11.937682] (explore_lite_msgs) StdoutLine: {'line': b'[  2%] Built target ament_cmake_python_copy_explore_lite_msgs\n'}
[12.031750] (-) TimerEvent: {}
[12.046686] (rplidar_ros) StdoutLine: {'line': b'[ 21%] \x1b[32mBuilding CXX object CMakeFiles/rplidar_composition.dir/sdk/src/arch/linux/net_socket.cpp.o\x1b[0m\n'}
[12.131877] (-) TimerEvent: {}
[12.232513] (-) TimerEvent: {}
[12.334796] (-) TimerEvent: {}
[12.437602] (-) TimerEvent: {}
[12.482099] (explore_lite_msgs) StdoutLine: {'line': b'running egg_info\n'}
[12.484313] (explore_lite_msgs) StdoutLine: {'line': b'creating explore_lite_msgs.egg-info\n'}
[12.523718] (explore_lite_msgs) StdoutLine: {'line': b'writing explore_lite_msgs.egg-info/PKG-INFO\n'}
[12.525235] (explore_lite_msgs) StdoutLine: {'line': b'writing dependency_links to explore_lite_msgs.egg-info/dependency_links.txt\n'}
[12.525520] (explore_lite_msgs) StdoutLine: {'line': b'writing top-level names to explore_lite_msgs.egg-info/top_level.txt\n'}
[12.528598] (explore_lite_msgs) StdoutLine: {'line': b"writing manifest file 'explore_lite_msgs.egg-info/SOURCES.txt'\n"}
[12.537729] (-) TimerEvent: {}
[12.642592] (-) TimerEvent: {}
[12.739375] (explore_lite_msgs) StdoutLine: {'line': b"reading manifest file 'explore_lite_msgs.egg-info/SOURCES.txt'\n"}
[12.742770] (-) TimerEvent: {}
[12.743420] (explore_lite_msgs) StdoutLine: {'line': b"writing manifest file 'explore_lite_msgs.egg-info/SOURCES.txt'\n"}
[12.842930] (-) TimerEvent: {}
[12.909564] (explore_lite_msgs) StdoutLine: {'line': b'[  2%] Built target ament_cmake_python_build_explore_lite_msgs_egg\n'}
[12.944788] (-) TimerEvent: {}
[12.958309] (explore_lite_msgs) StdoutLine: {'line': b'[  2%] Built target explore_lite_msgs__rosidl_generator_type_description\n'}
[13.012591] (explore_lite_msgs) StdoutLine: {'line': b'[  5%] \x1b[34m\x1b[1mGenerating C code for ROS interfaces\x1b[0m\n'}
[13.047643] (-) TimerEvent: {}
[13.060290] (explore_lite_msgs) StdoutLine: {'line': b'[  8%] \x1b[34m\x1b[1mGenerating C++ code for ROS interfaces\x1b[0m\n'}
[13.147795] (-) TimerEvent: {}
[13.248319] (-) TimerEvent: {}
[13.349642] (-) TimerEvent: {}
[13.450122] (-) TimerEvent: {}
[13.549049] (rplidar_ros) StderrLine: {'line': b'In file included from \x1b[01m\x1b[K/home/rpd/Nav2/src/rplidar_ros/sdk/include/sl_lidar_cmd.h:41\x1b[m\x1b[K,\n'}
[13.549364] (rplidar_ros) StderrLine: {'line': b'                 from \x1b[01m\x1b[K/home/rpd/Nav2/src/rplidar_ros/sdk/include/sl_lidar_driver.h:54\x1b[m\x1b[K,\n'}
[13.549489] (rplidar_ros) StderrLine: {'line': b'                 from \x1b[01m\x1b[K/home/rpd/Nav2/src/rplidar_ros/sdk/include/sl_lidar.h:36\x1b[m\x1b[K,\n'}
[13.549658] (rplidar_ros) StderrLine: {'line': b'                 from \x1b[01m\x1b[K/home/rpd/Nav2/src/rplidar_ros/src/rplidar_node.cpp:38\x1b[m\x1b[K:\n'}
[13.549797] (rplidar_ros) StderrLine: {'line': b'\x1b[01m\x1b[K/home/rpd/Nav2/src/rplidar_ros/sdk/include/sl_lidar_protocol.h:66:16:\x1b[m\x1b[K \x1b[01;35m\x1b[Kwarning: \x1b[m\x1b[KISO C++ forbids zero-size array \xe2\x80\x98\x1b[01m\x1b[Kdata\x1b[m\x1b[K\xe2\x80\x99 [\x1b[01;35m\x1b[K\x1b]8;;https://gcc.gnu.org/onlinedocs/gcc/Warning-Options.html#index-Wpedantic\x07-Wpedantic\x1b]8;;\x07\x1b[m\x1b[K]\n'}
[13.549939] (rplidar_ros) StderrLine: {'line': b'   66 |     sl_u8 data[\x1b[01;35m\x1b[K0\x1b[m\x1b[K];\n'}
[13.550047] (rplidar_ros) StderrLine: {'line': b'      |                \x1b[01;35m\x1b[K^\x1b[m\x1b[K\n'}
[13.550153] (-) TimerEvent: {}
[13.550785] (rplidar_ros) StderrLine: {'line': b'\x1b[01m\x1b[K/home/rpd/Nav2/src/rplidar_ros/sdk/include/sl_lidar_cmd.h:324:20:\x1b[m\x1b[K \x1b[01;35m\x1b[Kwarning: \x1b[m\x1b[KISO C++ forbids zero-size array \xe2\x80\x98\x1b[01m\x1b[Kpayload\x1b[m\x1b[K\xe2\x80\x99 [\x1b[01;35m\x1b[K\x1b]8;;https://gcc.gnu.org/onlinedocs/gcc/Warning-Options.html#index-Wpedantic\x07-Wpedantic\x1b]8;;\x07\x1b[m\x1b[K]\n'}
[13.551082] (rplidar_ros) StderrLine: {'line': b'  324 |     sl_u8  payload[\x1b[01;35m\x1b[K0\x1b[m\x1b[K];\n'}
[13.551268] (rplidar_ros) StderrLine: {'line': b'      |                    \x1b[01;35m\x1b[K^\x1b[m\x1b[K\n'}
[13.653618] (-) TimerEvent: {}
[13.754272] (-) TimerEvent: {}
[13.854968] (-) TimerEvent: {}
[13.930633] (multirobot_map_merge) StderrLine: {'line': b'HTTP request sent, awaiting response... 200 OK\n'}
[13.931099] (multirobot_map_merge) StderrLine: {'line': b'Length: 16000058 (15M) [application/octet-stream]\n'}
[13.931284] (multirobot_map_merge) StderrLine: {'line': b'Saving to: \xe2\x80\x98/home/rpd/Nav2/build/multirobot_map_merge/2011-08-09-12-22-52.pgm\xe2\x80\x99\n'}
[13.937611] (multirobot_map_merge) StderrLine: {'line': b'\n'}
[13.955132] (-) TimerEvent: {}
[13.955767] (rplidar_ros) StderrLine: {'line': b'In file included from \x1b[01m\x1b[K/home/rpd/Nav2/src/rplidar_ros/sdk/include/rplidar_protocol.h:36\x1b[m\x1b[K,\n'}
[13.956419] (rplidar_ros) StderrLine: {'line': b'                 from \x1b[01m\x1b[K/home/rpd/Nav2/src/rplidar_ros/sdk/include/rplidar.h:39\x1b[m\x1b[K,\n'}
[13.956626] (rplidar_ros) StderrLine: {'line': b'                 from \x1b[01m\x1b[K/home/rpd/Nav2/src/rplidar_ros/sdk/src/sdkcommon.h:49\x1b[m\x1b[K,\n'}
[13.956737] (rplidar_ros) StderrLine: {'line': b'                 from \x1b[01m\x1b[K/home/rpd/Nav2/src/rplidar_ros/sdk/src/arch/linux/net_socket.cpp:10\x1b[m\x1b[K:\n'}
[13.956865] (rplidar_ros) StderrLine: {'line': b'\x1b[01m\x1b[K/home/rpd/Nav2/src/rplidar_ros/sdk/include/sl_lidar_protocol.h:66:16:\x1b[m\x1b[K \x1b[01;35m\x1b[Kwarning: \x1b[m\x1b[KISO C++ forbids zero-size array \xe2\x80\x98\x1b[01m\x1b[Kdata\x1b[m\x1b[K\xe2\x80\x99 [\x1b[01;35m\x1b[K\x1b]8;;https://gcc.gnu.org/onlinedocs/gcc/Warning-Options.html#index-Wpedantic\x07-Wpedantic\x1b]8;;\x07\x1b[m\x1b[K]\n'}
[13.956984] (rplidar_ros) StderrLine: {'line': b'   66 |     sl_u8 data[\x1b[01;35m\x1b[K0\x1b[m\x1b[K];\n'}
[13.957083] (rplidar_ros) StderrLine: {'line': b'      |                \x1b[01;35m\x1b[K^\x1b[m\x1b[K\n'}
[13.960264] (rplidar_ros) StderrLine: {'line': b'In file included from \x1b[01m\x1b[K/home/rpd/Nav2/src/rplidar_ros/sdk/include/rplidar_cmd.h:36\x1b[m\x1b[K,\n'}
[13.960588] (rplidar_ros) StderrLine: {'line': b'                 from \x1b[01m\x1b[K/home/rpd/Nav2/src/rplidar_ros/sdk/include/rplidar.h:40\x1b[m\x1b[K:\n'}
[13.960723] (rplidar_ros) StderrLine: {'line': b'\x1b[01m\x1b[K/home/rpd/Nav2/src/rplidar_ros/sdk/include/sl_lidar_cmd.h:324:20:\x1b[m\x1b[K \x1b[01;35m\x1b[Kwarning: \x1b[m\x1b[KISO C++ forbids zero-size array \xe2\x80\x98\x1b[01m\x1b[Kpayload\x1b[m\x1b[K\xe2\x80\x99 [\x1b[01;35m\x1b[K\x1b]8;;https://gcc.gnu.org/onlinedocs/gcc/Warning-Options.html#index-Wpedantic\x07-Wpedantic\x1b]8;;\x07\x1b[m\x1b[K]\n'}
[13.961161] (multirobot_map_merge) StderrLine: {'line': b'     0K .......... .......... .......... .......... ..........  0% 1.50M 10s\n'}
[13.961321] (rplidar_ros) StderrLine: {'line': b'  324 |     sl_u8  payload[\x1b[01;35m\x1b[K0\x1b[m\x1b[K];\n'}
[13.961490] (rplidar_ros) StderrLine: {'line': b'      |                    \x1b[01;35m\x1b[K^\x1b[m\x1b[K\n'}
[13.971655] (multirobot_map_merge) StderrLine: {'line': b'    50K .......... .......... .......... .......... ..........  0% 3.69M 7s\n'}
[13.985968] (multirobot_map_merge) StderrLine: {'line': b'   100K .......... .......... .......... .......... ..........  0% 3.69M 6s\n'}
[14.017519] (multirobot_map_merge) StderrLine: {'line': b'   150K .......... .......... .......... .......... ..........  1% 1.51M 7s\n'}
[14.017909] (multirobot_map_merge) StderrLine: {'line': b'   200K .......... .......... .......... .......... ..........  1%  126M 6s\n'}
[14.029158] (multirobot_map_merge) StderrLine: {'line': b'   250K .......... .......... .......... .......... ..........  1% 4.21M 5s\n'}
[14.041250] (multirobot_map_merge) StderrLine: {'line': b'   300K .......... .......... .......... .......... ..........  2% 4.02M 5s\n'}
[14.046135] (multirobot_map_merge) StderrLine: {'line': b'   350K .......... .......... .......... .......... ..........  2% 10.5M 5s\n'}
[14.046406] (multirobot_map_merge) StderrLine: {'line': b'   400K .......... .......... .......... .......... ..........  2%  150M 4s\n'}
[14.052130] (rplidar_ros) StderrLine: {'line': b'In file included from \x1b[01m\x1b[K/home/rpd/Nav2/src/rplidar_ros/sdk/src/arch/linux/arch_linux.h:42\x1b[m\x1b[K,\n'}
[14.052577] (rplidar_ros) StderrLine: {'line': b'                 from \x1b[01m\x1b[K/home/rpd/Nav2/src/rplidar_ros/sdk/src/sdkcommon.h:41\x1b[m\x1b[K:\n'}
[14.052836] (rplidar_ros) StderrLine: {'line': b'\x1b[01m\x1b[K/home/rpd/Nav2/src/rplidar_ros/sdk/src/arch/linux/net_socket.cpp:\x1b[m\x1b[K In member function \xe2\x80\x98\x1b[01m\x1b[Kvirtual u_result rp::arch::net::DGramSocketImpl::\x1b[01;32m\x1b[KsendTo\x1b[m\x1b[K(const rp::net::SocketAddress*, const void*, size_t)\x1b[m\x1b[K\xe2\x80\x99:\n'}
[14.055332] (rplidar_ros) StderrLine: {'line': b'\x1b[01m\x1b[K/home/rpd/Nav2/src/rplidar_ros/sdk/src/arch/linux/net_socket.cpp:733:24:\x1b[m\x1b[K \x1b[01;35m\x1b[Kwarning: \x1b[m\x1b[Kcomparison of integer expressions of different signedness: \xe2\x80\x98\x1b[01m\x1b[Kint\x1b[m\x1b[K\xe2\x80\x99 and \xe2\x80\x98\x1b[01m\x1b[Ksize_t\x1b[m\x1b[K\xe2\x80\x99 {aka \xe2\x80\x98\x1b[01m\x1b[Klong unsigned int\x1b[m\x1b[K\xe2\x80\x99} [\x1b[01;35m\x1b[K\x1b]8;;https://gcc.gnu.org/onlinedocs/gcc/Warning-Options.html#index-Wsign-compare\x07-Wsign-compare\x1b]8;;\x07\x1b[m\x1b[K]\n'}
[14.055660] (-) TimerEvent: {}
[14.055871] (rplidar_ros) StderrLine: {'line': b'  733 |             assert(\x1b[01;35m\x1b[Kans == len\x1b[m\x1b[K);\n'}
[14.056017] (rplidar_ros) StderrLine: {'line': b'      |                    \x1b[01;35m\x1b[K~~~~^~~~~~\x1b[m\x1b[K\n'}
[14.072113] (multirobot_map_merge) StderrLine: {'line': b'   450K .......... .......... .......... .......... ..........  3% 1.94M 4s\n'}
[14.072426] (multirobot_map_merge) StderrLine: {'line': b'   500K .......... .......... .......... .......... ..........  3%  128M 4s\n'}
[14.072571] (multirobot_map_merge) StderrLine: {'line': b'   550K .......... .......... .......... .......... ..........  3%  156M 4s\n'}
[14.081078] (multirobot_map_merge) StderrLine: {'line': b'   600K .......... .......... .......... .......... ..........  4% 5.30M 4s\n'}
[14.093208] (multirobot_map_merge) StderrLine: {'line': b'   650K .......... .......... .......... .......... ..........  4% 4.32M 4s\n'}
[14.109106] (multirobot_map_merge) StderrLine: {'line': b'   700K .......... .......... .......... .......... ..........  4% 2.96M 4s\n'}
[14.117332] (multirobot_map_merge) StderrLine: {'line': b'   750K .......... .......... .......... .......... ..........  5% 6.67M 4s\n'}
[14.125637] (multirobot_map_merge) StderrLine: {'line': b'   800K .......... .......... .......... .......... ..........  5% 5.28M 3s\n'}
[14.139719] (multirobot_map_merge) StderrLine: {'line': b'   850K .......... .......... .......... .......... ..........  5% 3.69M 3s\n'}
[14.149454] (multirobot_map_merge) StderrLine: {'line': b'   900K .......... .......... .......... .......... ..........  6% 4.59M 3s\n'}
[14.161621] (-) TimerEvent: {}
[14.173753] (multirobot_map_merge) StderrLine: {'line': b'   950K .......... .......... .......... .......... ..........  6% 2.51M 4s\n'}
[14.182783] (multirobot_map_merge) StderrLine: {'line': b'  1000K .......... .......... .......... .......... ..........  6% 3.51M 4s\n'}
[14.197709] (multirobot_map_merge) StderrLine: {'line': b'  1050K .......... .......... .......... .......... ..........  7% 3.64M 4s\n'}
[14.203601] (rplidar_ros) StderrLine: {'line': b'In file included from \x1b[01m\x1b[K/home/rpd/Nav2/src/rplidar_ros/sdk/include/sl_lidar_cmd.h:41\x1b[m\x1b[K,\n'}
[14.204232] (rplidar_ros) StderrLine: {'line': b'                 from \x1b[01m\x1b[K/home/rpd/Nav2/src/rplidar_ros/sdk/include/sl_lidar_driver.h:54\x1b[m\x1b[K,\n'}
[14.204648] (rplidar_ros) StderrLine: {'line': b'                 from \x1b[01m\x1b[K/home/rpd/Nav2/src/rplidar_ros/sdk/include/sl_lidar.h:36\x1b[m\x1b[K,\n'}
[14.205705] (rplidar_ros) StderrLine: {'line': b'                 from \x1b[01m\x1b[K/home/rpd/Nav2/src/rplidar_ros/src/rplidar_node.cpp:38\x1b[m\x1b[K:\n'}
[14.205987] (rplidar_ros) StderrLine: {'line': b'\x1b[01m\x1b[K/home/rpd/Nav2/src/rplidar_ros/sdk/include/sl_lidar_protocol.h:66:16:\x1b[m\x1b[K \x1b[01;35m\x1b[Kwarning: \x1b[m\x1b[KISO C++ forbids zero-size array \xe2\x80\x98\x1b[01m\x1b[Kdata\x1b[m\x1b[K\xe2\x80\x99 [\x1b[01;35m\x1b[K\x1b]8;;https://gcc.gnu.org/onlinedocs/gcc/Warning-Options.html#index-Wpedantic\x07-Wpedantic\x1b]8;;\x07\x1b[m\x1b[K]\n'}
[14.206138] (rplidar_ros) StderrLine: {'line': b'   66 |     sl_u8 data[\x1b[01;35m\x1b[K0\x1b[m\x1b[K];\n'}
[14.206258] (rplidar_ros) StderrLine: {'line': b'      |                \x1b[01;35m\x1b[K^\x1b[m\x1b[K\n'}
[14.208835] (multirobot_map_merge) StderrLine: {'line': b'  1100K .......... .......... .......... .......... ..........  7% 4.37M 4s\n'}
[14.209170] (rplidar_ros) StderrLine: {'line': b'\x1b[01m\x1b[K/home/rpd/Nav2/src/rplidar_ros/sdk/include/sl_lidar_cmd.h:324:20:\x1b[m\x1b[K \x1b[01;35m\x1b[Kwarning: \x1b[m\x1b[KISO C++ forbids zero-size array \xe2\x80\x98\x1b[01m\x1b[Kpayload\x1b[m\x1b[K\xe2\x80\x99 [\x1b[01;35m\x1b[K\x1b]8;;https://gcc.gnu.org/onlinedocs/gcc/Warning-Options.html#index-Wpedantic\x07-Wpedantic\x1b]8;;\x07\x1b[m\x1b[K]\n'}
[14.209326] (rplidar_ros) StderrLine: {'line': b'  324 |     sl_u8  payload[\x1b[01;35m\x1b[K0\x1b[m\x1b[K];\n'}
[14.209453] (rplidar_ros) StderrLine: {'line': b'      |                    \x1b[01;35m\x1b[K^\x1b[m\x1b[K\n'}
[14.223242] (multirobot_map_merge) StderrLine: {'line': b'  1150K .......... .......... .......... .......... ..........  7% 3.15M 4s\n'}
[14.231351] (multirobot_map_merge) StderrLine: {'line': b'  1200K .......... .......... .......... .......... ..........  7% 5.95M 4s\n'}
[14.250295] (multirobot_map_merge) StderrLine: {'line': b'  1250K .......... .......... .......... .......... ..........  8% 2.56M 4s\n'}
[14.263608] (-) TimerEvent: {}
[14.264541] (multirobot_map_merge) StderrLine: {'line': b'  1300K .......... .......... .......... .......... ..........  8% 4.42M 4s\n'}
[14.280212] (multirobot_map_merge) StderrLine: {'line': b'  1350K .......... .......... .......... .......... ..........  8% 2.60M 4s\n'}
[14.290260] (multirobot_map_merge) StderrLine: {'line': b'  1400K .......... .......... .......... .......... ..........  9% 4.85M 4s\n'}
[14.299613] (multirobot_map_merge) StderrLine: {'line': b'  1450K .......... .......... .......... .......... ..........  9% 5.78M 4s\n'}
[14.316252] (multirobot_map_merge) StderrLine: {'line': b'  1500K .......... .......... .......... .......... ..........  9% 3.69M 4s\n'}
[14.320099] (multirobot_map_merge) StderrLine: {'line': b'  1550K .......... .......... .......... .......... .......... 10% 5.80M 3s\n'}
[14.330226] (multirobot_map_merge) StderrLine: {'line': b'  1600K .......... .......... .......... .......... .......... 10% 4.86M 3s\n'}
[14.363766] (-) TimerEvent: {}
[14.367760] (multirobot_map_merge) StderrLine: {'line': b'  1650K .......... .......... .......... .......... .......... 10% 1.42M 4s\n'}
[14.374555] (multirobot_map_merge) StderrLine: {'line': b'  1700K .......... .......... .......... .......... .......... 11% 4.95M 4s\n'}
[14.386582] (multirobot_map_merge) StderrLine: {'line': b'  1750K .......... .......... .......... .......... .......... 11% 4.17M 4s\n'}
[14.400412] (multirobot_map_merge) StderrLine: {'line': b'  1800K .......... .......... .......... .......... .......... 11% 4.86M 4s\n'}
[14.409653] (multirobot_map_merge) StderrLine: {'line': b'  1850K .......... .......... .......... .......... .......... 12% 4.53M 3s\n'}
[14.427834] (multirobot_map_merge) StderrLine: {'line': b'  1900K .......... .......... .......... .......... .......... 12% 2.52M 4s\n'}
[14.441657] (multirobot_map_merge) StderrLine: {'line': b'  1950K .......... .......... .......... .......... .......... 12% 5.24M 3s\n'}
[14.464748] (-) TimerEvent: {}
[14.565411] (-) TimerEvent: {}
[14.605780] (explore_lite_msgs) StdoutLine: {'line': b'[ 11%] \x1b[32mBuilding C object CMakeFiles/explore_lite_msgs__rosidl_generator_c.dir/rosidl_generator_c/explore_lite_msgs/msg/detail/explore_status__type_support.c.o\x1b[0m\n'}
[14.608554] (explore_lite_msgs) StdoutLine: {'line': b'[ 14%] \x1b[32mBuilding C object CMakeFiles/explore_lite_msgs__rosidl_generator_c.dir/rosidl_generator_c/explore_lite_msgs/msg/detail/explore_status__description.c.o\x1b[0m\n'}
[14.617690] (explore_lite_msgs) StdoutLine: {'line': b'[ 17%] \x1b[32mBuilding C object CMakeFiles/explore_lite_msgs__rosidl_generator_c.dir/rosidl_generator_c/explore_lite_msgs/msg/detail/explore_status__functions.c.o\x1b[0m\n'}
[14.628398] (multirobot_map_merge) StderrLine: {'line': b'  2000K .......... .......... .......... .......... .......... 13%  260K 5s\n'}
[14.629652] (explore_lite_msgs) StdoutLine: {'line': b'[ 17%] Built target explore_lite_msgs__cpp\n'}
[14.635240] (multirobot_map_merge) StderrLine: {'line': b'  2050K .......... .......... .......... .......... .......... 13% 7.18M 5s\n'}
[14.665603] (-) TimerEvent: {}
[14.675958] (multirobot_map_merge) StderrLine: {'line': b'  2100K .......... .......... .......... .......... .......... 13% 1.20M 5s\n'}
[14.698381] (multirobot_map_merge) StderrLine: {'line': b'  2150K .......... .......... .......... .......... .......... 14% 2.18M 5s\n'}
[14.708034] (rplidar_ros) StdoutLine: {'line': b'[ 23%] \x1b[32mBuilding CXX object CMakeFiles/rplidar_composition.dir/sdk/src/arch/linux/timer.cpp.o\x1b[0m\n'}
[14.713646] (multirobot_map_merge) StderrLine: {'line': b'  2200K .......... .......... .......... .......... .......... 14% 3.81M 5s\n'}
[14.721973] (multirobot_map_merge) StderrLine: {'line': b'  2250K .......... .......... .......... .......... .......... 14% 7.72M 5s\n'}
[14.731978] (multirobot_map_merge) StderrLine: {'line': b'  2300K .......... .......... .......... .......... .......... 15% 3.65M 5s\n'}
[14.739363] (multirobot_map_merge) StderrLine: {'line': b'  2350K .......... .......... .......... .......... .......... 15% 5.84M 4s\n'}
[14.768642] (-) TimerEvent: {}
[14.869402] (-) TimerEvent: {}
[14.969966] (-) TimerEvent: {}
[15.070478] (-) TimerEvent: {}
[15.110712] (multirobot_map_merge) StderrLine: {'line': b'  2400K .......... .......... .......... .......... .......... 15%  135K 6s\n'}
[15.112334] (multirobot_map_merge) StderrLine: {'line': b'  2450K .......... .......... .......... .......... .......... 15% 17.7M 6s\n'}
[15.149329] (explore_lite_msgs) StdoutLine: {'line': b'[ 20%] \x1b[32m\x1b[1mLinking C shared library libexplore_lite_msgs__rosidl_generator_c.so\x1b[0m\n'}
[15.168356] (multirobot_map_merge) StderrLine: {'line': b'  2500K .......... .......... .......... .......... .......... 16%  904K 6s\n'}
[15.170595] (-) TimerEvent: {}
[15.203097] (multirobot_map_merge) StderrLine: {'line': b'  2550K .......... .......... .......... .......... .......... 16% 1.38M 6s\n'}
[15.217158] (multirobot_map_merge) StderrLine: {'line': b'  2600K .......... .......... .......... .......... .......... 16% 3.46M 6s\n'}
[15.231262] (multirobot_map_merge) StderrLine: {'line': b'  2650K .......... .......... .......... .......... .......... 17% 3.48M 6s\n'}
[15.242754] (multirobot_map_merge) StderrLine: {'line': b'  2700K .......... .......... .......... .......... .......... 17% 5.61M 6s\n'}
[15.249289] (multirobot_map_merge) StderrLine: {'line': b'  2750K .......... .......... .......... .......... .......... 17% 5.27M 6s\n'}
[15.270747] (-) TimerEvent: {}
[15.272747] (multirobot_map_merge) StderrLine: {'line': b'  2800K .......... .......... .......... .......... .......... 18% 2.08M 6s\n'}
[15.281853] (multirobot_map_merge) StderrLine: {'line': b'  2850K .......... .......... .......... .......... .......... 18% 8.15M 6s\n'}
[15.287646] (multirobot_map_merge) StderrLine: {'line': b'  2900K .......... .......... .......... .......... .......... 18% 5.46M 6s\n'}
[15.302179] (multirobot_map_merge) StderrLine: {'line': b'  2950K .......... .......... .......... .......... .......... 19% 3.35M 6s\n'}
[15.312823] (multirobot_map_merge) StderrLine: {'line': b'  3000K .......... .......... .......... .......... .......... 19% 5.56M 6s\n'}
[15.320282] (multirobot_map_merge) StderrLine: {'line': b'  3050K .......... .......... .......... .......... .......... 19% 5.28M 6s\n'}
[15.333398] (multirobot_map_merge) StderrLine: {'line': b'  3100K .......... .......... .......... .......... .......... 20% 3.71M 6s\n'}
[15.341591] (multirobot_map_merge) StderrLine: {'line': b'  3150K .......... .......... .......... .......... .......... 20% 5.90M 5s\n'}
[15.349050] (multirobot_map_merge) StderrLine: {'line': b'  3200K .......... .......... .......... .......... .......... 20% 6.48M 5s\n'}
[15.358118] (multirobot_map_merge) StderrLine: {'line': b'  3250K .......... .......... .......... .......... .......... 21% 5.44M 5s\n'}
[15.370894] (-) TimerEvent: {}
[15.374530] (multirobot_map_merge) StderrLine: {'line': b'  3300K .......... .......... .......... .......... .......... 21% 2.97M 5s\n'}
[15.378310] (explore_lite_msgs) StdoutLine: {'line': b'[ 20%] Built target explore_lite_msgs__rosidl_generator_c\n'}
[15.404112] (multirobot_map_merge) StderrLine: {'line': b'  3350K .......... .......... .......... .......... .......... 21% 1.64M 5s\n'}
[15.404736] (multirobot_map_merge) StderrLine: {'line': b'  3400K .......... .......... .......... .......... .......... 22% 85.3M 5s\n'}
[15.407934] (multirobot_map_merge) StderrLine: {'line': b'  3450K .......... .......... .......... .......... .......... 22%  116M 5s\n'}
[15.410415] (multirobot_map_merge) StderrLine: {'line': b'  3500K .......... .......... .......... .......... .......... 22% 9.40M 5s\n'}
[15.420771] (multirobot_map_merge) StderrLine: {'line': b'  3550K .......... .......... .......... .......... .......... 23% 5.88M 5s\n'}
[15.430615] (multirobot_map_merge) StderrLine: {'line': b'  3600K .......... .......... .......... .......... .......... 23% 5.43M 5s\n'}
[15.434115] (explore_lite_msgs) StdoutLine: {'line': b'[ 23%] \x1b[34m\x1b[1mGenerating C type support dispatch for ROS interfaces\x1b[0m\n'}
[15.438887] (explore_lite_msgs) StdoutLine: {'line': b'[ 26%] \x1b[34m\x1b[1mGenerating C type support for eProsima Fast-RTPS\x1b[0m\n'}
[15.440033] (multirobot_map_merge) StderrLine: {'line': b'  3650K .......... .......... .......... .......... .......... 23% 3.96M 5s\n'}
[15.440599] (explore_lite_msgs) StdoutLine: {'line': b'[ 29%] \x1b[34m\x1b[1mGenerating C introspection for ROS interfaces\x1b[0m\n'}
[15.445666] (explore_lite_msgs) StdoutLine: {'line': b'[ 32%] \x1b[34m\x1b[1mGenerating C++ type support dispatch for ROS interfaces\x1b[0m\n'}
[15.452670] (multirobot_map_merge) StderrLine: {'line': b'  3700K .......... .......... .......... .......... .......... 23% 4.03M 5s\n'}
[15.458749] (multirobot_map_merge) StderrLine: {'line': b'  3750K .......... .......... .......... .......... .......... 24% 8.83M 5s\n'}
[15.471041] (-) TimerEvent: {}
[15.474698] (multirobot_map_merge) StderrLine: {'line': b'  3800K .......... .......... .......... .......... .......... 24% 3.25M 5s\n'}
[15.479681] (multirobot_map_merge) StderrLine: {'line': b'  3850K .......... .......... .......... .......... .......... 24% 8.75M 5s\n'}
[15.488610] (multirobot_map_merge) StderrLine: {'line': b'  3900K .......... .......... .......... .......... .......... 25% 6.37M 5s\n'}
[15.499450] (multirobot_map_merge) StderrLine: {'line': b'  3950K .......... .......... .......... .......... .......... 25% 3.61M 5s\n'}
[15.507670] (multirobot_map_merge) StderrLine: {'line': b'  4000K .......... .......... .......... .......... .......... 25% 6.49M 5s\n'}
[15.523962] (multirobot_map_merge) StderrLine: {'line': b'  4050K .......... .......... .......... .......... .......... 26% 2.88M 4s\n'}
[15.531991] (multirobot_map_merge) StderrLine: {'line': b'  4100K .......... .......... .......... .......... .......... 26% 6.10M 4s\n'}
[15.548627] (multirobot_map_merge) StderrLine: {'line': b'  4150K .......... .......... .......... .......... .......... 26% 2.94M 4s\n'}
[15.555883] (multirobot_map_merge) StderrLine: {'line': b'  4200K .......... .......... .......... .......... .......... 27% 6.69M 4s\n'}
[15.572160] (-) TimerEvent: {}
[15.573554] (multirobot_map_merge) StderrLine: {'line': b'  4250K .......... .......... .......... .......... .......... 27% 3.01M 4s\n'}
[15.582805] (multirobot_map_merge) StderrLine: {'line': b'  4300K .......... .......... .......... .......... .......... 27% 6.18M 4s\n'}
[15.599619] (multirobot_map_merge) StderrLine: {'line': b'  4350K .......... .......... .......... .......... .......... 28% 2.64M 4s\n'}
[15.609676] (multirobot_map_merge) StderrLine: {'line': b'  4400K .......... .......... .......... .......... .......... 28% 4.97M 4s\n'}
[15.615847] (multirobot_map_merge) StderrLine: {'line': b'  4450K .......... .......... .......... .......... .......... 28% 6.44M 4s\n'}
[15.629960] (multirobot_map_merge) StderrLine: {'line': b'  4500K .......... .......... .......... .......... .......... 29% 3.50M 4s\n'}
[15.638708] (multirobot_map_merge) StderrLine: {'line': b'  4550K .......... .......... .......... .......... .......... 29% 9.26M 4s\n'}
[15.653808] (multirobot_map_merge) StderrLine: {'line': b'  4600K .......... .......... .......... .......... .......... 29% 2.63M 4s\n'}
[15.666133] (multirobot_map_merge) StderrLine: {'line': b'  4650K .......... .......... .......... .......... .......... 30% 4.10M 4s\n'}
[15.672272] (-) TimerEvent: {}
[15.680170] (multirobot_map_merge) StderrLine: {'line': b'  4700K .......... .......... .......... .......... .......... 30% 3.38M 4s\n'}
[15.691118] (multirobot_map_merge) StderrLine: {'line': b'  4750K .......... .......... .......... .......... .......... 30% 4.47M 4s\n'}
[15.698192] (multirobot_map_merge) StderrLine: {'line': b'  4800K .......... .......... .......... .......... .......... 31% 6.85M 4s\n'}
[15.714269] (multirobot_map_merge) StderrLine: {'line': b'  4850K .......... .......... .......... .......... .......... 31% 3.05M 4s\n'}
[15.724241] (multirobot_map_merge) StderrLine: {'line': b'  4900K .......... .......... .......... .......... .......... 31% 4.87M 4s\n'}
[15.733076] (multirobot_map_merge) StderrLine: {'line': b'  4950K .......... .......... .......... .......... .......... 31% 7.00M 4s\n'}
[15.746173] (multirobot_map_merge) StderrLine: {'line': b'  5000K .......... .......... .......... .......... .......... 32% 3.31M 4s\n'}
[15.753426] (multirobot_map_merge) StderrLine: {'line': b'  5050K .......... .......... .......... .......... .......... 32% 6.86M 4s\n'}
[15.767213] (multirobot_map_merge) StderrLine: {'line': b'  5100K .......... .......... .......... .......... .......... 32% 3.73M 4s\n'}
[15.775620] (-) TimerEvent: {}
[15.781399] (multirobot_map_merge) StderrLine: {'line': b'  5150K .......... .......... .......... .......... .......... 33% 3.20M 4s\n'}
[15.791973] (multirobot_map_merge) StderrLine: {'line': b'  5200K .......... .......... .......... .......... .......... 33% 4.77M 4s\n'}
[15.802477] (multirobot_map_merge) StderrLine: {'line': b'  5250K .......... .......... .......... .......... .......... 33% 4.58M 4s\n'}
[15.811615] (multirobot_map_merge) StderrLine: {'line': b'  5300K .......... .......... .......... .......... .......... 34% 5.38M 4s\n'}
[15.821854] (multirobot_map_merge) StderrLine: {'line': b'  5350K .......... .......... .......... .......... .......... 34% 5.24M 4s\n'}
[15.831645] (multirobot_map_merge) StderrLine: {'line': b'  5400K .......... .......... .......... .......... .......... 34% 4.62M 4s\n'}
[15.841628] (multirobot_map_merge) StderrLine: {'line': b'  5450K .......... .......... .......... .......... .......... 35% 7.41M 4s\n'}
[15.869198] (multirobot_map_merge) StderrLine: {'line': b'  5500K .......... .......... .......... .......... .......... 35% 1.63M 4s\n'}
[15.875774] (-) TimerEvent: {}
[15.884174] (multirobot_map_merge) StderrLine: {'line': b'  5550K .......... .......... .......... .......... .......... 35% 3.04M 4s\n'}
[15.890111] (multirobot_map_merge) StderrLine: {'line': b'  5600K .......... .......... .......... .......... .......... 36% 8.13M 3s\n'}
[15.929701] (multirobot_map_merge) StderrLine: {'line': b'  5650K .......... .......... .......... .......... .......... 36% 1.28M 3s\n'}
[15.939645] (multirobot_map_merge) StderrLine: {'line': b'  5700K .......... .......... .......... .......... .......... 36% 4.25M 3s\n'}
[15.951658] (multirobot_map_merge) StderrLine: {'line': b'  5750K .......... .......... .......... .......... .......... 37% 4.05M 3s\n'}
[15.963040] (multirobot_map_merge) StderrLine: {'line': b'  5800K .......... .......... .......... .......... .......... 37% 4.28M 3s\n'}
[15.970180] (multirobot_map_merge) StderrLine: {'line': b'  5850K .......... .......... .......... .......... .......... 37% 6.79M 3s\n'}
[15.976024] (-) TimerEvent: {}
[16.006002] (multirobot_map_merge) StderrLine: {'line': b'  5900K .......... .......... .......... .......... .......... 38% 1.51M 3s\n'}
[16.013926] (multirobot_map_merge) StderrLine: {'line': b'  5950K .......... .......... .......... .......... .......... 38% 4.60M 3s\n'}
[16.037034] (multirobot_map_merge) StderrLine: {'line': b'  6000K .......... .......... .......... .......... .......... 38% 2.15M 3s\n'}
[16.047074] (multirobot_map_merge) StderrLine: {'line': b'  6050K .......... .......... .......... .......... .......... 39% 4.44M 3s\n'}
[16.056548] (multirobot_map_merge) StderrLine: {'line': b'  6100K .......... .......... .......... .......... .......... 39% 5.52M 3s\n'}
[16.064616] (multirobot_map_merge) StderrLine: {'line': b'  6150K .......... .......... .......... .......... .......... 39% 5.52M 3s\n'}
[16.076647] (-) TimerEvent: {}
[16.090223] (multirobot_map_merge) StderrLine: {'line': b'  6200K .......... .......... .......... .......... .......... 39% 1.93M 3s\n'}
[16.092890] (multirobot_map_merge) StderrLine: {'line': b'  6250K .......... .......... .......... .......... .......... 40% 16.8M 3s\n'}
[16.104987] (multirobot_map_merge) StderrLine: {'line': b'  6300K .......... .......... .......... .......... .......... 40% 6.35M 3s\n'}
[16.110094] (multirobot_map_merge) StderrLine: {'line': b'  6350K .......... .......... .......... .......... .......... 40% 5.26M 3s\n'}
[16.117780] (multirobot_map_merge) StderrLine: {'line': b'  6400K .......... .......... .......... .......... .......... 41% 6.23M 3s\n'}
[16.132094] (multirobot_map_merge) StderrLine: {'line': b'  6450K .......... .......... .......... .......... .......... 41% 3.39M 3s\n'}
[16.138624] (multirobot_map_merge) StderrLine: {'line': b'  6500K .......... .......... .......... .......... .......... 41% 8.26M 3s\n'}
[16.145899] (multirobot_map_merge) StderrLine: {'line': b'  6550K .......... .......... .......... .......... .......... 42% 7.04M 3s\n'}
[16.156636] (multirobot_map_merge) StderrLine: {'line': b'  6600K .......... .......... .......... .......... .......... 42% 4.21M 3s\n'}
[16.164049] (multirobot_map_merge) StderrLine: {'line': b'  6650K .......... .......... .......... .......... .......... 42% 6.53M 3s\n'}
[16.175054] (multirobot_map_merge) StderrLine: {'line': b'  6700K .......... .......... .......... .......... .......... 43% 4.49M 3s\n'}
[16.176755] (-) TimerEvent: {}
[16.192593] (rplidar_ros) StdoutLine: {'line': b'[ 26%] \x1b[32mBuilding CXX object CMakeFiles/rplidar_composition.dir/sdk/src/dataunpacker/dataunpacker.cpp.o\x1b[0m\n'}
[16.193161] (multirobot_map_merge) StderrLine: {'line': b'  6750K .......... .......... .......... .......... .......... 43% 2.69M 3s\n'}
[16.200808] (multirobot_map_merge) StderrLine: {'line': b'  6800K .......... .......... .......... .......... .......... 43% 6.84M 3s\n'}
[16.209746] (multirobot_map_merge) StderrLine: {'line': b'  6850K .......... .......... .......... .......... .......... 44% 10.3M 3s\n'}
[16.217252] (multirobot_map_merge) StderrLine: {'line': b'  6900K .......... .......... .......... .......... .......... 44% 3.97M 3s\n'}
[16.227492] (multirobot_map_merge) StderrLine: {'line': b'  6950K .......... .......... .......... .......... .......... 44% 4.79M 3s\n'}
[16.232979] (multirobot_map_merge) StderrLine: {'line': b'  7000K .......... .......... .......... .......... .......... 45% 8.70M 3s\n'}
[16.243801] (multirobot_map_merge) StderrLine: {'line': b'  7050K .......... .......... .......... .......... .......... 45% 6.17M 3s\n'}
[16.249183] (multirobot_map_merge) StderrLine: {'line': b'  7100K .......... .......... .......... .......... .......... 45% 5.99M 3s\n'}
[16.256739] (multirobot_map_merge) StderrLine: {'line': b'  7150K .......... .......... .......... .......... .......... 46% 6.38M 3s\n'}
[16.264157] (multirobot_map_merge) StderrLine: {'line': b'  7200K .......... .......... .......... .......... .......... 46% 6.58M 3s\n'}
[16.276874] (-) TimerEvent: {}
[16.289732] (multirobot_map_merge) StderrLine: {'line': b'  7250K .......... .......... .......... .......... .......... 46% 2.41M 3s\n'}
[16.297588] (multirobot_map_merge) StderrLine: {'line': b'  7300K .......... .......... .......... .......... .......... 47% 4.54M 3s\n'}
[16.303673] (multirobot_map_merge) StderrLine: {'line': b'  7350K .......... .......... .......... .......... .......... 47% 5.76M 3s\n'}
[16.316215] (multirobot_map_merge) StderrLine: {'line': b'  7400K .......... .......... .......... .......... .......... 47% 3.87M 3s\n'}
[16.325210] (multirobot_map_merge) StderrLine: {'line': b'  7450K .......... .......... .......... .......... .......... 47% 5.46M 3s\n'}
[16.336025] (multirobot_map_merge) StderrLine: {'line': b'  7500K .......... .......... .......... .......... .......... 48% 4.55M 3s\n'}
[16.358694] (multirobot_map_merge) StderrLine: {'line': b'  7550K .......... .......... .......... .......... .......... 48% 3.54M 3s\n'}
[16.361732] (multirobot_map_merge) StderrLine: {'line': b'  7600K .......... .......... .......... .......... .......... 48% 4.99M 3s\n'}
[16.379571] (multirobot_map_merge) StderrLine: {'line': b'  7650K .......... .......... .......... .......... .......... 49% 2.75M 3s\n'}
[16.379873] (-) TimerEvent: {}
[16.463833] (multirobot_map_merge) StderrLine: {'line': b'  7700K .......... .......... .......... .......... .......... 49%  577K 3s\n'}
[16.473139] (multirobot_map_merge) StderrLine: {'line': b'  7750K .......... .......... .......... .......... .......... 49% 5.28M 3s\n'}
[16.480040] (-) TimerEvent: {}
[16.576628] (multirobot_map_merge) StderrLine: {'line': b'  7800K .......... .......... .......... .......... .......... 50%  991K 3s\n'}
[16.578068] (multirobot_map_merge) StderrLine: {'line': b'  7850K .......... .......... .......... .......... .......... 50%  917K 3s\n'}
[16.578608] (multirobot_map_merge) StderrLine: {'line': b'  7900K .......... .......... .......... .......... .......... 50%  102M 3s\n'}
[16.579034] (multirobot_map_merge) StderrLine: {'line': b'  7950K .......... .......... .......... .......... .......... 51%  110M 3s\n'}
[16.581601] (-) TimerEvent: {}
[16.659838] (multirobot_map_merge) StderrLine: {'line': b'  8000K .......... .......... .......... .......... .......... 51%  637K 3s\n'}
[16.665368] (multirobot_map_merge) StderrLine: {'line': b'  8050K .......... .......... .......... .......... .......... 51% 6.45M 3s\n'}
[16.680014] (multirobot_map_merge) StderrLine: {'line': b'  8100K .......... .......... .......... .......... .......... 52% 3.53M 3s\n'}
[16.681742] (-) TimerEvent: {}
[16.695732] (multirobot_map_merge) StderrLine: {'line': b'  8150K .......... .......... .......... .......... .......... 52% 2.96M 3s\n'}
[16.727717] (multirobot_map_merge) StderrLine: {'line': b'  8200K .......... .......... .......... .......... .......... 52% 2.51M 2s\n'}
[16.734796] (multirobot_map_merge) StderrLine: {'line': b'  8250K .......... .......... .......... .......... .......... 53% 2.86M 2s\n'}
[16.740751] (multirobot_map_merge) StderrLine: {'line': b'  8300K .......... .......... .......... .......... .......... 53% 6.27M 2s\n'}
[16.748843] (multirobot_map_merge) StderrLine: {'line': b'  8350K .......... .......... .......... .......... .......... 53% 6.54M 2s\n'}
[16.774864] (multirobot_map_merge) StderrLine: {'line': b'  8400K .......... .......... .......... .......... .......... 54% 1.98M 2s\n'}
[16.780910] (multirobot_map_merge) StderrLine: {'line': b'  8450K .......... .......... .......... .......... .......... 54% 5.94M 2s\n'}
[16.782926] (-) TimerEvent: {}
[16.794625] (multirobot_map_merge) StderrLine: {'line': b'  8500K .......... .......... .......... .......... .......... 54% 6.45M 2s\n'}
[16.808785] (multirobot_map_merge) StderrLine: {'line': b'  8550K .......... .......... .......... .......... .......... 55% 2.40M 2s\n'}
[16.817855] (multirobot_map_merge) StderrLine: {'line': b'  8600K .......... .......... .......... .......... .......... 55% 6.98M 2s\n'}
[16.818442] (multirobot_map_merge) StderrLine: {'line': b'  8650K .......... .......... .......... .......... .......... 55% 13.9M 2s\n'}
[16.834647] (multirobot_map_merge) StderrLine: {'line': b'  8700K .......... .......... .......... .......... .......... 55% 4.57M 2s\n'}
[16.837657] (multirobot_map_merge) StderrLine: {'line': b'  8750K .......... .......... .......... .......... .......... 56% 8.14M 2s\n'}
[16.842166] (multirobot_map_merge) StderrLine: {'line': b'  8800K .......... .......... .......... .......... .......... 56% 7.19M 2s\n'}
[16.855639] (multirobot_map_merge) StderrLine: {'line': b'  8850K .......... .......... .......... .......... .......... 56% 3.60M 2s\n'}
[16.876159] (multirobot_map_merge) StderrLine: {'line': b'  8900K .......... .......... .......... .......... .......... 57% 3.04M 2s\n'}
[16.885774] (multirobot_map_merge) StderrLine: {'line': b'  8950K .......... .......... .......... .......... .......... 57% 5.00M 2s\n'}
[16.886114] (-) TimerEvent: {}
[16.891623] (multirobot_map_merge) StderrLine: {'line': b'  9000K .......... .......... .......... .......... .......... 57% 5.85M 2s\n'}
[16.905782] (multirobot_map_merge) StderrLine: {'line': b'  9050K .......... .......... .......... .......... .......... 58% 4.00M 2s\n'}
[16.906093] (multirobot_map_merge) StderrLine: {'line': b'  9100K .......... .......... .......... .......... .......... 58% 18.6M 2s\n'}
[16.937921] (multirobot_map_merge) StderrLine: {'line': b'  9150K .......... .......... .......... .......... .......... 58% 9.07M 2s\n'}
[16.946000] (multirobot_map_merge) StderrLine: {'line': b'  9200K .......... .......... .......... .......... .......... 59% 1.35M 2s\n'}
[16.959626] (multirobot_map_merge) StderrLine: {'line': b'  9250K .......... .......... .......... .......... .......... 59% 6.37M 2s\n'}
[16.962761] (explore_lite_msgs) StdoutLine: {'line': b'[ 35%] \x1b[32mBuilding CXX object CMakeFiles/explore_lite_msgs__rosidl_typesupport_cpp.dir/rosidl_typesupport_cpp/explore_lite_msgs/msg/explore_status__type_support.cpp.o\x1b[0m\n'}
[16.968754] (multirobot_map_merge) StderrLine: {'line': b'  9300K .......... .......... .......... .......... .......... 59% 4.11M 2s\n'}
[16.974877] (multirobot_map_merge) StderrLine: {'line': b'  9350K .......... .......... .......... .......... .......... 60% 9.60M 2s\n'}
[16.983837] (multirobot_map_merge) StderrLine: {'line': b'  9400K .......... .......... .......... .......... .......... 60% 4.85M 2s\n'}
[16.986284] (-) TimerEvent: {}
[16.987812] (multirobot_map_merge) StderrLine: {'line': b'  9450K .......... .......... .......... .......... .......... 60% 7.36M 2s\n'}
[16.993551] (multirobot_map_merge) StderrLine: {'line': b'  9500K .......... .......... .......... .......... .......... 61% 8.25M 2s\n'}
[16.998651] (explore_lite_msgs) StdoutLine: {'line': b'[ 38%] \x1b[32mBuilding CXX object CMakeFiles/explore_lite_msgs__rosidl_typesupport_fastrtps_c.dir/rosidl_typesupport_fastrtps_c/explore_lite_msgs/msg/detail/explore_status__type_support_c.cpp.o\x1b[0m\n'}
[17.086439] (-) TimerEvent: {}
[17.097059] (multirobot_map_merge) StderrLine: {'line': b'  9550K .......... .......... .......... .......... .......... 61% 6.09M 2s\n'}
[17.111536] (explore_lite_msgs) StdoutLine: {'line': b'[ 41%] \x1b[32mBuilding CXX object CMakeFiles/explore_lite_msgs__rosidl_typesupport_c.dir/rosidl_typesupport_c/explore_lite_msgs/msg/explore_status__type_support.cpp.o\x1b[0m\n'}
[17.186605] (-) TimerEvent: {}
[17.214640] (explore_lite_msgs) StdoutLine: {'line': b'[ 44%] \x1b[32mBuilding C object CMakeFiles/explore_lite_msgs__rosidl_typesupport_introspection_c.dir/rosidl_typesupport_introspection_c/explore_lite_msgs/msg/detail/explore_status__type_support.c.o\x1b[0m\n'}
[17.286767] (-) TimerEvent: {}
[17.346116] (explore_lite_msgs) StdoutLine: {'line': b'[ 47%] \x1b[32m\x1b[1mLinking CXX shared library libexplore_lite_msgs__rosidl_typesupport_c.so\x1b[0m\n'}
[17.387642] (-) TimerEvent: {}
[17.438902] (explore_lite_msgs) StdoutLine: {'line': b'[ 50%] \x1b[32m\x1b[1mLinking C shared library libexplore_lite_msgs__rosidl_typesupport_introspection_c.so\x1b[0m\n'}
[17.487796] (-) TimerEvent: {}
[17.505522] (multirobot_map_merge) StderrLine: {'line': b'  9600K .......... .......... .......... .......... .......... 61% 99.3K 2s\n'}
[17.505987] (multirobot_map_merge) StderrLine: {'line': b'  9650K .......... .......... .......... .......... .......... 62%  118M 2s\n'}
[17.506164] (multirobot_map_merge) StderrLine: {'line': b'  9700K .......... .......... .......... .......... .......... 62%  137M 2s\n'}
[17.587945] (-) TimerEvent: {}
[17.609866] (multirobot_map_merge) StderrLine: {'line': b'  9750K .......... .......... .......... .......... .......... 62%  490K 2s\n'}
[17.621723] (explore_lite_msgs) StdoutLine: {'line': b'[ 50%] Built target explore_lite_msgs__rosidl_typesupport_introspection_c\n'}
[17.623681] (explore_lite_msgs) StdoutLine: {'line': b'[ 50%] Built target explore_lite_msgs__rosidl_typesupport_c\n'}
[17.644144] (multirobot_map_merge) StderrLine: {'line': b'  9800K .......... .......... .......... .......... .......... 63% 1.33M 2s\n'}
[17.677577] (explore_lite_msgs) StdoutLine: {'line': b'[ 52%] \x1b[34m\x1b[1mGenerating C++ introspection for ROS interfaces\x1b[0m\n'}
[17.685601] (multirobot_map_merge) StderrLine: {'line': b'  9850K .......... .......... .......... .......... .......... 63% 1.18M 2s\n'}
[17.688114] (-) TimerEvent: {}
[17.694689] (explore_lite_msgs) StdoutLine: {'line': b'[ 55%] \x1b[34m\x1b[1mGenerating C++ type support for eProsima Fast-RTPS\x1b[0m\n'}
[17.723814] (multirobot_map_merge) StderrLine: {'line': b'  9900K .......... .......... .......... .......... .......... 63% 1.35M 2s\n'}
[17.743602] (multirobot_map_merge) StderrLine: {'line': b'  9950K .......... .......... .......... .......... .......... 63% 2.99M 2s\n'}
[17.745524] (multirobot_map_merge) StderrLine: {'line': b' 10000K .......... .......... .......... .......... .......... 64% 6.53M 2s\n'}
[17.754619] (multirobot_map_merge) StderrLine: {'line': b' 10050K .......... .......... .......... .......... .......... 64% 6.56M 2s\n'}
[17.768926] (multirobot_map_merge) StderrLine: {'line': b' 10100K .......... .......... .......... .......... .......... 64% 4.12M 2s\n'}
[17.775049] (multirobot_map_merge) StderrLine: {'line': b' 10150K .......... .......... .......... .......... .......... 65% 4.76M 2s\n'}
[17.789622] (-) TimerEvent: {}
[17.790240] (multirobot_map_merge) StderrLine: {'line': b' 10200K .......... .......... .......... .......... .......... 65% 4.01M 2s\n'}
[17.802395] (multirobot_map_merge) StderrLine: {'line': b' 10250K .......... .......... .......... .......... .......... 65% 3.29M 2s\n'}
[17.809735] (multirobot_map_merge) StderrLine: {'line': b' 10300K .......... .......... .......... .......... .......... 66% 6.56M 2s\n'}
[17.820488] (multirobot_map_merge) StderrLine: {'line': b' 10350K .......... .......... .......... .......... .......... 66% 4.49M 2s\n'}
[17.828184] (multirobot_map_merge) StderrLine: {'line': b' 10400K .......... .......... .......... .......... .......... 66% 6.26M 2s\n'}
[17.842864] (multirobot_map_merge) StderrLine: {'line': b' 10450K .......... .......... .......... .......... .......... 67% 3.33M 2s\n'}
[17.863190] (multirobot_map_merge) StderrLine: {'line': b' 10500K .......... .......... .......... .......... .......... 67% 3.47M 2s\n'}
[17.872605] (multirobot_map_merge) StderrLine: {'line': b' 10550K .......... .......... .......... .......... .......... 67% 3.12M 2s\n'}
[17.878411] (multirobot_map_merge) StderrLine: {'line': b' 10600K .......... .......... .......... .......... .......... 68% 8.23M 2s\n'}
[17.889779] (-) TimerEvent: {}
[17.902701] (multirobot_map_merge) StderrLine: {'line': b' 10650K .......... .......... .......... .......... .......... 68% 2.03M 2s\n'}
[17.910124] (multirobot_map_merge) StderrLine: {'line': b' 10700K .......... .......... .......... .......... .......... 68% 6.52M 2s\n'}
[17.920980] (multirobot_map_merge) StderrLine: {'line': b' 10750K .......... .......... .......... .......... .......... 69% 4.52M 2s\n'}
[17.928769] (multirobot_map_merge) StderrLine: {'line': b' 10800K .......... .......... .......... .......... .......... 69% 6.60M 2s\n'}
[17.945815] (multirobot_map_merge) StderrLine: {'line': b' 10850K .......... .......... .......... .......... .......... 69% 3.09M 2s\n'}
[17.947313] (multirobot_map_merge) StderrLine: {'line': b' 10900K .......... .......... .......... .......... .......... 70% 15.1M 2s\n'}
[17.955236] (multirobot_map_merge) StderrLine: {'line': b' 10950K .......... .......... .......... .......... .......... 70% 6.27M 2s\n'}
[17.978486] (multirobot_map_merge) StderrLine: {'line': b' 11000K .......... .......... .......... .......... .......... 70% 2.10M 2s\n'}
[17.995652] (multirobot_map_merge) StderrLine: {'line': b' 11050K .......... .......... .......... .......... .......... 71% 6.00M 2s\n'}
[17.996008] (-) TimerEvent: {}
[18.030654] (multirobot_map_merge) StderrLine: {'line': b' 11100K .......... .......... .......... .......... .......... 71% 1.21M 2s\n'}
[18.031052] (multirobot_map_merge) StderrLine: {'line': b' 11150K .......... .......... .......... .......... .......... 71%  102M 2s\n'}
[18.033680] (multirobot_map_merge) StderrLine: {'line': b' 11200K .......... .......... .......... .......... .......... 71% 95.9M 2s\n'}
[18.036094] (multirobot_map_merge) StderrLine: {'line': b' 11250K .......... .......... .......... .......... .......... 72% 6.10M 2s\n'}
[18.050038] (multirobot_map_merge) StderrLine: {'line': b' 11300K .......... .......... .......... .......... .......... 72% 3.47M 2s\n'}
[18.067078] (multirobot_map_merge) StderrLine: {'line': b' 11350K .......... .......... .......... .......... .......... 72% 2.89M 2s\n'}
[18.073089] (multirobot_map_merge) StderrLine: {'line': b' 11400K .......... .......... .......... .......... .......... 73% 8.12M 2s\n'}
[18.093858] (multirobot_map_merge) StderrLine: {'line': b' 11450K .......... .......... .......... .......... .......... 73% 2.72M 1s\n'}
[18.096172] (-) TimerEvent: {}
[18.112807] (multirobot_map_merge) StderrLine: {'line': b' 11500K .......... .......... .......... .......... .......... 73% 2.43M 1s\n'}
[18.130627] (multirobot_map_merge) StderrLine: {'line': b' 11550K .......... .......... .......... .......... .......... 74% 3.44M 1s\n'}
[18.142180] (multirobot_map_merge) StderrLine: {'line': b' 11600K .......... .......... .......... .......... .......... 74% 2.91M 1s\n'}
[18.151035] (multirobot_map_merge) StderrLine: {'line': b' 11650K .......... .......... .......... .......... .......... 74% 5.46M 1s\n'}
[18.174239] (multirobot_map_merge) StderrLine: {'line': b' 11700K .......... .......... .......... .......... .......... 75% 2.11M 1s\n'}
[18.185068] (multirobot_map_merge) StderrLine: {'line': b' 11750K .......... .......... .......... .......... .......... 75% 4.49M 1s\n'}
[18.196336] (-) TimerEvent: {}
[18.209953] (multirobot_map_merge) StderrLine: {'line': b' 11800K .......... .......... .......... .......... .......... 75% 2.12M 1s\n'}
[18.221308] (multirobot_map_merge) StderrLine: {'line': b' 11850K .......... .......... .......... .......... .......... 76% 4.63M 1s\n'}
[18.241634] (explore_lite_msgs) StdoutLine: {'line': b'[ 58%] \x1b[32m\x1b[1mLinking CXX shared library libexplore_lite_msgs__rosidl_typesupport_cpp.so\x1b[0m\n'}
[18.299613] (-) TimerEvent: {}
[18.320813] (multirobot_map_merge) StderrLine: {'line': b' 11900K .......... .......... .......... .......... .......... 76%  504K 1s\n'}
[18.325007] (multirobot_map_merge) StderrLine: {'line': b' 11950K .......... .......... .......... .......... .......... 76% 6.71M 1s\n'}
[18.388184] (multirobot_map_merge) StderrLine: {'line': b' 12000K .......... .......... .......... .......... .......... 77%  791K 1s\n'}
[18.394030] (multirobot_map_merge) StderrLine: {'line': b' 12050K .......... .......... .......... .......... .......... 77% 8.45M 1s\n'}
[18.403619] (-) TimerEvent: {}
[18.411722] (multirobot_map_merge) StderrLine: {'line': b' 12100K .......... .......... .......... .......... .......... 77% 2.75M 1s\n'}
[18.414083] (explore_lite_msgs) StdoutLine: {'line': b'[ 58%] Built target explore_lite_msgs__rosidl_typesupport_cpp\n'}
[18.442596] (multirobot_map_merge) StderrLine: {'line': b' 12150K .......... .......... .......... .......... .......... 78% 1.58M 1s\n'}
[18.453830] (multirobot_map_merge) StderrLine: {'line': b' 12200K .......... .......... .......... .......... .......... 78% 4.81M 1s\n'}
[18.465798] (multirobot_map_merge) StderrLine: {'line': b' 12250K .......... .......... .......... .......... .......... 78% 4.52M 1s\n'}
[18.475375] (multirobot_map_merge) StderrLine: {'line': b' 12300K .......... .......... .......... .......... .......... 79% 4.13M 1s\n'}
[18.485968] (multirobot_map_merge) StderrLine: {'line': b' 12350K .......... .......... .......... .......... .......... 79% 4.60M 1s\n'}
[18.494011] (multirobot_map_merge) StderrLine: {'line': b' 12400K .......... .......... .......... .......... .......... 79% 6.08M 1s\n'}
[18.503754] (-) TimerEvent: {}
[18.506300] (multirobot_map_merge) StderrLine: {'line': b' 12450K .......... .......... .......... .......... .......... 79% 4.05M 1s\n'}
[18.515993] (multirobot_map_merge) StderrLine: {'line': b' 12500K .......... .......... .......... .......... .......... 80% 4.87M 1s\n'}
[18.541594] (multirobot_map_merge) StderrLine: {'line': b' 12550K .......... .......... .......... .......... .......... 80% 1.96M 1s\n'}
[18.547710] (multirobot_map_merge) StderrLine: {'line': b' 12600K .......... .......... .......... .......... .......... 80% 7.41M 1s\n'}
[18.560635] (multirobot_map_merge) StderrLine: {'line': b' 12650K .......... .......... .......... .......... .......... 81% 4.25M 1s\n'}
[18.567755] (multirobot_map_merge) StderrLine: {'line': b' 12700K .......... .......... .......... .......... .......... 81% 8.69M 1s\n'}
[18.581242] (multirobot_map_merge) StderrLine: {'line': b' 12750K .......... .......... .......... .......... .......... 81% 2.97M 1s\n'}
[18.587809] (rplidar_ros) StderrLine: {'line': b'In file included from \x1b[01m\x1b[K/home/rpd/Nav2/src/rplidar_ros/sdk/include/rplidar_protocol.h:36\x1b[m\x1b[K,\n'}
[18.588422] (rplidar_ros) StderrLine: {'line': b'                 from \x1b[01m\x1b[K/home/rpd/Nav2/src/rplidar_ros/sdk/include/rplidar.h:39\x1b[m\x1b[K,\n'}
[18.589112] (rplidar_ros) StderrLine: {'line': b'                 from \x1b[01m\x1b[K/home/rpd/Nav2/src/rplidar_ros/sdk/src/sdkcommon.h:49\x1b[m\x1b[K,\n'}
[18.589387] (rplidar_ros) StderrLine: {'line': b'                 from \x1b[01m\x1b[K/home/rpd/Nav2/src/rplidar_ros/sdk/src/dataunpacker/dataunnpacker_commondef.h:41\x1b[m\x1b[K,\n'}
[18.590604] (rplidar_ros) StderrLine: {'line': b'                 from \x1b[01m\x1b[K/home/rpd/Nav2/src/rplidar_ros/sdk/src/dataunpacker/dataunpacker.cpp:39\x1b[m\x1b[K:\n'}
[18.590978] (rplidar_ros) StderrLine: {'line': b'\x1b[01m\x1b[K/home/rpd/Nav2/src/rplidar_ros/sdk/include/sl_lidar_protocol.h:66:16:\x1b[m\x1b[K \x1b[01;35m\x1b[Kwarning: \x1b[m\x1b[KISO C++ forbids zero-size array \xe2\x80\x98\x1b[01m\x1b[Kdata\x1b[m\x1b[K\xe2\x80\x99 [\x1b[01;35m\x1b[K\x1b]8;;https://gcc.gnu.org/onlinedocs/gcc/Warning-Options.html#index-Wpedantic\x07-Wpedantic\x1b]8;;\x07\x1b[m\x1b[K]\n'}
[18.591169] (rplidar_ros) StderrLine: {'line': b'   66 |     sl_u8 data[\x1b[01;35m\x1b[K0\x1b[m\x1b[K];\n'}
[18.591296] (rplidar_ros) StderrLine: {'line': b'      |                \x1b[01;35m\x1b[K^\x1b[m\x1b[K\n'}
[18.593100] (rplidar_ros) StderrLine: {'line': b'In file included from \x1b[01m\x1b[K/home/rpd/Nav2/src/rplidar_ros/sdk/include/rplidar_cmd.h:36\x1b[m\x1b[K,\n'}
[18.593446] (multirobot_map_merge) StderrLine: {'line': b' 12800K .......... .......... .......... .......... .......... 82% 6.14M 1s\n'}
[18.593638] (rplidar_ros) StderrLine: {'line': b'                 from \x1b[01m\x1b[K/home/rpd/Nav2/src/rplidar_ros/sdk/include/rplidar.h:40\x1b[m\x1b[K:\n'}
[18.593772] (rplidar_ros) StderrLine: {'line': b'\x1b[01m\x1b[K/home/rpd/Nav2/src/rplidar_ros/sdk/include/sl_lidar_cmd.h:324:20:\x1b[m\x1b[K \x1b[01;35m\x1b[Kwarning: \x1b[m\x1b[KISO C++ forbids zero-size array \xe2\x80\x98\x1b[01m\x1b[Kpayload\x1b[m\x1b[K\xe2\x80\x99 [\x1b[01;35m\x1b[K\x1b]8;;https://gcc.gnu.org/onlinedocs/gcc/Warning-Options.html#index-Wpedantic\x07-Wpedantic\x1b]8;;\x07\x1b[m\x1b[K]\n'}
[18.593900] (rplidar_ros) StderrLine: {'line': b'  324 |     sl_u8  payload[\x1b[01;35m\x1b[K0\x1b[m\x1b[K];\n'}
[18.594009] (rplidar_ros) StderrLine: {'line': b'      |                    \x1b[01;35m\x1b[K^\x1b[m\x1b[K\n'}
[18.606611] (-) TimerEvent: {}
[18.628831] (multirobot_map_merge) StderrLine: {'line': b' 12850K .......... .......... .......... .......... .......... 82% 1.31M 1s\n'}
[18.629257] (multirobot_map_merge) StderrLine: {'line': b' 12900K .......... .......... .......... .......... .......... 82%  136M 1s\n'}
[18.642596] (multirobot_map_merge) StderrLine: {'line': b' 12950K .......... .......... .......... .......... .......... 83% 8.74M 1s\n'}
[18.648593] (multirobot_map_merge) StderrLine: {'line': b' 13000K .......... .......... .......... .......... .......... 83% 4.23M 1s\n'}
[18.667679] (multirobot_map_merge) StderrLine: {'line': b' 13050K .......... .......... .......... .......... .......... 83% 2.06M 1s\n'}
[18.680259] (multirobot_map_merge) StderrLine: {'line': b' 13100K .......... .......... .......... .......... .......... 84% 3.83M 1s\n'}
[18.695365] (multirobot_map_merge) StderrLine: {'line': b' 13150K .......... .......... .......... .......... .......... 84% 3.27M 1s\n'}
[18.706938] (-) TimerEvent: {}
[18.710854] (multirobot_map_merge) StderrLine: {'line': b' 13200K .......... .......... .......... .......... .......... 84% 3.68M 1s\n'}
[18.730428] (multirobot_map_merge) StderrLine: {'line': b' 13250K .......... .......... .......... .......... .......... 85% 2.25M 1s\n'}
[18.745604] (multirobot_map_merge) StderrLine: {'line': b' 13300K .......... .......... .......... .......... .......... 85% 3.75M 1s\n'}
[18.762587] (multirobot_map_merge) StderrLine: {'line': b' 13350K .......... .......... .......... .......... .......... 85% 3.38M 1s\n'}
[18.770411] (multirobot_map_merge) StderrLine: {'line': b' 13400K .......... .......... .......... .......... .......... 86% 3.88M 1s\n'}
[18.779729] (multirobot_map_merge) StderrLine: {'line': b' 13450K .......... .......... .......... .......... .......... 86% 5.24M 1s\n'}
[18.807069] (-) TimerEvent: {}
[18.807952] (multirobot_map_merge) StderrLine: {'line': b' 13500K .......... .......... .......... .......... .......... 86% 1.72M 1s\n'}
[18.822041] (multirobot_map_merge) StderrLine: {'line': b' 13550K .......... .......... .......... .......... .......... 87% 3.48M 1s\n'}
[18.843322] (multirobot_map_merge) StderrLine: {'line': b' 13600K .......... .......... .......... .......... .......... 87% 2.33M 1s\n'}
[18.845628] (multirobot_map_merge) StderrLine: {'line': b' 13650K .......... .......... .......... .......... .......... 87% 19.5M 1s\n'}
[18.855699] (explore_lite_msgs) StdoutLine: {'line': b'[ 61%] \x1b[32m\x1b[1mLinking CXX shared library libexplore_lite_msgs__rosidl_typesupport_fastrtps_c.so\x1b[0m\n'}
[18.870630] (multirobot_map_merge) StderrLine: {'line': b' 13700K .......... .......... .......... .......... .......... 87% 2.17M 1s\n'}
[18.909624] (-) TimerEvent: {}
[18.914756] (multirobot_map_merge) StderrLine: {'line': b' 13750K .......... .......... .......... .......... .......... 88% 1.76M 1s\n'}
[18.934627] (multirobot_map_merge) StderrLine: {'line': b' 13800K .......... .......... .......... .......... .......... 88% 1.28M 1s\n'}
[18.953556] (multirobot_map_merge) StderrLine: {'line': b' 13850K .......... .......... .......... .......... .......... 88% 2.55M 1s\n'}
[18.969210] (multirobot_map_merge) StderrLine: {'line': b' 13900K .......... .......... .......... .......... .......... 89% 3.07M 1s\n'}
[18.982768] (multirobot_map_merge) StderrLine: {'line': b' 13950K .......... .......... .......... .......... .......... 89% 3.58M 1s\n'}
[18.988839] (rplidar_ros) StderrLine: {'line': b'In file included from \x1b[01m\x1b[K/home/rpd/Nav2/src/rplidar_ros/sdk/src/dataunpacker/dataunpacker.cpp:40\x1b[m\x1b[K:\n'}
[18.989213] (rplidar_ros) StderrLine: {'line': b'\x1b[01m\x1b[K/home/rpd/Nav2/src/rplidar_ros/sdk/src/dataunpacker/dataunpacker.h:\x1b[m\x1b[K In member function \xe2\x80\x98\x1b[01m\x1b[Kvirtual void sl::internal::LIDARSampleDataListener::\x1b[01;32m\x1b[KonCustomSampleDataDecoded\x1b[m\x1b[K(_u8, _u32, const void*, size_t)\x1b[m\x1b[K\xe2\x80\x99:\n'}
[18.989383] (rplidar_ros) StderrLine: {'line': b'\x1b[01m\x1b[K/home/rpd/Nav2/src/rplidar_ros/sdk/src/dataunpacker/dataunpacker.h:54:52:\x1b[m\x1b[K \x1b[01;35m\x1b[Kwarning: \x1b[m\x1b[Kunused parameter \xe2\x80\x98\x1b[01m\x1b[KansType\x1b[m\x1b[K\xe2\x80\x99 [\x1b[01;35m\x1b[K\x1b]8;;https://gcc.gnu.org/onlinedocs/gcc/Warning-Options.html#index-Wunused-parameter\x07-Wunused-parameter\x1b]8;;\x07\x1b[m\x1b[K]\n'}
[18.989576] (rplidar_ros) StderrLine: {'line': b'   54 |         virtual void onCustomSampleDataDecoded(\x1b[01;35m\x1b[K_u8 ansType\x1b[m\x1b[K, _u32 customCode, const void* data, size_t size) {}\n'}
[18.989727] (rplidar_ros) StderrLine: {'line': b'      |                                                \x1b[01;35m\x1b[K~~~~^~~~~~~\x1b[m\x1b[K\n'}
[18.989883] (rplidar_ros) StderrLine: {'line': b'\x1b[01m\x1b[K/home/rpd/Nav2/src/rplidar_ros/sdk/src/dataunpacker/dataunpacker.h:54:66:\x1b[m\x1b[K \x1b[01;35m\x1b[Kwarning: \x1b[m\x1b[Kunused parameter \xe2\x80\x98\x1b[01m\x1b[KcustomCode\x1b[m\x1b[K\xe2\x80\x99 [\x1b[01;35m\x1b[K\x1b]8;;https://gcc.gnu.org/onlinedocs/gcc/Warning-Options.html#index-Wunused-parameter\x07-Wunused-parameter\x1b]8;;\x07\x1b[m\x1b[K]\n'}
[18.990058] (rplidar_ros) StderrLine: {'line': b'   54 |         virtual void onCustomSampleDataDecoded(_u8 ansType, \x1b[01;35m\x1b[K_u32 customCode\x1b[m\x1b[K, const void* data, size_t size) {}\n'}
[18.990206] (rplidar_ros) StderrLine: {'line': b'      |                                                             \x1b[01;35m\x1b[K~~~~~^~~~~~~~~~\x1b[m\x1b[K\n'}
[18.990347] (rplidar_ros) StderrLine: {'line': b'\x1b[01m\x1b[K/home/rpd/Nav2/src/rplidar_ros/sdk/src/dataunpacker/dataunpacker.h:54:90:\x1b[m\x1b[K \x1b[01;35m\x1b[Kwarning: \x1b[m\x1b[Kunused parameter \xe2\x80\x98\x1b[01m\x1b[Kdata\x1b[m\x1b[K\xe2\x80\x99 [\x1b[01;35m\x1b[K\x1b]8;;https://gcc.gnu.org/onlinedocs/gcc/Warning-Options.html#index-Wunused-parameter\x07-Wunused-parameter\x1b]8;;\x07\x1b[m\x1b[K]\n'}
[18.994977] (rplidar_ros) StderrLine: {'line': b'   54 |         virtual void onCustomSampleDataDecoded(_u8 ansType, _u32 customCode, \x1b[01;35m\x1b[Kconst void* data\x1b[m\x1b[K, size_t size) {}\n'}
[18.995306] (rplidar_ros) StderrLine: {'line': b'      |                                                                              \x1b[01;35m\x1b[K~~~~~~~~~~~~^~~~\x1b[m\x1b[K\n'}
[18.995488] (rplidar_ros) StderrLine: {'line': b'\x1b[01m\x1b[K/home/rpd/Nav2/src/rplidar_ros/sdk/src/dataunpacker/dataunpacker.h:54:103:\x1b[m\x1b[K \x1b[01;35m\x1b[Kwarning: \x1b[m\x1b[Kunused parameter \xe2\x80\x98\x1b[01m\x1b[Ksize\x1b[m\x1b[K\xe2\x80\x99 [\x1b[01;35m\x1b[K\x1b]8;;https://gcc.gnu.org/onlinedocs/gcc/Warning-Options.html#index-Wunused-parameter\x07-Wunused-parameter\x1b]8;;\x07\x1b[m\x1b[K]\n'}
[18.995938] (rplidar_ros) StderrLine: {'line': b'   54 |         virtual void onCustomSampleDataDecoded(_u8 ansType, _u32 customCode, const void* data, \x1b[01;35m\x1b[Ksize_t size\x1b[m\x1b[K) {}\n'}
[18.996082] (rplidar_ros) StderrLine: {'line': b'      |                                                                                                \x1b[01;35m\x1b[K~~~~~~~^~~~\x1b[m\x1b[K\n'}
[18.999581] (rplidar_ros) StderrLine: {'line': b'\x1b[01m\x1b[K/home/rpd/Nav2/src/rplidar_ros/sdk/src/dataunpacker/dataunpacker.h:\x1b[m\x1b[K In member function \xe2\x80\x98\x1b[01m\x1b[Kvirtual void sl::internal::LIDARSampleDataListener::\x1b[01;32m\x1b[KonDecodingError\x1b[m\x1b[K(int, _u8, const void*, size_t)\x1b[m\x1b[K\xe2\x80\x99:\n'}
[18.999981] (rplidar_ros) StderrLine: {'line': b'\x1b[01m\x1b[K/home/rpd/Nav2/src/rplidar_ros/sdk/src/dataunpacker/dataunpacker.h:56:42:\x1b[m\x1b[K \x1b[01;35m\x1b[Kwarning: \x1b[m\x1b[Kunused parameter \xe2\x80\x98\x1b[01m\x1b[KerrMsg\x1b[m\x1b[K\xe2\x80\x99 [\x1b[01;35m\x1b[K\x1b]8;;https://gcc.gnu.org/onlinedocs/gcc/Warning-Options.html#index-Wunused-parameter\x07-Wunused-parameter\x1b]8;;\x07\x1b[m\x1b[K]\n'}
[19.000154] (rplidar_ros) StderrLine: {'line': b'   56 |         virtual void onDecodingError(\x1b[01;35m\x1b[Kint errMsg\x1b[m\x1b[K, _u8 ansType, const void* payload, size_t size) {}\n'}
[19.000278] (rplidar_ros) StderrLine: {'line': b'      |                                      \x1b[01;35m\x1b[K~~~~^~~~~~\x1b[m\x1b[K\n'}
[19.000422] (rplidar_ros) StderrLine: {'line': b'\x1b[01m\x1b[K/home/rpd/Nav2/src/rplidar_ros/sdk/src/dataunpacker/dataunpacker.h:56:54:\x1b[m\x1b[K \x1b[01;35m\x1b[Kwarning: \x1b[m\x1b[Kunused parameter \xe2\x80\x98\x1b[01m\x1b[KansType\x1b[m\x1b[K\xe2\x80\x99 [\x1b[01;35m\x1b[K\x1b]8;;https://gcc.gnu.org/onlinedocs/gcc/Warning-Options.html#index-Wunused-parameter\x07-Wunused-parameter\x1b]8;;\x07\x1b[m\x1b[K]\n'}
[19.000569] (rplidar_ros) StderrLine: {'line': b'   56 |         virtual void onDecodingError(int errMsg, \x1b[01;35m\x1b[K_u8 ansType\x1b[m\x1b[K, const void* payload, size_t size) {}\n'}
[19.000689] (rplidar_ros) StderrLine: {'line': b'      |                                                  \x1b[01;35m\x1b[K~~~~^~~~~~~\x1b[m\x1b[K\n'}
[19.000794] (rplidar_ros) StderrLine: {'line': b'\x1b[01m\x1b[K/home/rpd/Nav2/src/rplidar_ros/sdk/src/dataunpacker/dataunpacker.h:56:75:\x1b[m\x1b[K \x1b[01;35m\x1b[Kwarning: \x1b[m\x1b[Kunused parameter \xe2\x80\x98\x1b[01m\x1b[Kpayload\x1b[m\x1b[K\xe2\x80\x99 [\x1b[01;35m\x1b[K\x1b]8;;https://gcc.gnu.org/onlinedocs/gcc/Warning-Options.html#index-Wunused-parameter\x07-Wunused-parameter\x1b]8;;\x07\x1b[m\x1b[K]\n'}
[19.000890] (rplidar_ros) StderrLine: {'line': b'   56 |         virtual void onDecodingError(int errMsg, _u8 ansType, \x1b[01;35m\x1b[Kconst void* payload\x1b[m\x1b[K, size_t size) {}\n'}
[19.000979] (rplidar_ros) StderrLine: {'line': b'      |                                                               \x1b[01;35m\x1b[K~~~~~~~~~~~~^~~~~~~\x1b[m\x1b[K\n'}
[19.001079] (rplidar_ros) StderrLine: {'line': b'\x1b[01m\x1b[K/home/rpd/Nav2/src/rplidar_ros/sdk/src/dataunpacker/dataunpacker.h:56:91:\x1b[m\x1b[K \x1b[01;35m\x1b[Kwarning: \x1b[m\x1b[Kunused parameter \xe2\x80\x98\x1b[01m\x1b[Ksize\x1b[m\x1b[K\xe2\x80\x99 [\x1b[01;35m\x1b[K\x1b]8;;https://gcc.gnu.org/onlinedocs/gcc/Warning-Options.html#index-Wunused-parameter\x07-Wunused-parameter\x1b]8;;\x07\x1b[m\x1b[K]\n'}
[19.001180] (rplidar_ros) StderrLine: {'line': b'   56 |         virtual void onDecodingError(int errMsg, _u8 ansType, const void* payload, \x1b[01;35m\x1b[Ksize_t size\x1b[m\x1b[K) {}\n'}
[19.001271] (rplidar_ros) StderrLine: {'line': b'      |                                                                                    \x1b[01;35m\x1b[K~~~~~~~^~~~\x1b[m\x1b[K\n'}
[19.001365] (multirobot_map_merge) StderrLine: {'line': b' 14000K .......... .......... .......... .......... .......... 89% 3.90M 1s\n'}
[19.011248] (multirobot_map_merge) StderrLine: {'line': b' 14050K .......... .......... .......... .......... .......... 90% 3.23M 1s\n'}
[19.012320] (-) TimerEvent: {}
[19.023656] (multirobot_map_merge) StderrLine: {'line': b' 14100K .......... .......... .......... .......... .......... 90% 4.47M 1s\n'}
[19.042772] (multirobot_map_merge) StderrLine: {'line': b' 14150K .......... .......... .......... .......... .......... 90% 3.35M 1s\n'}
[19.065673] (multirobot_map_merge) StderrLine: {'line': b' 14200K .......... .......... .......... .......... .......... 91% 2.44M 0s\n'}
[19.069510] (multirobot_map_merge) StderrLine: {'line': b' 14250K .......... .......... .......... .......... .......... 91% 3.64M 0s\n'}
[19.081289] (multirobot_map_merge) StderrLine: {'line': b' 14300K .......... .......... .......... .......... .......... 91% 4.11M 0s\n'}
[19.104715] (multirobot_map_merge) StderrLine: {'line': b' 14350K .......... .......... .......... .......... .......... 92% 2.69M 0s\n'}
[19.116655] (-) TimerEvent: {}
[19.118193] (multirobot_map_merge) StderrLine: {'line': b' 14400K .......... .......... .......... .......... .......... 92% 2.64M 0s\n'}
[19.131459] (multirobot_map_merge) StderrLine: {'line': b' 14450K .......... .......... .......... .......... .......... 92% 3.61M 0s\n'}
[19.146633] (multirobot_map_merge) StderrLine: {'line': b' 14500K .......... .......... .......... .......... .......... 93% 3.78M 0s\n'}
[19.156187] (multirobot_map_merge) StderrLine: {'line': b' 14550K .......... .......... .......... .......... .......... 93% 4.07M 0s\n'}
[19.166304] (multirobot_map_merge) StderrLine: {'line': b' 14600K .......... .......... .......... .......... .......... 93% 4.79M 0s\n'}
[19.191479] (multirobot_map_merge) StderrLine: {'line': b' 14650K .......... .......... .......... .......... .......... 94% 1.96M 0s\n'}
[19.202860] (multirobot_map_merge) StderrLine: {'line': b' 14700K .......... .......... .......... .......... .......... 94% 4.90M 0s\n'}
[19.215993] (multirobot_map_merge) StderrLine: {'line': b' 14750K .......... .......... .......... .......... .......... 94% 4.05M 0s\n'}
[19.216790] (-) TimerEvent: {}
[19.219988] (explore_lite_msgs) StdoutLine: {'line': b'[ 61%] Built target explore_lite_msgs__rosidl_typesupport_fastrtps_c\n'}
[19.233195] (multirobot_map_merge) StderrLine: {'line': b' 14800K .......... .......... .......... .......... .......... 95% 2.53M 0s\n'}
[19.242601] (multirobot_map_merge) StderrLine: {'line': b' 14850K .......... .......... .......... .......... .......... 95% 4.97M 0s\n'}
[19.255813] (multirobot_map_merge) StderrLine: {'line': b' 14900K .......... .......... .......... .......... .......... 95% 3.82M 0s\n'}
[19.264899] (explore_lite_msgs) StdoutLine: {'line': b'[ 64%] \x1b[32mBuilding CXX object CMakeFiles/explore_lite_msgs__rosidl_typesupport_fastrtps_cpp.dir/rosidl_typesupport_fastrtps_cpp/explore_lite_msgs/msg/detail/dds_fastrtps/explore_status__type_support.cpp.o\x1b[0m\n'}
[19.265357] (multirobot_map_merge) StderrLine: {'line': b' 14950K .......... .......... .......... .......... .......... 95% 5.13M 0s\n'}
[19.276854] (multirobot_map_merge) StderrLine: {'line': b' 15000K .......... .......... .......... .......... .......... 96% 4.77M 0s\n'}
[19.286375] (multirobot_map_merge) StderrLine: {'line': b' 15050K .......... .......... .......... .......... .......... 96% 4.29M 0s\n'}
[19.303407] (multirobot_map_merge) StderrLine: {'line': b' 15100K .......... .......... .......... .......... .......... 96% 2.92M 0s\n'}
[19.317005] (-) TimerEvent: {}
[19.318346] (multirobot_map_merge) StderrLine: {'line': b' 15150K .......... .......... .......... .......... .......... 97% 3.22M 0s\n'}
[19.327520] (multirobot_map_merge) StderrLine: {'line': b' 15200K .......... .......... .......... .......... .......... 97% 5.26M 0s\n'}
[19.338188] (multirobot_map_merge) StderrLine: {'line': b' 15250K .......... .......... .......... .......... .......... 97% 4.58M 0s\n'}
[19.351459] (multirobot_map_merge) StderrLine: {'line': b' 15300K .......... .......... .......... .......... .......... 98% 3.69M 0s\n'}
[19.366705] (multirobot_map_merge) StderrLine: {'line': b' 15350K .......... .......... .......... .......... .......... 98% 3.20M 0s\n'}
[19.384841] (multirobot_map_merge) StderrLine: {'line': b' 15400K .......... .......... .......... .......... .......... 98% 2.91M 0s\n'}
[19.407296] (explore_lite_msgs) StdoutLine: {'line': b'[ 67%] \x1b[32mBuilding CXX object CMakeFiles/explore_lite_msgs__rosidl_typesupport_introspection_cpp.dir/rosidl_typesupport_introspection_cpp/explore_lite_msgs/msg/detail/explore_status__type_support.cpp.o\x1b[0m\n'}
[19.408614] (multirobot_map_merge) StderrLine: {'line': b' 15450K .......... .......... .......... .......... .......... 99% 1.95M 0s\n'}
[19.417150] (-) TimerEvent: {}
[19.423209] (multirobot_map_merge) StderrLine: {'line': b' 15500K .......... .......... .......... .......... .......... 99% 3.36M 0s\n'}
[19.441082] (multirobot_map_merge) StderrLine: {'line': b' 15550K .......... .......... .......... .......... .......... 99% 3.34M 0s\n'}
[19.441403] (multirobot_map_merge) StderrLine: {'line': b' 15600K .......... .......... .....                           100% 7.05M=5.5s\n'}
[19.441562] (multirobot_map_merge) StderrLine: {'line': b'\n'}
[19.441683] (multirobot_map_merge) StderrLine: {'line': b'2026-04-15 11:10:22 (2.77 MB/s) - \xe2\x80\x98/home/rpd/Nav2/build/multirobot_map_merge/2011-08-09-12-22-52.pgm\xe2\x80\x99 saved [16000058/16000058]\n'}
[19.441789] (multirobot_map_merge) StderrLine: {'line': b'\n'}
[19.453631] (multirobot_map_merge) StdoutLine: {'line': b'Checking MD5 sum of /home/rpd/Nav2/build/multirobot_map_merge/2011-08-09-12-22-52.pgm\n'}
[19.517289] (-) TimerEvent: {}
[19.554965] (multirobot_map_merge) StdoutLine: {'line': b'/home/rpd/Nav2/build/multirobot_map_merge/2011-08-09-12-22-52.pgm: OK\n'}
[19.574896] (multirobot_map_merge) StderrLine: {'line': b'--2026-04-15 11:10:22--  https://raw.githubusercontent.com/hrnr/m-explore-extra/master/map_merge/gmapping_maps/2012-01-28-11-12-01.pgm\n'}
[19.618658] (-) TimerEvent: {}
[19.701758] (multirobot_map_merge) StderrLine: {'line': b'Resolving raw.githubusercontent.com (raw.githubusercontent.com)... 185.199.109.133, 185.199.110.133, 185.199.108.133, ...\n'}
[19.713723] (multirobot_map_merge) StderrLine: {'line': b'Connecting to raw.githubusercontent.com (raw.githubusercontent.com)|185.199.109.133|:443... connected.\n'}
[19.718787] (-) TimerEvent: {}
[19.765383] (rplidar_ros) StdoutLine: {'line': b'[ 28%] \x1b[32mBuilding CXX object CMakeFiles/rplidar_composition.dir/sdk/src/dataunpacker/unpacker/handler_capsules.cpp.o\x1b[0m\n'}
[19.820636] (-) TimerEvent: {}
[19.922615] (-) TimerEvent: {}
[20.023072] (-) TimerEvent: {}
[20.123856] (-) TimerEvent: {}
[20.224636] (-) TimerEvent: {}
[20.330622] (-) TimerEvent: {}
[20.431214] (-) TimerEvent: {}
[20.532644] (-) TimerEvent: {}
[20.575358] (explore_lite_msgs) StdoutLine: {'line': b'[ 70%] \x1b[32m\x1b[1mLinking CXX shared library libexplore_lite_msgs__rosidl_typesupport_introspection_cpp.so\x1b[0m\n'}
[20.632804] (-) TimerEvent: {}
[20.733384] (-) TimerEvent: {}
[20.787417] (rplidar_ros) StderrLine: {'line': b'In file included from \x1b[01m\x1b[K/home/rpd/Nav2/src/rplidar_ros/sdk/include/rplidar_protocol.h:36\x1b[m\x1b[K,\n'}
[20.787862] (rplidar_ros) StderrLine: {'line': b'                 from \x1b[01m\x1b[K/home/rpd/Nav2/src/rplidar_ros/sdk/include/rplidar.h:39\x1b[m\x1b[K,\n'}
[20.788035] (rplidar_ros) StderrLine: {'line': b'                 from \x1b[01m\x1b[K/home/rpd/Nav2/src/rplidar_ros/sdk/src/sdkcommon.h:49\x1b[m\x1b[K,\n'}
[20.788187] (rplidar_ros) StderrLine: {'line': b'                 from \x1b[01m\x1b[K/home/rpd/Nav2/src/rplidar_ros/sdk/src/dataunpacker/unpacker/../dataunnpacker_commondef.h:41\x1b[m\x1b[K,\n'}
[20.788329] (rplidar_ros) StderrLine: {'line': b'                 from \x1b[01m\x1b[K/home/rpd/Nav2/src/rplidar_ros/sdk/src/dataunpacker/unpacker/handler_capsules.cpp:39\x1b[m\x1b[K:\n'}
[20.788448] (rplidar_ros) StderrLine: {'line': b'\x1b[01m\x1b[K/home/rpd/Nav2/src/rplidar_ros/sdk/include/sl_lidar_protocol.h:66:16:\x1b[m\x1b[K \x1b[01;35m\x1b[Kwarning: \x1b[m\x1b[KISO C++ forbids zero-size array \xe2\x80\x98\x1b[01m\x1b[Kdata\x1b[m\x1b[K\xe2\x80\x99 [\x1b[01;35m\x1b[K\x1b]8;;https://gcc.gnu.org/onlinedocs/gcc/Warning-Options.html#index-Wpedantic\x07-Wpedantic\x1b]8;;\x07\x1b[m\x1b[K]\n'}
[20.788669] (rplidar_ros) StderrLine: {'line': b'   66 |     sl_u8 data[\x1b[01;35m\x1b[K0\x1b[m\x1b[K];\n'}
[20.788822] (rplidar_ros) StderrLine: {'line': b'      |                \x1b[01;35m\x1b[K^\x1b[m\x1b[K\n'}
[20.788967] (rplidar_ros) StderrLine: {'line': b'In file included from \x1b[01m\x1b[K/home/rpd/Nav2/src/rplidar_ros/sdk/include/rplidar_cmd.h:36\x1b[m\x1b[K,\n'}
[20.789108] (rplidar_ros) StderrLine: {'line': b'                 from \x1b[01m\x1b[K/home/rpd/Nav2/src/rplidar_ros/sdk/include/rplidar.h:40\x1b[m\x1b[K:\n'}
[20.789276] (rplidar_ros) StderrLine: {'line': b'\x1b[01m\x1b[K/home/rpd/Nav2/src/rplidar_ros/sdk/include/sl_lidar_cmd.h:324:20:\x1b[m\x1b[K \x1b[01;35m\x1b[Kwarning: \x1b[m\x1b[KISO C++ forbids zero-size array \xe2\x80\x98\x1b[01m\x1b[Kpayload\x1b[m\x1b[K\xe2\x80\x99 [\x1b[01;35m\x1b[K\x1b]8;;https://gcc.gnu.org/onlinedocs/gcc/Warning-Options.html#index-Wpedantic\x07-Wpedantic\x1b]8;;\x07\x1b[m\x1b[K]\n'}
[20.789445] (rplidar_ros) StderrLine: {'line': b'  324 |     sl_u8  payload[\x1b[01;35m\x1b[K0\x1b[m\x1b[K];\n'}
[20.792962] (rplidar_ros) StderrLine: {'line': b'      |                    \x1b[01;35m\x1b[K^\x1b[m\x1b[K\n'}
[20.833554] (-) TimerEvent: {}
[20.934296] (-) TimerEvent: {}
[21.014195] (explore_lite_msgs) StdoutLine: {'line': b'[ 70%] Built target explore_lite_msgs__rosidl_typesupport_introspection_cpp\n'}
[21.034459] (-) TimerEvent: {}
[21.044055] (rplidar_ros) StderrLine: {'line': b'In file included from \x1b[01m\x1b[K/home/rpd/Nav2/src/rplidar_ros/sdk/src/dataunpacker/unpacker/handler_capsules.cpp:40\x1b[m\x1b[K:\n'}
[21.044415] (rplidar_ros) StderrLine: {'line': b'\x1b[01m\x1b[K/home/rpd/Nav2/src/rplidar_ros/sdk/src/dataunpacker/unpacker/../dataunpacker.h:\x1b[m\x1b[K In member function \xe2\x80\x98\x1b[01m\x1b[Kvirtual void sl::internal::LIDARSampleDataListener::\x1b[01;32m\x1b[KonCustomSampleDataDecoded\x1b[m\x1b[K(_u8, _u32, const void*, size_t)\x1b[m\x1b[K\xe2\x80\x99:\n'}
[21.044648] (rplidar_ros) StderrLine: {'line': b'\x1b[01m\x1b[K/home/rpd/Nav2/src/rplidar_ros/sdk/src/dataunpacker/unpacker/../dataunpacker.h:54:52:\x1b[m\x1b[K \x1b[01;35m\x1b[Kwarning: \x1b[m\x1b[Kunused parameter \xe2\x80\x98\x1b[01m\x1b[KansType\x1b[m\x1b[K\xe2\x80\x99 [\x1b[01;35m\x1b[K\x1b]8;;https://gcc.gnu.org/onlinedocs/gcc/Warning-Options.html#index-Wunused-parameter\x07-Wunused-parameter\x1b]8;;\x07\x1b[m\x1b[K]\n'}
[21.044838] (rplidar_ros) StderrLine: {'line': b'   54 |         virtual void onCustomSampleDataDecoded(\x1b[01;35m\x1b[K_u8 ansType\x1b[m\x1b[K, _u32 customCode, const void* data, size_t size) {}\n'}
[21.045000] (rplidar_ros) StderrLine: {'line': b'      |                                                \x1b[01;35m\x1b[K~~~~^~~~~~~\x1b[m\x1b[K\n'}
[21.046655] (rplidar_ros) StderrLine: {'line': b'\x1b[01m\x1b[K/home/rpd/Nav2/src/rplidar_ros/sdk/src/dataunpacker/unpacker/../dataunpacker.h:54:66:\x1b[m\x1b[K \x1b[01;35m\x1b[Kwarning: \x1b[m\x1b[Kunused parameter \xe2\x80\x98\x1b[01m\x1b[KcustomCode\x1b[m\x1b[K\xe2\x80\x99 [\x1b[01;35m\x1b[K\x1b]8;;https://gcc.gnu.org/onlinedocs/gcc/Warning-Options.html#index-Wunused-parameter\x07-Wunused-parameter\x1b]8;;\x07\x1b[m\x1b[K]\n'}
[21.047122] (rplidar_ros) StderrLine: {'line': b'   54 |         virtual void onCustomSampleDataDecoded(_u8 ansType, \x1b[01;35m\x1b[K_u32 customCode\x1b[m\x1b[K, const void* data, size_t size) {}\n'}
[21.047319] (rplidar_ros) StderrLine: {'line': b'      |                                                             \x1b[01;35m\x1b[K~~~~~^~~~~~~~~~\x1b[m\x1b[K\n'}
[21.047464] (rplidar_ros) StderrLine: {'line': b'\x1b[01m\x1b[K/home/rpd/Nav2/src/rplidar_ros/sdk/src/dataunpacker/unpacker/../dataunpacker.h:54:90:\x1b[m\x1b[K \x1b[01;35m\x1b[Kwarning: \x1b[m\x1b[Kunused parameter \xe2\x80\x98\x1b[01m\x1b[Kdata\x1b[m\x1b[K\xe2\x80\x99 [\x1b[01;35m\x1b[K\x1b]8;;https://gcc.gnu.org/onlinedocs/gcc/Warning-Options.html#index-Wunused-parameter\x07-Wunused-parameter\x1b]8;;\x07\x1b[m\x1b[K]\n'}
[21.047674] (rplidar_ros) StderrLine: {'line': b'   54 |         virtual void onCustomSampleDataDecoded(_u8 ansType, _u32 customCode, \x1b[01;35m\x1b[Kconst void* data\x1b[m\x1b[K, size_t size) {}\n'}
[21.047812] (rplidar_ros) StderrLine: {'line': b'      |                                                                              \x1b[01;35m\x1b[K~~~~~~~~~~~~^~~~\x1b[m\x1b[K\n'}
[21.047926] (rplidar_ros) StderrLine: {'line': b'\x1b[01m\x1b[K/home/rpd/Nav2/src/rplidar_ros/sdk/src/dataunpacker/unpacker/../dataunpacker.h:54:103:\x1b[m\x1b[K \x1b[01;35m\x1b[Kwarning: \x1b[m\x1b[Kunused parameter \xe2\x80\x98\x1b[01m\x1b[Ksize\x1b[m\x1b[K\xe2\x80\x99 [\x1b[01;35m\x1b[K\x1b]8;;https://gcc.gnu.org/onlinedocs/gcc/Warning-Options.html#index-Wunused-parameter\x07-Wunused-parameter\x1b]8;;\x07\x1b[m\x1b[K]\n'}
[21.048042] (rplidar_ros) StderrLine: {'line': b'   54 |         virtual void onCustomSampleDataDecoded(_u8 ansType, _u32 customCode, const void* data, \x1b[01;35m\x1b[Ksize_t size\x1b[m\x1b[K) {}\n'}
[21.048176] (rplidar_ros) StderrLine: {'line': b'      |                                                                                                \x1b[01;35m\x1b[K~~~~~~~^~~~\x1b[m\x1b[K\n'}
[21.048329] (rplidar_ros) StderrLine: {'line': b'\x1b[01m\x1b[K/home/rpd/Nav2/src/rplidar_ros/sdk/src/dataunpacker/unpacker/../dataunpacker.h:\x1b[m\x1b[K In member function \xe2\x80\x98\x1b[01m\x1b[Kvirtual void sl::internal::LIDARSampleDataListener::\x1b[01;32m\x1b[KonDecodingError\x1b[m\x1b[K(int, _u8, const void*, size_t)\x1b[m\x1b[K\xe2\x80\x99:\n'}
[21.048483] (rplidar_ros) StderrLine: {'line': b'\x1b[01m\x1b[K/home/rpd/Nav2/src/rplidar_ros/sdk/src/dataunpacker/unpacker/../dataunpacker.h:56:42:\x1b[m\x1b[K \x1b[01;35m\x1b[Kwarning: \x1b[m\x1b[Kunused parameter \xe2\x80\x98\x1b[01m\x1b[KerrMsg\x1b[m\x1b[K\xe2\x80\x99 [\x1b[01;35m\x1b[K\x1b]8;;https://gcc.gnu.org/onlinedocs/gcc/Warning-Options.html#index-Wunused-parameter\x07-Wunused-parameter\x1b]8;;\x07\x1b[m\x1b[K]\n'}
[21.048691] (rplidar_ros) StderrLine: {'line': b'   56 |         virtual void onDecodingError(\x1b[01;35m\x1b[Kint errMsg\x1b[m\x1b[K, _u8 ansType, const void* payload, size_t size) {}\n'}
[21.048839] (rplidar_ros) StderrLine: {'line': b'      |                                      \x1b[01;35m\x1b[K~~~~^~~~~~\x1b[m\x1b[K\n'}
[21.048967] (rplidar_ros) StderrLine: {'line': b'\x1b[01m\x1b[K/home/rpd/Nav2/src/rplidar_ros/sdk/src/dataunpacker/unpacker/../dataunpacker.h:56:54:\x1b[m\x1b[K \x1b[01;35m\x1b[Kwarning: \x1b[m\x1b[Kunused parameter \xe2\x80\x98\x1b[01m\x1b[KansType\x1b[m\x1b[K\xe2\x80\x99 [\x1b[01;35m\x1b[K\x1b]8;;https://gcc.gnu.org/onlinedocs/gcc/Warning-Options.html#index-Wunused-parameter\x07-Wunused-parameter\x1b]8;;\x07\x1b[m\x1b[K]\n'}
[21.049112] (rplidar_ros) StderrLine: {'line': b'   56 |         virtual void onDecodingError(int errMsg, \x1b[01;35m\x1b[K_u8 ansType\x1b[m\x1b[K, const void* payload, size_t size) {}\n'}
[21.049247] (rplidar_ros) StderrLine: {'line': b'      |                                                  \x1b[01;35m\x1b[K~~~~^~~~~~~\x1b[m\x1b[K\n'}
[21.049406] (rplidar_ros) StderrLine: {'line': b'\x1b[01m\x1b[K/home/rpd/Nav2/src/rplidar_ros/sdk/src/dataunpacker/unpacker/../dataunpacker.h:56:75:\x1b[m\x1b[K \x1b[01;35m\x1b[Kwarning: \x1b[m\x1b[Kunused parameter \xe2\x80\x98\x1b[01m\x1b[Kpayload\x1b[m\x1b[K\xe2\x80\x99 [\x1b[01;35m\x1b[K\x1b]8;;https://gcc.gnu.org/onlinedocs/gcc/Warning-Options.html#index-Wunused-parameter\x07-Wunused-parameter\x1b]8;;\x07\x1b[m\x1b[K]\n'}
[21.052848] (rplidar_ros) StderrLine: {'line': b'   56 |         virtual void onDecodingError(int errMsg, _u8 ansType, \x1b[01;35m\x1b[Kconst void* payload\x1b[m\x1b[K, size_t size) {}\n'}
[21.053029] (rplidar_ros) StderrLine: {'line': b'      |                                                               \x1b[01;35m\x1b[K~~~~~~~~~~~~^~~~~~~\x1b[m\x1b[K\n'}
[21.053146] (rplidar_ros) StderrLine: {'line': b'\x1b[01m\x1b[K/home/rpd/Nav2/src/rplidar_ros/sdk/src/dataunpacker/unpacker/../dataunpacker.h:56:91:\x1b[m\x1b[K \x1b[01;35m\x1b[Kwarning: \x1b[m\x1b[Kunused parameter \xe2\x80\x98\x1b[01m\x1b[Ksize\x1b[m\x1b[K\xe2\x80\x99 [\x1b[01;35m\x1b[K\x1b]8;;https://gcc.gnu.org/onlinedocs/gcc/Warning-Options.html#index-Wunused-parameter\x07-Wunused-parameter\x1b]8;;\x07\x1b[m\x1b[K]\n'}
[21.053300] (rplidar_ros) StderrLine: {'line': b'   56 |         virtual void onDecodingError(int errMsg, _u8 ansType, const void* payload, \x1b[01;35m\x1b[Ksize_t size\x1b[m\x1b[K) {}\n'}
[21.053411] (rplidar_ros) StderrLine: {'line': b'      |                                                                                    \x1b[01;35m\x1b[K~~~~~~~^~~~\x1b[m\x1b[K\n'}
[21.068641] (rplidar_ros) StderrLine: {'line': b'\x1b[01m\x1b[K/home/rpd/Nav2/src/rplidar_ros/sdk/src/dataunpacker/unpacker/handler_capsules.cpp:\x1b[m\x1b[K In member function \xe2\x80\x98\x1b[01m\x1b[Kvoid sl::internal::unpacker::UnpackerHandler_DenseCapsuleNode::\x1b[01;32m\x1b[K_onScanNodeDenseCapsuleData\x1b[m\x1b[K(rplidar_response_dense_capsule_measurement_nodes_t&, sl::internal::LIDARSampleDataUnpackerInner*)\x1b[m\x1b[K\xe2\x80\x99:\n'}
[21.069065] (rplidar_ros) StderrLine: {'line': b'\x1b[01m\x1b[K/home/rpd/Nav2/src/rplidar_ros/sdk/src/dataunpacker/unpacker/handler_capsules.cpp:763:30:\x1b[m\x1b[K \x1b[01;35m\x1b[Kwarning: \x1b[m\x1b[Ktype qualifiers ignored on cast result type [\x1b[01;35m\x1b[K\x1b]8;;https://gcc.gnu.org/onlinedocs/gcc/Warning-Options.html#index-Wignored-qualifiers\x07-Wignored-qualifiers\x1b]8;;\x07\x1b[m\x1b[K]\n'}
[21.069221] (rplidar_ros) StderrLine: {'line': b'  763 |             const int dist = \x1b[01;35m\x1b[Kstatic_cast<const int>(_cached_previous_dense_capsuledata.cabins[pos].distance)\x1b[m\x1b[K;\n'}
[21.069335] (rplidar_ros) StderrLine: {'line': b'      |                              \x1b[01;35m\x1b[K^~~~~~~~~~~~~~~~~~~~~~~~~~~~~~~~~~~~~~~~~~~~~~~~~~~~~~~~~~~~~~~~~~~~~~~~~~~~~~~\x1b[m\x1b[K\n'}
[21.134638] (-) TimerEvent: {}
[21.237616] (-) TimerEvent: {}
[21.338157] (-) TimerEvent: {}
[21.442234] (-) TimerEvent: {}
[21.454150] (explore_lite_msgs) StdoutLine: {'line': b'[ 73%] \x1b[32m\x1b[1mLinking CXX shared library libexplore_lite_msgs__rosidl_typesupport_fastrtps_cpp.so\x1b[0m\n'}
[21.483671] (rplidar_ros) StdoutLine: {'line': b'[ 31%] \x1b[32mBuilding CXX object CMakeFiles/rplidar_node.dir/sdk/src/dataunpacker/dataunpacker.cpp.o\x1b[0m\n'}
[21.543683] (-) TimerEvent: {}
[21.644434] (-) TimerEvent: {}
[21.747904] (-) TimerEvent: {}
[21.764681] (explore_lite_msgs) StdoutLine: {'line': b'[ 73%] Built target explore_lite_msgs__rosidl_typesupport_fastrtps_cpp\n'}
[21.815074] (multirobot_map_merge) StderrLine: {'line': b'HTTP request sent, awaiting response... 200 OK\n'}
[21.819113] (multirobot_map_merge) StderrLine: {'line': b'Length: 16000058 (15M) [application/octet-stream]\n'}
[21.819473] (multirobot_map_merge) StderrLine: {'line': b'Saving to: \xe2\x80\x98/home/rpd/Nav2/build/multirobot_map_merge/2012-01-28-11-12-01.pgm\xe2\x80\x99\n'}
[21.821680] (multirobot_map_merge) StderrLine: {'line': b'\n'}
[21.845867] (multirobot_map_merge) StderrLine: {'line': b'     0K .......... .......... .......... .......... ..........  0% 1.96M 8s\n'}
[21.848073] (-) TimerEvent: {}
[21.860147] (multirobot_map_merge) StderrLine: {'line': b'    50K .......... .......... .......... .......... ..........  0% 3.05M 6s\n'}
[21.870853] (multirobot_map_merge) StderrLine: {'line': b'   100K .......... .......... .......... .......... ..........  0% 4.97M 5s\n'}
[21.884873] (multirobot_map_merge) StderrLine: {'line': b'   150K .......... .......... .......... .......... ..........  1% 3.43M 5s\n'}
[21.894700] (explore_lite_msgs) StdoutLine: {'line': b'[ 73%] Built target explore_lite_msgs\n'}
[21.897709] (multirobot_map_merge) StderrLine: {'line': b'   200K .......... .......... .......... .......... ..........  1% 3.71M 5s\n'}
[21.923014] (multirobot_map_merge) StderrLine: {'line': b'   250K .......... .......... .......... .......... ..........  1% 1.89M 5s\n'}
[21.935150] (multirobot_map_merge) StderrLine: {'line': b'   300K .......... .......... .......... .......... ..........  2% 4.09M 5s\n'}
[21.948645] (-) TimerEvent: {}
[21.956445] (multirobot_map_merge) StderrLine: {'line': b'   350K .......... .......... .......... .......... ..........  2% 2.79M 5s\n'}
[21.967622] (multirobot_map_merge) StderrLine: {'line': b'   400K .......... .......... .......... .......... ..........  2% 3.53M 5s\n'}
[21.969827] (explore_lite_msgs) StdoutLine: {'line': b'[ 76%] \x1b[34m\x1b[1mGenerating Python code for ROS interfaces\x1b[0m\n'}
[21.977864] (multirobot_map_merge) StderrLine: {'line': b'   450K .......... .......... .......... .......... ..........  3% 4.88M 5s\n'}
[21.988112] (multirobot_map_merge) StderrLine: {'line': b'   500K .......... .......... .......... .......... ..........  3% 4.17M 5s\n'}
[22.014831] (multirobot_map_merge) StderrLine: {'line': b'   550K .......... .......... .......... .......... ..........  3% 2.07M 5s\n'}
[22.028360] (multirobot_map_merge) StderrLine: {'line': b'   600K .......... .......... .......... .......... ..........  4% 2.91M 5s\n'}
[22.043211] (multirobot_map_merge) StderrLine: {'line': b'   650K .......... .......... .......... .......... ..........  4% 3.28M 5s\n'}
[22.048800] (-) TimerEvent: {}
[22.053623] (multirobot_map_merge) StderrLine: {'line': b'   700K .......... .......... .......... .......... ..........  4% 4.71M 5s\n'}
[22.075437] (multirobot_map_merge) StderrLine: {'line': b'   750K .......... .......... .......... .......... ..........  5% 3.12M 5s\n'}
[22.084759] (multirobot_map_merge) StderrLine: {'line': b'   800K .......... .......... .......... .......... ..........  5% 3.23M 5s\n'}
[22.094563] (multirobot_map_merge) StderrLine: {'line': b'   850K .......... .......... .......... .......... ..........  5% 4.83M 5s\n'}
[22.104010] (multirobot_map_merge) StderrLine: {'line': b'   900K .......... .......... .......... .......... ..........  6% 5.35M 4s\n'}
[22.125333] (multirobot_map_merge) StderrLine: {'line': b'   950K .......... .......... .......... .......... ..........  6% 2.24M 4s\n'}
[22.134711] (multirobot_map_merge) StderrLine: {'line': b'  1000K .......... .......... .......... .......... ..........  6% 5.21M 4s\n'}
[22.147341] (multirobot_map_merge) StderrLine: {'line': b'  1050K .......... .......... .......... .......... ..........  7% 3.87M 4s\n'}
[22.151633] (-) TimerEvent: {}
[22.160141] (multirobot_map_merge) StderrLine: {'line': b'  1100K .......... .......... .......... .......... ..........  7% 3.82M 4s\n'}
[22.172107] (multirobot_map_merge) StderrLine: {'line': b'  1150K .......... .......... .......... .......... ..........  7% 5.86M 4s\n'}
[22.189245] (multirobot_map_merge) StderrLine: {'line': b'  1200K .......... .......... .......... .......... ..........  7% 2.36M 4s\n'}
[22.201577] (multirobot_map_merge) StderrLine: {'line': b'  1250K .......... .......... .......... .......... ..........  8% 4.22M 4s\n'}
[22.214955] (multirobot_map_merge) StderrLine: {'line': b'  1300K .......... .......... .......... .......... ..........  8% 4.13M 4s\n'}
[22.234295] (multirobot_map_merge) StderrLine: {'line': b'  1350K .......... .......... .......... .......... ..........  8% 2.60M 4s\n'}
[22.235858] (multirobot_map_merge) StderrLine: {'line': b'  1400K .......... .......... .......... .......... ..........  9% 10.4M 4s\n'}
[22.250962] (multirobot_map_merge) StderrLine: {'line': b'  1450K .......... .......... .......... .......... ..........  9% 3.88M 4s\n'}
[22.251737] (-) TimerEvent: {}
[22.264068] (multirobot_map_merge) StderrLine: {'line': b'  1500K .......... .......... .......... .......... ..........  9% 3.87M 4s\n'}
[22.272594] (multirobot_map_merge) StderrLine: {'line': b'  1550K .......... .......... .......... .......... .......... 10% 5.48M 4s\n'}
[22.283432] (multirobot_map_merge) StderrLine: {'line': b'  1600K .......... .......... .......... .......... .......... 10% 3.69M 4s\n'}
[22.297867] (multirobot_map_merge) StderrLine: {'line': b'  1650K .......... .......... .......... .......... .......... 10% 3.37M 4s\n'}
[22.305666] (multirobot_map_merge) StderrLine: {'line': b'  1700K .......... .......... .......... .......... .......... 11% 6.28M 4s\n'}
[22.329057] (multirobot_map_merge) StderrLine: {'line': b'  1750K .......... .......... .......... .......... .......... 11% 2.09M 4s\n'}
[22.342087] (multirobot_map_merge) StderrLine: {'line': b'  1800K .......... .......... .......... .......... .......... 11% 3.73M 4s\n'}
[22.352957] (-) TimerEvent: {}
[22.353741] (multirobot_map_merge) StderrLine: {'line': b'  1850K .......... .......... .......... .......... .......... 12% 4.40M 4s\n'}
[22.379096] (multirobot_map_merge) StderrLine: {'line': b'  1900K .......... .......... .......... .......... .......... 12% 1.99M 4s\n'}
[22.424633] (multirobot_map_merge) StderrLine: {'line': b'  1950K .......... .......... .......... .......... .......... 12% 1.13M 4s\n'}
[22.424993] (multirobot_map_merge) StderrLine: {'line': b'  2000K .......... .......... .......... .......... .......... 13% 13.4M 4s\n'}
[22.447286] (multirobot_map_merge) StderrLine: {'line': b'  2050K .......... .......... .......... .......... .......... 13% 2.29M 4s\n'}
[22.455741] (-) TimerEvent: {}
[22.462760] (multirobot_map_merge) StderrLine: {'line': b'  2100K .......... .......... .......... .......... .......... 13% 3.01M 4s\n'}
[22.479026] (multirobot_map_merge) StderrLine: {'line': b'  2150K .......... .......... .......... .......... .......... 14% 3.26M 4s\n'}
[22.491282] (multirobot_map_merge) StderrLine: {'line': b'  2200K .......... .......... .......... .......... .......... 14% 3.45M 4s\n'}
[22.500619] (multirobot_map_merge) StderrLine: {'line': b'  2250K .......... .......... .......... .......... .......... 14% 5.30M 4s\n'}
[22.515887] (multirobot_map_merge) StderrLine: {'line': b'  2300K .......... .......... .......... .......... .......... 15% 4.48M 4s\n'}
[22.531184] (multirobot_map_merge) StderrLine: {'line': b'  2350K .......... .......... .......... .......... .......... 15% 3.63M 4s\n'}
[22.545861] (multirobot_map_merge) StderrLine: {'line': b'  2400K .......... .......... .......... .......... .......... 15% 2.34M 4s\n'}
[22.554814] (multirobot_map_merge) StderrLine: {'line': b'  2450K .......... .......... .......... .......... .......... 15% 5.53M 4s\n'}
[22.558634] (-) TimerEvent: {}
[22.565989] (multirobot_map_merge) StderrLine: {'line': b'  2500K .......... .......... .......... .......... .......... 16% 4.28M 4s\n'}
[22.579814] (multirobot_map_merge) StderrLine: {'line': b'  2550K .......... .......... .......... .......... .......... 16% 3.54M 4s\n'}
[22.590283] (multirobot_map_merge) StderrLine: {'line': b'  2600K .......... .......... .......... .......... .......... 16% 4.68M 4s\n'}
[22.615450] (multirobot_map_merge) StderrLine: {'line': b'  2650K .......... .......... .......... .......... .......... 17% 1.94M 4s\n'}
[22.642287] (multirobot_map_merge) StderrLine: {'line': b'  2700K .......... .......... .......... .......... .......... 17% 1.82M 4s\n'}
[22.658843] (-) TimerEvent: {}
[22.665094] (multirobot_map_merge) StderrLine: {'line': b'  2750K .......... .......... .......... .......... .......... 17% 2.83M 4s\n'}
[22.681550] (multirobot_map_merge) StderrLine: {'line': b'  2800K .......... .......... .......... .......... .......... 18% 2.22M 4s\n'}
[22.693610] (multirobot_map_merge) StderrLine: {'line': b'  2850K .......... .......... .......... .......... .......... 18% 4.03M 4s\n'}
[22.708627] (multirobot_map_merge) StderrLine: {'line': b'  2900K .......... .......... .......... .......... .......... 18% 3.95M 4s\n'}
[22.728152] (multirobot_map_merge) StderrLine: {'line': b'  2950K .......... .......... .......... .......... .......... 19% 2.21M 4s\n'}
[22.752805] (multirobot_map_merge) StderrLine: {'line': b'  3000K .......... .......... .......... .......... .......... 19% 2.08M 4s\n'}
[22.759055] (-) TimerEvent: {}
[22.766260] (multirobot_map_merge) StderrLine: {'line': b'  3050K .......... .......... .......... .......... .......... 19% 3.31M 4s\n'}
[22.782464] (multirobot_map_merge) StderrLine: {'line': b'  3100K .......... .......... .......... .......... .......... 20% 3.02M 4s\n'}
[22.799557] (multirobot_map_merge) StderrLine: {'line': b'  3150K .......... .......... .......... .......... .......... 20% 4.02M 4s\n'}
[22.812840] (multirobot_map_merge) StderrLine: {'line': b'  3200K .......... .......... .......... .......... .......... 20% 2.67M 4s\n'}
[22.822607] (multirobot_map_merge) StderrLine: {'line': b'  3250K .......... .......... .......... .......... .......... 21% 5.03M 4s\n'}
[22.851836] (multirobot_map_merge) StderrLine: {'line': b'  3300K .......... .......... .......... .......... .......... 21% 1.67M 4s\n'}
[22.859241] (-) TimerEvent: {}
[22.860918] (multirobot_map_merge) StderrLine: {'line': b'  3350K .......... .......... .......... .......... .......... 21% 5.44M 4s\n'}
[22.874986] (multirobot_map_merge) StderrLine: {'line': b'  3400K .......... .......... .......... .......... .......... 22% 3.40M 4s\n'}
[22.884853] (multirobot_map_merge) StderrLine: {'line': b'  3450K .......... .......... .......... .......... .......... 22% 6.27M 4s\n'}
[22.896086] (multirobot_map_merge) StderrLine: {'line': b'  3500K .......... .......... .......... .......... .......... 22% 3.70M 4s\n'}
[22.912805] (multirobot_map_merge) StderrLine: {'line': b'  3550K .......... .......... .......... .......... .......... 23% 3.71M 4s\n'}
[22.926622] (multirobot_map_merge) StderrLine: {'line': b'  3600K .......... .......... .......... .......... .......... 23% 3.30M 4s\n'}
[22.933528] (multirobot_map_merge) StderrLine: {'line': b'  3650K .......... .......... .......... .......... .......... 23% 5.11M 4s\n'}
[22.959366] (-) TimerEvent: {}
[22.965151] (multirobot_map_merge) StderrLine: {'line': b'  3700K .......... .......... .......... .......... .......... 23% 1.55M 4s\n'}
[22.985857] (multirobot_map_merge) StderrLine: {'line': b'  3750K .......... .......... .......... .......... .......... 24% 2.35M 4s\n'}
[22.997153] (multirobot_map_merge) StderrLine: {'line': b'  3800K .......... .......... .......... .......... .......... 24% 4.30M 4s\n'}
[23.013193] (multirobot_map_merge) StderrLine: {'line': b'  3850K .......... .......... .......... .......... .......... 24% 3.21M 4s\n'}
[23.022884] (multirobot_map_merge) StderrLine: {'line': b'  3900K .......... .......... .......... .......... .......... 25% 5.02M 4s\n'}
[23.037250] (multirobot_map_merge) StderrLine: {'line': b'  3950K .......... .......... .......... .......... .......... 25% 5.93M 4s\n'}
[23.047272] (rplidar_ros) StderrLine: {'line': b'In file included from \x1b[01m\x1b[K/home/rpd/Nav2/src/rplidar_ros/sdk/include/rplidar_protocol.h:36\x1b[m\x1b[K,\n'}
[23.047672] (rplidar_ros) StderrLine: {'line': b'                 from \x1b[01m\x1b[K/home/rpd/Nav2/src/rplidar_ros/sdk/include/rplidar.h:39\x1b[m\x1b[K,\n'}
[23.047819] (rplidar_ros) StderrLine: {'line': b'                 from \x1b[01m\x1b[K/home/rpd/Nav2/src/rplidar_ros/sdk/src/sdkcommon.h:49\x1b[m\x1b[K,\n'}
[23.047929] (rplidar_ros) StderrLine: {'line': b'                 from \x1b[01m\x1b[K/home/rpd/Nav2/src/rplidar_ros/sdk/src/dataunpacker/dataunnpacker_commondef.h:41\x1b[m\x1b[K,\n'}
[23.048088] (rplidar_ros) StderrLine: {'line': b'                 from \x1b[01m\x1b[K/home/rpd/Nav2/src/rplidar_ros/sdk/src/dataunpacker/dataunpacker.cpp:39\x1b[m\x1b[K:\n'}
[23.048241] (rplidar_ros) StderrLine: {'line': b'\x1b[01m\x1b[K/home/rpd/Nav2/src/rplidar_ros/sdk/include/sl_lidar_protocol.h:66:16:\x1b[m\x1b[K \x1b[01;35m\x1b[Kwarning: \x1b[m\x1b[KISO C++ forbids zero-size array \xe2\x80\x98\x1b[01m\x1b[Kdata\x1b[m\x1b[K\xe2\x80\x99 [\x1b[01;35m\x1b[K\x1b]8;;https://gcc.gnu.org/onlinedocs/gcc/Warning-Options.html#index-Wpedantic\x07-Wpedantic\x1b]8;;\x07\x1b[m\x1b[K]\n'}
[23.048355] (rplidar_ros) StderrLine: {'line': b'   66 |     sl_u8 data[\x1b[01;35m\x1b[K0\x1b[m\x1b[K];\n'}
[23.048454] (rplidar_ros) StderrLine: {'line': b'      |                \x1b[01;35m\x1b[K^\x1b[m\x1b[K\n'}
[23.053328] (rplidar_ros) StderrLine: {'line': b'In file included from \x1b[01m\x1b[K/home/rpd/Nav2/src/rplidar_ros/sdk/include/rplidar_cmd.h:36\x1b[m\x1b[K,\n'}
[23.053940] (rplidar_ros) StderrLine: {'line': b'                 from \x1b[01m\x1b[K/home/rpd/Nav2/src/rplidar_ros/sdk/include/rplidar.h:40\x1b[m\x1b[K:\n'}
[23.054210] (rplidar_ros) StderrLine: {'line': b'\x1b[01m\x1b[K/home/rpd/Nav2/src/rplidar_ros/sdk/include/sl_lidar_cmd.h:324:20:\x1b[m\x1b[K \x1b[01;35m\x1b[Kwarning: \x1b[m\x1b[KISO C++ forbids zero-size array \xe2\x80\x98\x1b[01m\x1b[Kpayload\x1b[m\x1b[K\xe2\x80\x99 [\x1b[01;35m\x1b[K\x1b]8;;https://gcc.gnu.org/onlinedocs/gcc/Warning-Options.html#index-Wpedantic\x07-Wpedantic\x1b]8;;\x07\x1b[m\x1b[K]\n'}
[23.054397] (rplidar_ros) StderrLine: {'line': b'  324 |     sl_u8  payload[\x1b[01;35m\x1b[K0\x1b[m\x1b[K];\n'}
[23.054598] (rplidar_ros) StderrLine: {'line': b'      |                    \x1b[01;35m\x1b[K^\x1b[m\x1b[K\n'}
[23.054817] (multirobot_map_merge) StderrLine: {'line': b'  4000K .......... .......... .......... .......... .......... 25% 2.12M 4s\n'}
[23.061644] (-) TimerEvent: {}
[23.068292] (multirobot_map_merge) StderrLine: {'line': b'  4050K .......... .......... .......... .......... .......... 26% 4.06M 4s\n'}
[23.078102] (multirobot_map_merge) StderrLine: {'line': b'  4100K .......... .......... .......... .......... .......... 26% 5.06M 3s\n'}
[23.092164] (multirobot_map_merge) StderrLine: {'line': b'  4150K .......... .......... .......... .......... .......... 26% 2.99M 3s\n'}
[23.102586] (multirobot_map_merge) StderrLine: {'line': b'  4200K .......... .......... .......... .......... .......... 27% 4.57M 3s\n'}
[23.113299] (multirobot_map_merge) StderrLine: {'line': b'  4250K .......... .......... .......... .......... .......... 27% 4.77M 3s\n'}
[23.126244] (multirobot_map_merge) StderrLine: {'line': b'  4300K .......... .......... .......... .......... .......... 27% 3.56M 3s\n'}
[23.135350] (multirobot_map_merge) StderrLine: {'line': b'  4350K .......... .......... .......... .......... .......... 28% 7.14M 3s\n'}
[23.157261] (multirobot_map_merge) StderrLine: {'line': b'  4400K .......... .......... .......... .......... .......... 28% 2.02M 3s\n'}
[23.161903] (-) TimerEvent: {}
[23.168131] (multirobot_map_merge) StderrLine: {'line': b'  4450K .......... .......... .......... .......... .......... 28% 4.46M 3s\n'}
[23.180687] (multirobot_map_merge) StderrLine: {'line': b'  4500K .......... .......... .......... .......... .......... 29% 4.27M 3s\n'}
[23.191754] (multirobot_map_merge) StderrLine: {'line': b'  4550K .......... .......... .......... .......... .......... 29% 4.02M 3s\n'}
[23.200451] (multirobot_map_merge) StderrLine: {'line': b'  4600K .......... .......... .......... .......... .......... 29% 5.56M 3s\n'}
[23.212156] (multirobot_map_merge) StderrLine: {'line': b'  4650K .......... .......... .......... .......... .......... 30% 4.20M 3s\n'}
[23.224210] (multirobot_map_merge) StderrLine: {'line': b'  4700K .......... .......... .......... .......... .......... 30% 5.68M 3s\n'}
[23.234489] (multirobot_map_merge) StderrLine: {'line': b'  4750K .......... .......... .......... .......... .......... 30% 5.50M 3s\n'}
[23.251133] (multirobot_map_merge) StderrLine: {'line': b'  4800K .......... .......... .......... .......... .......... 31% 2.27M 3s\n'}
[23.262061] (-) TimerEvent: {}
[23.267712] (multirobot_map_merge) StderrLine: {'line': b'  4850K .......... .......... .......... .......... .......... 31% 2.94M 3s\n'}
[23.281573] (multirobot_map_merge) StderrLine: {'line': b'  4900K .......... .......... .......... .......... .......... 31% 3.57M 3s\n'}
[23.291159] (multirobot_map_merge) StderrLine: {'line': b'  4950K .......... .......... .......... .......... .......... 31% 5.03M 3s\n'}
[23.301025] (multirobot_map_merge) StderrLine: {'line': b'  5000K .......... .......... .......... .......... .......... 32% 5.45M 3s\n'}
[23.310938] (multirobot_map_merge) StderrLine: {'line': b'  5050K .......... .......... .......... .......... .......... 32% 5.01M 3s\n'}
[23.319117] (multirobot_map_merge) StderrLine: {'line': b'  5100K .......... .......... .......... .......... .......... 32% 5.24M 3s\n'}
[23.343343] (multirobot_map_merge) StderrLine: {'line': b'  5150K .......... .......... .......... .......... .......... 33% 6.41M 3s\n'}
[23.355016] (multirobot_map_merge) StderrLine: {'line': b'  5200K .......... .......... .......... .......... .......... 33% 1.73M 3s\n'}
[23.362210] (-) TimerEvent: {}
[23.380755] (multirobot_map_merge) StderrLine: {'line': b'  5250K .......... .......... .......... .......... .......... 33% 2.11M 3s\n'}
[23.392808] (multirobot_map_merge) StderrLine: {'line': b'  5300K .......... .......... .......... .......... .......... 34% 4.15M 3s\n'}
[23.403867] (multirobot_map_merge) StderrLine: {'line': b'  5350K .......... .......... .......... .......... .......... 34% 4.00M 3s\n'}
[23.413847] (multirobot_map_merge) StderrLine: {'line': b'  5400K .......... .......... .......... .......... .......... 34% 4.17M 3s\n'}
[23.421774] (multirobot_map_merge) StderrLine: {'line': b'  5450K .......... .......... .......... .......... .......... 35% 6.12M 3s\n'}
[23.445116] (multirobot_map_merge) StderrLine: {'line': b'  5500K .......... .......... .......... .......... .......... 35% 2.09M 3s\n'}
[23.447007] (explore_lite_msgs) StdoutLine: {'line': b'[ 76%] Built target explore_lite_msgs__py\n'}
[23.462385] (-) TimerEvent: {}
[23.466822] (multirobot_map_merge) StderrLine: {'line': b'  5550K .......... .......... .......... .......... .......... 35% 2.88M 3s\n'}
[23.479777] (multirobot_map_merge) StderrLine: {'line': b'  5600K .......... .......... .......... .......... .......... 36% 3.32M 3s\n'}
[23.488795] (multirobot_map_merge) StderrLine: {'line': b'  5650K .......... .......... .......... .......... .......... 36% 4.06M 3s\n'}
[23.499240] (multirobot_map_merge) StderrLine: {'line': b'  5700K .......... .......... .......... .......... .......... 36% 4.76M 3s\n'}
[23.513799] (rplidar_ros) StderrLine: {'line': b'In file included from \x1b[01m\x1b[K/home/rpd/Nav2/src/rplidar_ros/sdk/src/dataunpacker/dataunpacker.cpp:40\x1b[m\x1b[K:\n'}
[23.514214] (rplidar_ros) StderrLine: {'line': b'\x1b[01m\x1b[K/home/rpd/Nav2/src/rplidar_ros/sdk/src/dataunpacker/dataunpacker.h:\x1b[m\x1b[K In member function \xe2\x80\x98\x1b[01m\x1b[Kvirtual void sl::internal::LIDARSampleDataListener::\x1b[01;32m\x1b[KonCustomSampleDataDecoded\x1b[m\x1b[K(_u8, _u32, const void*, size_t)\x1b[m\x1b[K\xe2\x80\x99:\n'}
[23.514399] (rplidar_ros) StderrLine: {'line': b'\x1b[01m\x1b[K/home/rpd/Nav2/src/rplidar_ros/sdk/src/dataunpacker/dataunpacker.h:54:52:\x1b[m\x1b[K \x1b[01;35m\x1b[Kwarning: \x1b[m\x1b[Kunused parameter \xe2\x80\x98\x1b[01m\x1b[KansType\x1b[m\x1b[K\xe2\x80\x99 [\x1b[01;35m\x1b[K\x1b]8;;https://gcc.gnu.org/onlinedocs/gcc/Warning-Options.html#index-Wunused-parameter\x07-Wunused-parameter\x1b]8;;\x07\x1b[m\x1b[K]\n'}
[23.514693] (rplidar_ros) StderrLine: {'line': b'   54 |         virtual void onCustomSampleDataDecoded(\x1b[01;35m\x1b[K_u8 ansType\x1b[m\x1b[K, _u32 customCode, const void* data, size_t size) {}\n'}
[23.514879] (rplidar_ros) StderrLine: {'line': b'      |                                                \x1b[01;35m\x1b[K~~~~^~~~~~~\x1b[m\x1b[K\n'}
[23.515328] (rplidar_ros) StderrLine: {'line': b'\x1b[01m\x1b[K/home/rpd/Nav2/src/rplidar_ros/sdk/src/dataunpacker/dataunpacker.h:54:66:\x1b[m\x1b[K \x1b[01;35m\x1b[Kwarning: \x1b[m\x1b[Kunused parameter \xe2\x80\x98\x1b[01m\x1b[KcustomCode\x1b[m\x1b[K\xe2\x80\x99 [\x1b[01;35m\x1b[K\x1b]8;;https://gcc.gnu.org/onlinedocs/gcc/Warning-Options.html#index-Wunused-parameter\x07-Wunused-parameter\x1b]8;;\x07\x1b[m\x1b[K]\n'}
[23.515610] (multirobot_map_merge) StderrLine: {'line': b'  5750K .......... .......... .......... .......... .......... 37% 3.37M 3s\n'}
[23.518354] (rplidar_ros) StderrLine: {'line': b'   54 |         virtual void onCustomSampleDataDecoded(_u8 ansType, \x1b[01;35m\x1b[K_u32 customCode\x1b[m\x1b[K, const void* data, size_t size) {}\n'}
[23.518671] (rplidar_ros) StderrLine: {'line': b'      |                                                             \x1b[01;35m\x1b[K~~~~~^~~~~~~~~~\x1b[m\x1b[K\n'}
[23.518834] (rplidar_ros) StderrLine: {'line': b'\x1b[01m\x1b[K/home/rpd/Nav2/src/rplidar_ros/sdk/src/dataunpacker/dataunpacker.h:54:90:\x1b[m\x1b[K \x1b[01;35m\x1b[Kwarning: \x1b[m\x1b[Kunused parameter \xe2\x80\x98\x1b[01m\x1b[Kdata\x1b[m\x1b[K\xe2\x80\x99 [\x1b[01;35m\x1b[K\x1b]8;;https://gcc.gnu.org/onlinedocs/gcc/Warning-Options.html#index-Wunused-parameter\x07-Wunused-parameter\x1b]8;;\x07\x1b[m\x1b[K]\n'}
[23.519043] (rplidar_ros) StderrLine: {'line': b'   54 |         virtual void onCustomSampleDataDecoded(_u8 ansType, _u32 customCode, \x1b[01;35m\x1b[Kconst void* data\x1b[m\x1b[K, size_t size) {}\n'}
[23.519281] (rplidar_ros) StderrLine: {'line': b'      |                                                                              \x1b[01;35m\x1b[K~~~~~~~~~~~~^~~~\x1b[m\x1b[K\n'}
[23.519463] (rplidar_ros) StderrLine: {'line': b'\x1b[01m\x1b[K/home/rpd/Nav2/src/rplidar_ros/sdk/src/dataunpacker/dataunpacker.h:54:103:\x1b[m\x1b[K \x1b[01;35m\x1b[Kwarning: \x1b[m\x1b[Kunused parameter \xe2\x80\x98\x1b[01m\x1b[Ksize\x1b[m\x1b[K\xe2\x80\x99 [\x1b[01;35m\x1b[K\x1b]8;;https://gcc.gnu.org/onlinedocs/gcc/Warning-Options.html#index-Wunused-parameter\x07-Wunused-parameter\x1b]8;;\x07\x1b[m\x1b[K]\n'}
[23.519834] (rplidar_ros) StderrLine: {'line': b'   54 |         virtual void onCustomSampleDataDecoded(_u8 ansType, _u32 customCode, const void* data, \x1b[01;35m\x1b[Ksize_t size\x1b[m\x1b[K) {}\n'}
[23.519976] (rplidar_ros) StderrLine: {'line': b'      |                                                                                                \x1b[01;35m\x1b[K~~~~~~~^~~~\x1b[m\x1b[K\n'}
[23.520103] (rplidar_ros) StderrLine: {'line': b'\x1b[01m\x1b[K/home/rpd/Nav2/src/rplidar_ros/sdk/src/dataunpacker/dataunpacker.h:\x1b[m\x1b[K In member function \xe2\x80\x98\x1b[01m\x1b[Kvirtual void sl::internal::LIDARSampleDataListener::\x1b[01;32m\x1b[KonDecodingError\x1b[m\x1b[K(int, _u8, const void*, size_t)\x1b[m\x1b[K\xe2\x80\x99:\n'}
[23.520234] (rplidar_ros) StderrLine: {'line': b'\x1b[01m\x1b[K/home/rpd/Nav2/src/rplidar_ros/sdk/src/dataunpacker/dataunpacker.h:56:42:\x1b[m\x1b[K \x1b[01;35m\x1b[Kwarning: \x1b[m\x1b[Kunused parameter \xe2\x80\x98\x1b[01m\x1b[KerrMsg\x1b[m\x1b[K\xe2\x80\x99 [\x1b[01;35m\x1b[K\x1b]8;;https://gcc.gnu.org/onlinedocs/gcc/Warning-Options.html#index-Wunused-parameter\x07-Wunused-parameter\x1b]8;;\x07\x1b[m\x1b[K]\n'}
[23.520397] (rplidar_ros) StderrLine: {'line': b'   56 |         virtual void onDecodingError(\x1b[01;35m\x1b[Kint errMsg\x1b[m\x1b[K, _u8 ansType, const void* payload, size_t size) {}\n'}
[23.520581] (rplidar_ros) StderrLine: {'line': b'      |                                      \x1b[01;35m\x1b[K~~~~^~~~~~\x1b[m\x1b[K\n'}
[23.524128] (rplidar_ros) StderrLine: {'line': b'\x1b[01m\x1b[K/home/rpd/Nav2/src/rplidar_ros/sdk/src/dataunpacker/dataunpacker.h:56:54:\x1b[m\x1b[K \x1b[01;35m\x1b[Kwarning: \x1b[m\x1b[Kunused parameter \xe2\x80\x98\x1b[01m\x1b[KansType\x1b[m\x1b[K\xe2\x80\x99 [\x1b[01;35m\x1b[K\x1b]8;;https://gcc.gnu.org/onlinedocs/gcc/Warning-Options.html#index-Wunused-parameter\x07-Wunused-parameter\x1b]8;;\x07\x1b[m\x1b[K]\n'}
[23.524739] (rplidar_ros) StderrLine: {'line': b'   56 |         virtual void onDecodingError(int errMsg, \x1b[01;35m\x1b[K_u8 ansType\x1b[m\x1b[K, const void* payload, size_t size) {}\n'}
[23.524942] (rplidar_ros) StderrLine: {'line': b'      |                                                  \x1b[01;35m\x1b[K~~~~^~~~~~~\x1b[m\x1b[K\n'}
[23.525091] (rplidar_ros) StderrLine: {'line': b'\x1b[01m\x1b[K/home/rpd/Nav2/src/rplidar_ros/sdk/src/dataunpacker/dataunpacker.h:56:75:\x1b[m\x1b[K \x1b[01;35m\x1b[Kwarning: \x1b[m\x1b[Kunused parameter \xe2\x80\x98\x1b[01m\x1b[Kpayload\x1b[m\x1b[K\xe2\x80\x99 [\x1b[01;35m\x1b[K\x1b]8;;https://gcc.gnu.org/onlinedocs/gcc/Warning-Options.html#index-Wunused-parameter\x07-Wunused-parameter\x1b]8;;\x07\x1b[m\x1b[K]\n'}
[23.525250] (rplidar_ros) StderrLine: {'line': b'   56 |         virtual void onDecodingError(int errMsg, _u8 ansType, \x1b[01;35m\x1b[Kconst void* payload\x1b[m\x1b[K, size_t size) {}\n'}
[23.525394] (rplidar_ros) StderrLine: {'line': b'      |                                                               \x1b[01;35m\x1b[K~~~~~~~~~~~~^~~~~~~\x1b[m\x1b[K\n'}
[23.526568] (rplidar_ros) StderrLine: {'line': b'\x1b[01m\x1b[K/home/rpd/Nav2/src/rplidar_ros/sdk/src/dataunpacker/dataunpacker.h:56:91:\x1b[m\x1b[K \x1b[01;35m\x1b[Kwarning: \x1b[m\x1b[Kunused parameter \xe2\x80\x98\x1b[01m\x1b[Ksize\x1b[m\x1b[K\xe2\x80\x99 [\x1b[01;35m\x1b[K\x1b]8;;https://gcc.gnu.org/onlinedocs/gcc/Warning-Options.html#index-Wunused-parameter\x07-Wunused-parameter\x1b]8;;\x07\x1b[m\x1b[K]\n'}
[23.527220] (rplidar_ros) StderrLine: {'line': b'   56 |         virtual void onDecodingError(int errMsg, _u8 ansType, const void* payload, \x1b[01;35m\x1b[Ksize_t size\x1b[m\x1b[K) {}\n'}
[23.527454] (rplidar_ros) StderrLine: {'line': b'      |                                                                                    \x1b[01;35m\x1b[K~~~~~~~^~~~\x1b[m\x1b[K\n'}
[23.527730] (multirobot_map_merge) StderrLine: {'line': b'  5800K .......... .......... .......... .......... .......... 37% 19.9M 3s\n'}
[23.530598] (multirobot_map_merge) StderrLine: {'line': b'  5850K .......... .......... .......... .......... .......... 37% 4.07M 3s\n'}
[23.535032] (explore_lite_msgs) StdoutLine: {'line': b'[ 79%] \x1b[32mBuilding C object CMakeFiles/explore_lite_msgs__rosidl_generator_py.dir/rosidl_generator_py/explore_lite_msgs/msg/_explore_status_s.c.o\x1b[0m\n'}
[23.547462] (multirobot_map_merge) StderrLine: {'line': b'  5900K .......... .......... .......... .......... .......... 38% 2.52M 3s\n'}
[23.564421] (multirobot_map_merge) StderrLine: {'line': b'  5950K .......... .......... .......... .......... .......... 38% 3.44M 3s\n'}
[23.564863] (-) TimerEvent: {}
[23.576394] (multirobot_map_merge) StderrLine: {'line': b'  6000K .......... .......... .......... .......... .......... 38% 3.30M 3s\n'}
[23.585206] (multirobot_map_merge) StderrLine: {'line': b'  6050K .......... .......... .......... .......... .......... 39% 5.62M 3s\n'}
[23.597709] (multirobot_map_merge) StderrLine: {'line': b'  6100K .......... .......... .......... .......... .......... 39% 4.35M 3s\n'}
[23.606168] (multirobot_map_merge) StderrLine: {'line': b'  6150K .......... .......... .......... .......... .......... 39% 4.88M 3s\n'}
[23.620405] (multirobot_map_merge) StderrLine: {'line': b'  6200K .......... .......... .......... .......... .......... 39% 3.47M 3s\n'}
[23.629867] (multirobot_map_merge) StderrLine: {'line': b'  6250K .......... .......... .......... .......... .......... 40% 6.02M 3s\n'}
[23.642199] (multirobot_map_merge) StderrLine: {'line': b'  6300K .......... .......... .......... .......... .......... 40% 3.62M 3s\n'}
[23.651154] (multirobot_map_merge) StderrLine: {'line': b'  6350K .......... .......... .......... .......... .......... 40% 19.3M 3s\n'}
[23.665035] (-) TimerEvent: {}
[23.667091] (multirobot_map_merge) StderrLine: {'line': b'  6400K .......... .......... .......... .......... .......... 41% 2.17M 3s\n'}
[23.677153] (multirobot_map_merge) StderrLine: {'line': b'  6450K .......... .......... .......... .......... .......... 41% 4.91M 3s\n'}
[23.688999] (multirobot_map_merge) StderrLine: {'line': b'  6500K .......... .......... .......... .......... .......... 41% 4.11M 3s\n'}
[23.704212] (multirobot_map_merge) StderrLine: {'line': b'  6550K .......... .......... .......... .......... .......... 42% 3.20M 3s\n'}
[23.715118] (multirobot_map_merge) StderrLine: {'line': b'  6600K .......... .......... .......... .......... .......... 42% 4.47M 3s\n'}
[23.722558] (multirobot_map_merge) StderrLine: {'line': b'  6650K .......... .......... .......... .......... .......... 42% 6.60M 3s\n'}
[23.730572] (multirobot_map_merge) StderrLine: {'line': b'  6700K .......... .......... .......... .......... .......... 43% 6.15M 3s\n'}
[23.744876] (multirobot_map_merge) StderrLine: {'line': b'  6750K .......... .......... .......... .......... .......... 43% 4.14M 2s\n'}
[23.767639] (-) TimerEvent: {}
[23.773913] (multirobot_map_merge) StderrLine: {'line': b'  6800K .......... .......... .......... .......... .......... 43% 1.68M 3s\n'}
[23.779691] (multirobot_map_merge) StderrLine: {'line': b'  6850K .......... .......... .......... .......... .......... 44% 5.76M 2s\n'}
[23.787095] (multirobot_map_merge) StderrLine: {'line': b'  6900K .......... .......... .......... .......... .......... 44% 6.43M 2s\n'}
[23.795519] (multirobot_map_merge) StderrLine: {'line': b'  6950K .......... .......... .......... .......... .......... 44% 5.93M 2s\n'}
[23.805709] (multirobot_map_merge) StderrLine: {'line': b'  7000K .......... .......... .......... .......... .......... 45% 5.49M 2s\n'}
[23.813014] (multirobot_map_merge) StderrLine: {'line': b'  7050K .......... .......... .......... .......... .......... 45% 5.68M 2s\n'}
[23.828888] (multirobot_map_merge) StderrLine: {'line': b'  7100K .......... .......... .......... .......... .......... 45% 3.07M 2s\n'}
[23.840226] (multirobot_map_merge) StderrLine: {'line': b'  7150K .......... .......... .......... .......... .......... 46% 5.56M 2s\n'}
[23.848280] (multirobot_map_merge) StderrLine: {'line': b'  7200K .......... .......... .......... .......... .......... 46% 4.61M 2s\n'}
[23.857275] (multirobot_map_merge) StderrLine: {'line': b'  7250K .......... .......... .......... .......... .......... 46% 5.50M 2s\n'}
[23.867795] (-) TimerEvent: {}
[23.878869] (multirobot_map_merge) StderrLine: {'line': b'  7300K .......... .......... .......... .......... .......... 47% 2.30M 2s\n'}
[23.888171] (multirobot_map_merge) StderrLine: {'line': b'  7350K .......... .......... .......... .......... .......... 47% 7.16M 2s\n'}
[23.899444] (multirobot_map_merge) StderrLine: {'line': b'  7400K .......... .......... .......... .......... .......... 47% 3.60M 2s\n'}
[23.908484] (multirobot_map_merge) StderrLine: {'line': b'  7450K .......... .......... .......... .......... .......... 47% 5.04M 2s\n'}
[23.918255] (multirobot_map_merge) StderrLine: {'line': b'  7500K .......... .......... .......... .......... .......... 48% 5.03M 2s\n'}
[23.934941] (multirobot_map_merge) StderrLine: {'line': b'  7550K .......... .......... .......... .......... .......... 48% 3.94M 2s\n'}
[23.940573] (multirobot_map_merge) StderrLine: {'line': b'  7600K .......... .......... .......... .......... .......... 48% 4.96M 2s\n'}
[23.970300] (-) TimerEvent: {}
[23.973804] (multirobot_map_merge) StderrLine: {'line': b'  7650K .......... .......... .......... .......... .......... 49% 1.57M 2s\n'}
[23.981528] (multirobot_map_merge) StderrLine: {'line': b'  7700K .......... .......... .......... .......... .......... 49% 6.32M 2s\n'}
[23.986527] (multirobot_map_merge) StderrLine: {'line': b'  7750K .......... .......... .......... .......... .......... 49% 6.87M 2s\n'}
[23.998095] (multirobot_map_merge) StderrLine: {'line': b'  7800K .......... .......... .......... .......... .......... 50% 4.12M 2s\n'}
[24.004203] (multirobot_map_merge) StderrLine: {'line': b'  7850K .......... .......... .......... .......... .......... 50% 7.95M 2s\n'}
[24.013963] (multirobot_map_merge) StderrLine: {'line': b'  7900K .......... .......... .......... .......... .......... 50% 4.98M 2s\n'}
[24.024029] (multirobot_map_merge) StderrLine: {'line': b'  7950K .......... .......... .......... .......... .......... 51% 6.45M 2s\n'}
[24.033766] (multirobot_map_merge) StderrLine: {'line': b'  8000K .......... .......... .......... .......... .......... 51% 4.04M 2s\n'}
[24.043882] (multirobot_map_merge) StderrLine: {'line': b'  8050K .......... .......... .......... .......... .......... 51% 6.08M 2s\n'}
[24.060312] (multirobot_map_merge) StderrLine: {'line': b'  8100K .......... .......... .......... .......... .......... 52% 2.64M 2s\n'}
[24.070948] (-) TimerEvent: {}
[24.077884] (multirobot_map_merge) StderrLine: {'line': b'  8150K .......... .......... .......... .......... .......... 52% 3.14M 2s\n'}
[24.080567] (multirobot_map_merge) StderrLine: {'line': b'  8200K .......... .......... .......... .......... .......... 52% 10.3M 2s\n'}
[24.106755] (multirobot_map_merge) StderrLine: {'line': b'  8250K .......... .......... .......... .......... .......... 53% 2.08M 2s\n'}
[24.108820] (multirobot_map_merge) StderrLine: {'line': b'  8300K .......... .......... .......... .......... .......... 53% 9.88M 2s\n'}
[24.126828] (multirobot_map_merge) StderrLine: {'line': b'  8350K .......... .......... .......... .......... .......... 53% 3.43M 2s\n'}
[24.132348] (multirobot_map_merge) StderrLine: {'line': b'  8400K .......... .......... .......... .......... .......... 54% 5.35M 2s\n'}
[24.139873] (multirobot_map_merge) StderrLine: {'line': b'  8450K .......... .......... .......... .......... .......... 54% 6.74M 2s\n'}
[24.156476] (multirobot_map_merge) StderrLine: {'line': b'  8500K .......... .......... .......... .......... .......... 54% 2.92M 2s\n'}
[24.170581] (multirobot_map_merge) StderrLine: {'line': b'  8550K .......... .......... .......... .......... .......... 55% 3.43M 2s\n'}
[24.170967] (-) TimerEvent: {}
[24.184633] (multirobot_map_merge) StderrLine: {'line': b'  8600K .......... .......... .......... .......... .......... 55% 4.71M 2s\n'}
[24.189343] (multirobot_map_merge) StderrLine: {'line': b'  8650K .......... .......... .......... .......... .......... 55% 5.80M 2s\n'}
[24.199323] (multirobot_map_merge) StderrLine: {'line': b'  8700K .......... .......... .......... .......... .......... 55% 4.89M 2s\n'}
[24.211622] (multirobot_map_merge) StderrLine: {'line': b'  8750K .......... .......... .......... .......... .......... 56% 7.97M 2s\n'}
[24.219658] (multirobot_map_merge) StderrLine: {'line': b'  8800K .......... .......... .......... .......... .......... 56% 3.47M 2s\n'}
[24.230835] (multirobot_map_merge) StderrLine: {'line': b'  8850K .......... .......... .......... .......... .......... 56% 4.32M 2s\n'}
[24.235753] (multirobot_map_merge) StderrLine: {'line': b'  8900K .......... .......... .......... .......... .......... 57% 10.0M 2s\n'}
[24.249150] (multirobot_map_merge) StderrLine: {'line': b'  8950K .......... .......... .......... .......... .......... 57% 3.64M 2s\n'}
[24.254689] (multirobot_map_merge) StderrLine: {'line': b'  9000K .......... .......... .......... .......... .......... 57% 8.74M 2s\n'}
[24.264169] (multirobot_map_merge) StderrLine: {'line': b'  9050K .......... .......... .......... .......... .......... 58% 5.22M 2s\n'}
[24.271144] (-) TimerEvent: {}
[24.277552] (multirobot_map_merge) StderrLine: {'line': b'  9100K .......... .......... .......... .......... .......... 58% 3.64M 2s\n'}
[24.286120] (multirobot_map_merge) StderrLine: {'line': b'  9150K .......... .......... .......... .......... .......... 58% 8.75M 2s\n'}
[24.301559] (multirobot_map_merge) StderrLine: {'line': b'  9200K .......... .......... .......... .......... .......... 59% 2.71M 2s\n'}
[24.304660] (multirobot_map_merge) StderrLine: {'line': b'  9250K .......... .......... .......... .......... .......... 59% 14.7M 2s\n'}
[24.315563] (multirobot_map_merge) StderrLine: {'line': b'  9300K .......... .......... .......... .......... .......... 59% 4.54M 2s\n'}
[24.320355] (multirobot_map_merge) StderrLine: {'line': b'  9350K .......... .......... .......... .......... .......... 60% 9.62M 2s\n'}
[24.333203] (multirobot_map_merge) StderrLine: {'line': b'  9400K .......... .......... .......... .......... .......... 60% 4.77M 2s\n'}
[24.337983] (multirobot_map_merge) StderrLine: {'line': b'  9450K .......... .......... .......... .......... .......... 60% 6.68M 2s\n'}
[24.344266] (multirobot_map_merge) StderrLine: {'line': b'  9500K .......... .......... .......... .......... .......... 61% 7.73M 2s\n'}
[24.356080] (multirobot_map_merge) StderrLine: {'line': b'  9550K .......... .......... .......... .......... .......... 61% 5.74M 2s\n'}
[24.363056] (multirobot_map_merge) StderrLine: {'line': b'  9600K .......... .......... .......... .......... .......... 61% 4.79M 2s\n'}
[24.369826] (rplidar_ros) StdoutLine: {'line': b'[ 34%] \x1b[32mBuilding CXX object CMakeFiles/rplidar_node.dir/sdk/src/dataunpacker/unpacker/handler_capsules.cpp.o\x1b[0m\n'}
[24.371305] (-) TimerEvent: {}
[24.372652] (explore_lite_msgs) StdoutLine: {'line': b'[ 82%] \x1b[32m\x1b[1mLinking C shared library libexplore_lite_msgs__rosidl_generator_py.so\x1b[0m\n'}
[24.380021] (multirobot_map_merge) StderrLine: {'line': b'  9650K .......... .......... .......... .......... .......... 62% 3.11M 2s\n'}
[24.387188] (multirobot_map_merge) StderrLine: {'line': b'  9700K .......... .......... .......... .......... .......... 62% 5.66M 2s\n'}
[24.397490] (multirobot_map_merge) StderrLine: {'line': b'  9750K .......... .......... .......... .......... .......... 62% 4.80M 2s\n'}
[24.408355] (multirobot_map_merge) StderrLine: {'line': b'  9800K .......... .......... .......... .......... .......... 63% 6.04M 2s\n'}
[24.414044] (multirobot_map_merge) StderrLine: {'line': b'  9850K .......... .......... .......... .......... .......... 63% 5.72M 2s\n'}
[24.423161] (multirobot_map_merge) StderrLine: {'line': b'  9900K .......... .......... .......... .......... .......... 63% 5.34M 1s\n'}
[24.436622] (multirobot_map_merge) StderrLine: {'line': b'  9950K .......... .......... .......... .......... .......... 63% 5.39M 1s\n'}
[24.439184] (multirobot_map_merge) StderrLine: {'line': b' 10000K .......... .......... .......... .......... .......... 64% 6.99M 1s\n'}
[24.458243] (multirobot_map_merge) StderrLine: {'line': b' 10050K .......... .......... .......... .......... .......... 64% 2.58M 1s\n'}
[24.462986] (multirobot_map_merge) StderrLine: {'line': b' 10100K .......... .......... .......... .......... .......... 64% 9.97M 1s\n'}
[24.471593] (-) TimerEvent: {}
[24.480559] (multirobot_map_merge) StderrLine: {'line': b' 10150K .......... .......... .......... .......... .......... 65% 3.51M 1s\n'}
[24.485261] (multirobot_map_merge) StderrLine: {'line': b' 10200K .......... .......... .......... .......... .......... 65% 5.89M 1s\n'}
[24.501162] (multirobot_map_merge) StderrLine: {'line': b' 10250K .......... .......... .......... .......... .......... 65% 3.43M 1s\n'}
[24.505605] (multirobot_map_merge) StderrLine: {'line': b' 10300K .......... .......... .......... .......... .......... 66% 8.49M 1s\n'}
[24.517184] (multirobot_map_merge) StderrLine: {'line': b' 10350K .......... .......... .......... .......... .......... 66% 5.21M 1s\n'}
[24.525737] (multirobot_map_merge) StderrLine: {'line': b' 10400K .......... .......... .......... .......... .......... 66% 5.67M 1s\n'}
[24.540957] (multirobot_map_merge) StderrLine: {'line': b' 10450K .......... .......... .......... .......... .......... 67% 3.01M 1s\n'}
[24.548613] (multirobot_map_merge) StderrLine: {'line': b' 10500K .......... .......... .......... .......... .......... 67% 6.28M 1s\n'}
[24.557880] (multirobot_map_merge) StderrLine: {'line': b' 10550K .......... .......... .......... .......... .......... 67% 5.59M 1s\n'}
[24.563054] (multirobot_map_merge) StderrLine: {'line': b' 10600K .......... .......... .......... .......... .......... 68% 6.87M 1s\n'}
[24.571745] (-) TimerEvent: {}
[24.588162] (multirobot_map_merge) StderrLine: {'line': b' 10650K .......... .......... .......... .......... .......... 68% 1.94M 1s\n'}
[24.600337] (multirobot_map_merge) StderrLine: {'line': b' 10700K .......... .......... .......... .......... .......... 68% 4.02M 1s\n'}
[24.611020] (multirobot_map_merge) StderrLine: {'line': b' 10750K .......... .......... .......... .......... .......... 69% 5.70M 1s\n'}
[24.617071] (multirobot_map_merge) StderrLine: {'line': b' 10800K .......... .......... .......... .......... .......... 69% 5.94M 1s\n'}
[24.628734] (multirobot_map_merge) StderrLine: {'line': b' 10850K .......... .......... .......... .......... .......... 69% 4.65M 1s\n'}
[24.634813] (multirobot_map_merge) StderrLine: {'line': b' 10900K .......... .......... .......... .......... .......... 70% 6.72M 1s\n'}
[24.643794] (multirobot_map_merge) StderrLine: {'line': b' 10950K .......... .......... .......... .......... .......... 70% 7.64M 1s\n'}
[24.648227] (multirobot_map_merge) StderrLine: {'line': b' 11000K .......... .......... .......... .......... .......... 70% 6.97M 1s\n'}
[24.658785] (explore_lite_msgs) StdoutLine: {'line': b'[ 82%] Built target explore_lite_msgs__rosidl_generator_py\n'}
[24.660080] (multirobot_map_merge) StderrLine: {'line': b' 11050K .......... .......... .......... .......... .......... 71% 4.19M 1s\n'}
[24.667217] (multirobot_map_merge) StderrLine: {'line': b' 11100K .......... .......... .......... .......... .......... 71% 6.93M 1s\n'}
[24.671918] (-) TimerEvent: {}
[24.675112] (multirobot_map_merge) StderrLine: {'line': b' 11150K .......... .......... .......... .......... .......... 71% 8.46M 1s\n'}
[24.687898] (multirobot_map_merge) StderrLine: {'line': b' 11200K .......... .......... .......... .......... .......... 71% 3.27M 1s\n'}
[24.698542] (multirobot_map_merge) StderrLine: {'line': b' 11250K .......... .......... .......... .......... .......... 72% 4.64M 1s\n'}
[24.706636] (multirobot_map_merge) StderrLine: {'line': b' 11300K .......... .......... .......... .......... .......... 72% 6.19M 1s\n'}
[24.716035] (multirobot_map_merge) StderrLine: {'line': b' 11350K .......... .......... .......... .......... .......... 72% 4.93M 1s\n'}
[24.722448] (multirobot_map_merge) StderrLine: {'line': b' 11400K .......... .......... .......... .......... .......... 73% 8.49M 1s\n'}
[24.730175] (multirobot_map_merge) StderrLine: {'line': b' 11450K .......... .......... .......... .......... .......... 73% 5.76M 1s\n'}
[24.737652] (multirobot_map_merge) StderrLine: {'line': b' 11500K .......... .......... .......... .......... .......... 73% 8.24M 1s\n'}
[24.747087] (multirobot_map_merge) StderrLine: {'line': b' 11550K .......... .......... .......... .......... .......... 74% 4.67M 1s\n'}
[24.747480] (explore_lite_msgs) StdoutLine: {'line': b'[ 85%] \x1b[32mBuilding C object CMakeFiles/explore_lite_msgs_s__rosidl_typesupport_c.dir/rosidl_generator_py/explore_lite_msgs/_explore_lite_msgs_s.ep.rosidl_typesupport_c.c.o\x1b[0m\n'}
[24.758621] (multirobot_map_merge) StderrLine: {'line': b' 11600K .......... .......... .......... .......... .......... 74% 4.38M 1s\n'}
[24.765642] (multirobot_map_merge) StderrLine: {'line': b' 11650K .......... .......... .......... .......... .......... 74% 6.48M 1s\n'}
[24.770109] (explore_lite_msgs) StdoutLine: {'line': b'[ 88%] \x1b[32mBuilding C object CMakeFiles/explore_lite_msgs_s__rosidl_typesupport_introspection_c.dir/rosidl_generator_py/explore_lite_msgs/_explore_lite_msgs_s.ep.rosidl_typesupport_introspection_c.c.o\x1b[0m\n'}
[24.772132] (-) TimerEvent: {}
[24.773844] (explore_lite_msgs) StdoutLine: {'line': b'[ 91%] \x1b[32mBuilding C object CMakeFiles/explore_lite_msgs_s__rosidl_typesupport_fastrtps_c.dir/rosidl_generator_py/explore_lite_msgs/_explore_lite_msgs_s.ep.rosidl_typesupport_fastrtps_c.c.o\x1b[0m\n'}
[24.778673] (multirobot_map_merge) StderrLine: {'line': b' 11700K .......... .......... .......... .......... .......... 75% 5.70M 1s\n'}
[24.789748] (multirobot_map_merge) StderrLine: {'line': b' 11750K .......... .......... .......... .......... .......... 75% 3.75M 1s\n'}
[24.807239] (multirobot_map_merge) StderrLine: {'line': b' 11800K .......... .......... .......... .......... .......... 75% 2.41M 1s\n'}
[24.815468] (multirobot_map_merge) StderrLine: {'line': b' 11850K .......... .......... .......... .......... .......... 76% 6.03M 1s\n'}
[24.824723] (multirobot_map_merge) StderrLine: {'line': b' 11900K .......... .......... .......... .......... .......... 76% 6.21M 1s\n'}
[24.850552] (multirobot_map_merge) StderrLine: {'line': b' 11950K .......... .......... .......... .......... .......... 76% 2.27M 1s\n'}
[24.863109] (multirobot_map_merge) StderrLine: {'line': b' 12000K .......... .......... .......... .......... .......... 77% 2.67M 1s\n'}
[24.871215] (multirobot_map_merge) StderrLine: {'line': b' 12050K .......... .......... .......... .......... .......... 77% 6.03M 1s\n'}
[24.872286] (-) TimerEvent: {}
[24.880537] (multirobot_map_merge) StderrLine: {'line': b' 12100K .......... .......... .......... .......... .......... 77% 5.37M 1s\n'}
[24.889051] (multirobot_map_merge) StderrLine: {'line': b' 12150K .......... .......... .......... .......... .......... 78% 5.48M 1s\n'}
[24.896654] (multirobot_map_merge) StderrLine: {'line': b' 12200K .......... .......... .......... .......... .......... 78% 9.44M 1s\n'}
[24.900145] (multirobot_map_merge) StderrLine: {'line': b' 12250K .......... .......... .......... .......... .......... 78% 8.03M 1s\n'}
[24.917724] (multirobot_map_merge) StderrLine: {'line': b' 12300K .......... .......... .......... .......... .......... 79% 3.31M 1s\n'}
[24.919676] (multirobot_map_merge) StderrLine: {'line': b' 12350K .......... .......... .......... .......... .......... 79% 19.5M 1s\n'}
[24.941625] (multirobot_map_merge) StderrLine: {'line': b' 12400K .......... .......... .......... .......... .......... 79% 2.03M 1s\n'}
[24.947185] (multirobot_map_merge) StderrLine: {'line': b' 12450K .......... .......... .......... .......... .......... 79% 8.63M 1s\n'}
[24.958232] (multirobot_map_merge) StderrLine: {'line': b' 12500K .......... .......... .......... .......... .......... 80% 4.51M 1s\n'}
[24.971344] (multirobot_map_merge) StderrLine: {'line': b' 12550K .......... .......... .......... .......... .......... 80% 3.71M 1s\n'}
[24.973089] (-) TimerEvent: {}
[24.978236] (multirobot_map_merge) StderrLine: {'line': b' 12600K .......... .......... .......... .......... .......... 80% 7.13M 1s\n'}
[24.995255] (multirobot_map_merge) StderrLine: {'line': b' 12650K .......... .......... .......... .......... .......... 81% 8.47M 1s\n'}
[25.002826] (multirobot_map_merge) StderrLine: {'line': b' 12700K .......... .......... .......... .......... .......... 81% 3.38M 1s\n'}
[25.008559] (multirobot_map_merge) StderrLine: {'line': b' 12750K .......... .......... .......... .......... .......... 81% 4.83M 1s\n'}
[25.020432] (multirobot_map_merge) StderrLine: {'line': b' 12800K .......... .......... .......... .......... .......... 82% 4.12M 1s\n'}
[25.026584] (multirobot_map_merge) StderrLine: {'line': b' 12850K .......... .......... .......... .......... .......... 82% 7.91M 1s\n'}
[25.035409] (multirobot_map_merge) StderrLine: {'line': b' 12900K .......... .......... .......... .......... .......... 82% 5.56M 1s\n'}
[25.044251] (multirobot_map_merge) StderrLine: {'line': b' 12950K .......... .......... .......... .......... .......... 83% 5.53M 1s\n'}
[25.054484] (multirobot_map_merge) StderrLine: {'line': b' 13000K .......... .......... .......... .......... .......... 83% 4.88M 1s\n'}
[25.060108] (multirobot_map_merge) StderrLine: {'line': b' 13050K .......... .......... .......... .......... .......... 83% 10.8M 1s\n'}
[25.073188] (-) TimerEvent: {}
[25.085628] (multirobot_map_merge) StderrLine: {'line': b' 13100K .......... .......... .......... .......... .......... 84% 3.11M 1s\n'}
[25.086017] (multirobot_map_merge) StderrLine: {'line': b' 13150K .......... .......... .......... .......... .......... 84% 6.59M 1s\n'}
[25.097371] (multirobot_map_merge) StderrLine: {'line': b' 13200K .......... .......... .......... .......... .......... 84% 3.14M 1s\n'}
[25.106759] (multirobot_map_merge) StderrLine: {'line': b' 13250K .......... .......... .......... .......... .......... 85% 7.12M 1s\n'}
[25.116412] (multirobot_map_merge) StderrLine: {'line': b' 13300K .......... .......... .......... .......... .......... 85% 3.97M 1s\n'}
[25.132199] (multirobot_map_merge) StderrLine: {'line': b' 13350K .......... .......... .......... .......... .......... 85% 3.10M 1s\n'}
[25.151672] (multirobot_map_merge) StderrLine: {'line': b' 13400K .......... .......... .......... .......... .......... 86% 3.50M 1s\n'}
[25.155639] (multirobot_map_merge) StderrLine: {'line': b' 13450K .......... .......... .......... .......... .......... 86% 7.41M 1s\n'}
[25.172635] (multirobot_map_merge) StderrLine: {'line': b' 13500K .......... .......... .......... .......... .......... 86% 2.81M 1s\n'}
[25.173887] (-) TimerEvent: {}
[25.185649] (multirobot_map_merge) StderrLine: {'line': b' 13550K .......... .......... .......... .......... .......... 87% 4.89M 1s\n'}
[25.233565] (multirobot_map_merge) StderrLine: {'line': b' 13600K .......... .......... .......... .......... .......... 87%  943K 0s\n'}
[25.236176] (multirobot_map_merge) StderrLine: {'line': b' 13650K .......... .......... .......... .......... .......... 87% 16.5M 0s\n'}
[25.260419] (multirobot_map_merge) StderrLine: {'line': b' 13700K .......... .......... .......... .......... .......... 87% 2.01M 0s\n'}
[25.274470] (-) TimerEvent: {}
[25.283835] (multirobot_map_merge) StderrLine: {'line': b' 13750K .......... .......... .......... .......... .......... 88% 2.36M 0s\n'}
[25.293715] (multirobot_map_merge) StderrLine: {'line': b' 13800K .......... .......... .......... .......... .......... 88% 5.02M 0s\n'}
[25.316724] (multirobot_map_merge) StderrLine: {'line': b' 13850K .......... .......... .......... .......... .......... 88% 1.98M 0s\n'}
[25.334575] (multirobot_map_merge) StderrLine: {'line': b' 13900K .......... .......... .......... .......... .......... 89% 2.58M 0s\n'}
[25.349638] (multirobot_map_merge) StderrLine: {'line': b' 13950K .......... .......... .......... .......... .......... 89% 4.06M 0s\n'}
[25.363620] (multirobot_map_merge) StderrLine: {'line': b' 14000K .......... .......... .......... .......... .......... 89% 2.93M 0s\n'}
[25.368001] (explore_lite_msgs) StdoutLine: {'line': b'[ 94%] \x1b[32m\x1b[1mLinking C shared module rosidl_generator_py/explore_lite_msgs/explore_lite_msgs_s__rosidl_typesupport_introspection_c.so\x1b[0m\n'}
[25.374473] (multirobot_map_merge) StderrLine: {'line': b' 14050K .......... .......... .......... .......... .......... 90% 4.36M 0s\n'}
[25.379104] (-) TimerEvent: {}
[25.381492] (explore_lite_msgs) StdoutLine: {'line': b'[ 97%] \x1b[32m\x1b[1mLinking C shared module rosidl_generator_py/explore_lite_msgs/explore_lite_msgs_s__rosidl_typesupport_fastrtps_c.so\x1b[0m\n'}
[25.385837] (multirobot_map_merge) StderrLine: {'line': b' 14100K .......... .......... .......... .......... .......... 90% 4.98M 0s\n'}
[25.390071] (multirobot_map_merge) StderrLine: {'line': b' 14150K .......... .......... .......... .......... .......... 90% 8.53M 0s\n'}
[25.407204] (multirobot_map_merge) StderrLine: {'line': b' 14200K .......... .......... .......... .......... .......... 91% 2.80M 0s\n'}
[25.413657] (multirobot_map_merge) StderrLine: {'line': b' 14250K .......... .......... .......... .......... .......... 91% 7.79M 0s\n'}
[25.425715] (multirobot_map_merge) StderrLine: {'line': b' 14300K .......... .......... .......... .......... .......... 91% 4.06M 0s\n'}
[25.438639] (multirobot_map_merge) StderrLine: {'line': b' 14350K .......... .......... .......... .......... .......... 92% 6.17M 0s\n'}
[25.454318] (multirobot_map_merge) StderrLine: {'line': b' 14400K .......... .......... .......... .......... .......... 92% 2.36M 0s\n'}
[25.459339] (multirobot_map_merge) StderrLine: {'line': b' 14450K .......... .......... .......... .......... .......... 92% 10.3M 0s\n'}
[25.474191] (multirobot_map_merge) StderrLine: {'line': b' 14500K .......... .......... .......... .......... .......... 93% 3.21M 0s\n'}
[25.479293] (-) TimerEvent: {}
[25.482165] (multirobot_map_merge) StderrLine: {'line': b' 14550K .......... .......... .......... .......... .......... 93% 7.38M 0s\n'}
[25.484809] (explore_lite_msgs) StdoutLine: {'line': b'[ 97%] Built target explore_lite_msgs_s__rosidl_typesupport_introspection_c\n'}
[25.489566] (multirobot_map_merge) StderrLine: {'line': b' 14600K .......... .......... .......... .......... .......... 93% 5.70M 0s\n'}
[25.513339] (multirobot_map_merge) StderrLine: {'line': b' 14650K .......... .......... .......... .......... .......... 94% 2.05M 0s\n'}
[25.521252] (multirobot_map_merge) StderrLine: {'line': b' 14700K .......... .......... .......... .......... .......... 94% 6.08M 0s\n'}
[25.534093] (explore_lite_msgs) StdoutLine: {'line': b'[ 97%] Built target explore_lite_msgs_s__rosidl_typesupport_fastrtps_c\n'}
[25.535821] (multirobot_map_merge) StderrLine: {'line': b' 14750K .......... .......... .......... .......... .......... 94% 4.39M 0s\n'}
[25.547671] (multirobot_map_merge) StderrLine: {'line': b' 14800K .......... .......... .......... .......... .......... 95% 3.18M 0s\n'}
[25.555268] (multirobot_map_merge) StderrLine: {'line': b' 14850K .......... .......... .......... .......... .......... 95% 6.61M 0s\n'}
[25.562866] (multirobot_map_merge) StderrLine: {'line': b' 14900K .......... .......... .......... .......... .......... 95% 6.35M 0s\n'}
[25.571622] (multirobot_map_merge) StderrLine: {'line': b' 14950K .......... .......... .......... .......... .......... 95% 6.91M 0s\n'}
[25.579042] (multirobot_map_merge) StderrLine: {'line': b' 15000K .......... .......... .......... .......... .......... 96% 5.36M 0s\n'}
[25.579408] (-) TimerEvent: {}
[25.588739] (multirobot_map_merge) StderrLine: {'line': b' 15050K .......... .......... .......... .......... .......... 96% 6.56M 0s\n'}
[25.600410] (multirobot_map_merge) StderrLine: {'line': b' 15100K .......... .......... .......... .......... .......... 96% 3.54M 0s\n'}
[25.623561] (explore_lite_msgs) StdoutLine: {'line': b'[100%] \x1b[32m\x1b[1mLinking C shared module rosidl_generator_py/explore_lite_msgs/explore_lite_msgs_s__rosidl_typesupport_c.so\x1b[0m\n'}
[25.626754] (multirobot_map_merge) StderrLine: {'line': b' 15150K .......... .......... .......... .......... .......... 97% 2.03M 0s\n'}
[25.632350] (multirobot_map_merge) StderrLine: {'line': b' 15200K .......... .......... .......... .......... .......... 97% 6.07M 0s\n'}
[25.645093] (multirobot_map_merge) StderrLine: {'line': b' 15250K .......... .......... .......... .......... .......... 97% 4.93M 0s\n'}
[25.651907] (multirobot_map_merge) StderrLine: {'line': b' 15300K .......... .......... .......... .......... .......... 98% 5.11M 0s\n'}
[25.665962] (multirobot_map_merge) StderrLine: {'line': b' 15350K .......... .......... .......... .......... .......... 98% 3.41M 0s\n'}
[25.682241] (multirobot_map_merge) StderrLine: {'line': b' 15400K .......... .......... .......... .......... .......... 98% 3.44M 0s\n'}
[25.682795] (-) TimerEvent: {}
[25.691126] (multirobot_map_merge) StderrLine: {'line': b' 15450K .......... .......... .......... .......... .......... 99% 4.53M 0s\n'}
[25.715636] (multirobot_map_merge) StderrLine: {'line': b' 15500K .......... .......... .......... .......... .......... 99% 1.98M 0s\n'}
[25.723325] (multirobot_map_merge) StderrLine: {'line': b' 15550K .......... .......... .......... .......... .......... 99% 9.16M 0s\n'}
[25.729658] (multirobot_map_merge) StderrLine: {'line': b' 15600K .......... .......... .....                           100% 3.39M=3.9s\n'}
[25.730218] (multirobot_map_merge) StderrLine: {'line': b'\n'}
[25.730421] (multirobot_map_merge) StderrLine: {'line': b'2026-04-15 11:10:28 (3.90 MB/s) - \xe2\x80\x98/home/rpd/Nav2/build/multirobot_map_merge/2012-01-28-11-12-01.pgm\xe2\x80\x99 saved [16000058/16000058]\n'}
[25.730669] (multirobot_map_merge) StderrLine: {'line': b'\n'}
[25.737676] (multirobot_map_merge) StdoutLine: {'line': b'Checking MD5 sum of /home/rpd/Nav2/build/multirobot_map_merge/2012-01-28-11-12-01.pgm\n'}
[25.783070] (-) TimerEvent: {}
[25.791560] (explore_lite_msgs) StdoutLine: {'line': b'[100%] Built target explore_lite_msgs_s__rosidl_typesupport_c\n'}
[25.838799] (multirobot_map_merge) StdoutLine: {'line': b'/home/rpd/Nav2/build/multirobot_map_merge/2012-01-28-11-12-01.pgm: OK\n'}
[25.883252] (-) TimerEvent: {}
[25.954956] (multirobot_map_merge) StdoutLine: {'line': b"-- Found gtest sources under '/opt/ros/jazzy/src/gtest_vendor': C++ tests using 'Google Test' will be built\n"}
[25.961208] (explore_lite_msgs) CommandEnded: {'returncode': 0}
[25.964090] (explore_lite_msgs) JobProgress: {'identifier': 'explore_lite_msgs', 'progress': 'install'}
[25.964243] (rplidar_ros) StderrLine: {'line': b'In file included from \x1b[01m\x1b[K/home/rpd/Nav2/src/rplidar_ros/sdk/include/rplidar_protocol.h:36\x1b[m\x1b[K,\n'}
[25.964827] (rplidar_ros) StderrLine: {'line': b'                 from \x1b[01m\x1b[K/home/rpd/Nav2/src/rplidar_ros/sdk/include/rplidar.h:39\x1b[m\x1b[K,\n'}
[25.965097] (rplidar_ros) StderrLine: {'line': b'                 from \x1b[01m\x1b[K/home/rpd/Nav2/src/rplidar_ros/sdk/src/sdkcommon.h:49\x1b[m\x1b[K,\n'}
[25.965273] (rplidar_ros) StderrLine: {'line': b'                 from \x1b[01m\x1b[K/home/rpd/Nav2/src/rplidar_ros/sdk/src/dataunpacker/unpacker/../dataunnpacker_commondef.h:41\x1b[m\x1b[K,\n'}
[25.965461] (rplidar_ros) StderrLine: {'line': b'                 from \x1b[01m\x1b[K/home/rpd/Nav2/src/rplidar_ros/sdk/src/dataunpacker/unpacker/handler_capsules.cpp:39\x1b[m\x1b[K:\n'}
[25.965671] (rplidar_ros) StderrLine: {'line': b'\x1b[01m\x1b[K/home/rpd/Nav2/src/rplidar_ros/sdk/include/sl_lidar_protocol.h:66:16:\x1b[m\x1b[K \x1b[01;35m\x1b[Kwarning: \x1b[m\x1b[KISO C++ forbids zero-size array \xe2\x80\x98\x1b[01m\x1b[Kdata\x1b[m\x1b[K\xe2\x80\x99 [\x1b[01;35m\x1b[K\x1b]8;;https://gcc.gnu.org/onlinedocs/gcc/Warning-Options.html#index-Wpedantic\x07-Wpedantic\x1b]8;;\x07\x1b[m\x1b[K]\n'}
[25.965848] (rplidar_ros) StderrLine: {'line': b'   66 |     sl_u8 data[\x1b[01;35m\x1b[K0\x1b[m\x1b[K];\n'}
[25.966023] (rplidar_ros) StderrLine: {'line': b'      |                \x1b[01;35m\x1b[K^\x1b[m\x1b[K\n'}
[25.966181] (rplidar_ros) StderrLine: {'line': b'In file included from \x1b[01m\x1b[K/home/rpd/Nav2/src/rplidar_ros/sdk/include/rplidar_cmd.h:36\x1b[m\x1b[K,\n'}
[25.966334] (rplidar_ros) StderrLine: {'line': b'                 from \x1b[01m\x1b[K/home/rpd/Nav2/src/rplidar_ros/sdk/include/rplidar.h:40\x1b[m\x1b[K:\n'}
[25.966434] (rplidar_ros) StderrLine: {'line': b'\x1b[01m\x1b[K/home/rpd/Nav2/src/rplidar_ros/sdk/include/sl_lidar_cmd.h:324:20:\x1b[m\x1b[K \x1b[01;35m\x1b[Kwarning: \x1b[m\x1b[KISO C++ forbids zero-size array \xe2\x80\x98\x1b[01m\x1b[Kpayload\x1b[m\x1b[K\xe2\x80\x99 [\x1b[01;35m\x1b[K\x1b]8;;https://gcc.gnu.org/onlinedocs/gcc/Warning-Options.html#index-Wpedantic\x07-Wpedantic\x1b]8;;\x07\x1b[m\x1b[K]\n'}
[25.969306] (rplidar_ros) StderrLine: {'line': b'  324 |     sl_u8  payload[\x1b[01;35m\x1b[K0\x1b[m\x1b[K];\n'}
[25.969629] (rplidar_ros) StderrLine: {'line': b'      |                    \x1b[01;35m\x1b[K^\x1b[m\x1b[K\n'}
[25.980714] (multirobot_map_merge) StdoutLine: {'line': b'-- Found Threads: TRUE  \n'}
[25.983448] (-) TimerEvent: {}
[26.013387] (multirobot_map_merge) StdoutLine: {'line': b"-- Added test 'cppcheck' to perform static code analysis on C / C++ code\n"}
[26.020159] (explore_lite_msgs) Command: {'cmd': ['/usr/bin/cmake', '--install', '/home/rpd/Nav2/build/explore_lite_msgs'], 'cwd': '/home/rpd/Nav2/build/explore_lite_msgs', 'env': OrderedDict({'LESSOPEN': '| /usr/bin/lesspipe %s', 'USER': 'rpd', 'SSH_CLIENT': '192.168.20.51 43874 22', 'GZ_CONFIG_PATH': '/opt/ros/jazzy/opt/gz_sim_vendor/share/gz:/opt/ros/jazzy/opt/sdformat_vendor/share/gz:/opt/ros/jazzy/opt/gz_gui_vendor/share/gz:/opt/ros/jazzy/opt/gz_transport_vendor/share/gz:/opt/ros/jazzy/opt/gz_rendering_vendor/share/gz:/opt/ros/jazzy/opt/gz_plugin_vendor/share/gz:/opt/ros/jazzy/opt/gz_fuel_tools_vendor/share/gz:/opt/ros/jazzy/opt/gz_msgs_vendor/share/gz:/opt/ros/jazzy/opt/gz_common_vendor/share/gz', 'XDG_SESSION_TYPE': 'tty', 'SHLVL': '1', 'LD_LIBRARY_PATH': '/opt/ros/jazzy/opt/gz_sim_vendor/lib:/opt/ros/jazzy/opt/gz_sensors_vendor/lib:/opt/ros/jazzy/opt/gz_physics_vendor/lib:/opt/ros/jazzy/opt/sdformat_vendor/lib:/opt/ros/jazzy/opt/rviz_ogre_vendor/lib:/opt/ros/jazzy/lib/aarch64-linux-gnu:/opt/ros/jazzy/opt/gz_gui_vendor/lib:/opt/ros/jazzy/opt/gz_transport_vendor/lib:/opt/ros/jazzy/opt/gz_rendering_vendor/lib:/opt/ros/jazzy/opt/gz_plugin_vendor/lib:/opt/ros/jazzy/opt/gz_fuel_tools_vendor/lib:/opt/ros/jazzy/opt/gz_msgs_vendor/lib:/opt/ros/jazzy/opt/gz_common_vendor/lib:/opt/ros/jazzy/opt/gz_math_vendor/lib:/opt/ros/jazzy/opt/gz_utils_vendor/lib:/opt/ros/jazzy/opt/gz_tools_vendor/lib:/opt/ros/jazzy/opt/gz_ogre_next_vendor/lib:/opt/ros/jazzy/opt/gz_dartsim_vendor/lib:/opt/ros/jazzy/opt/gz_cmake_vendor/lib:/opt/ros/jazzy/lib', 'HOME': '/home/rpd', 'OLDPWD': '/home/rpd/Nav2/src', 'SSH_TTY': '/dev/pts/0', 'ROS_PYTHON_VERSION': '3', 'DBUS_SESSION_BUS_ADDRESS': 'unix:path=/run/user/1000/bus', 'ROS_DISTRO': 'jazzy', 'LOGNAME': 'rpd', '_': '/usr/bin/colcon', 'ROS_VERSION': '2', 'XDG_SESSION_CLASS': 'user', 'TERM': 'xterm-256color', 'XDG_SESSION_ID': '5', 'PATH': '/home/rpd/.local/bin:/home/rpd/.local/bin:/opt/ros/jazzy/opt/gz_msgs_vendor/bin:/opt/ros/jazzy/opt/gz_tools_vendor/bin:/opt/ros/jazzy/opt/gz_ogre_next_vendor/bin:/opt/ros/jazzy/bin:/usr/local/sbin:/usr/local/bin:/usr/sbin:/usr/bin:/sbin:/bin:/usr/games:/usr/local/games:/snap/bin', 'XDG_RUNTIME_DIR': '/run/user/1000', 'DISPLAY': 'localhost:10.0', 'LANG': 'en_US.UTF-8', 'LS_COLORS': 'rs=0:di=01;34:ln=01;36:mh=00:pi=40;33:so=01;35:do=01;35:bd=40;33;01:cd=40;33;01:or=40;31;01:mi=00:su=37;41:sg=30;43:ca=00:tw=30;42:ow=34;42:st=37;44:ex=01;32:*.tar=01;31:*.tgz=01;31:*.arc=01;31:*.arj=01;31:*.taz=01;31:*.lha=01;31:*.lz4=01;31:*.lzh=01;31:*.lzma=01;31:*.tlz=01;31:*.txz=01;31:*.tzo=01;31:*.t7z=01;31:*.zip=01;31:*.z=01;31:*.dz=01;31:*.gz=01;31:*.lrz=01;31:*.lz=01;31:*.lzo=01;31:*.xz=01;31:*.zst=01;31:*.tzst=01;31:*.bz2=01;31:*.bz=01;31:*.tbz=01;31:*.tbz2=01;31:*.tz=01;31:*.deb=01;31:*.rpm=01;31:*.jar=01;31:*.war=01;31:*.ear=01;31:*.sar=01;31:*.rar=01;31:*.alz=01;31:*.ace=01;31:*.zoo=01;31:*.cpio=01;31:*.7z=01;31:*.rz=01;31:*.cab=01;31:*.wim=01;31:*.swm=01;31:*.dwm=01;31:*.esd=01;31:*.avif=01;35:*.jpg=01;35:*.jpeg=01;35:*.mjpg=01;35:*.mjpeg=01;35:*.gif=01;35:*.bmp=01;35:*.pbm=01;35:*.pgm=01;35:*.ppm=01;35:*.tga=01;35:*.xbm=01;35:*.xpm=01;35:*.tif=01;35:*.tiff=01;35:*.png=01;35:*.svg=01;35:*.svgz=01;35:*.mng=01;35:*.pcx=01;35:*.mov=01;35:*.mpg=01;35:*.mpeg=01;35:*.m2v=01;35:*.mkv=01;35:*.webm=01;35:*.webp=01;35:*.ogm=01;35:*.mp4=01;35:*.m4v=01;35:*.mp4v=01;35:*.vob=01;35:*.qt=01;35:*.nuv=01;35:*.wmv=01;35:*.asf=01;35:*.rm=01;35:*.rmvb=01;35:*.flc=01;35:*.avi=01;35:*.fli=01;35:*.flv=01;35:*.gl=01;35:*.dl=01;35:*.xcf=01;35:*.xwd=01;35:*.yuv=01;35:*.cgm=01;35:*.emf=01;35:*.ogv=01;35:*.ogx=01;35:*.aac=00;36:*.au=00;36:*.flac=00;36:*.m4a=00;36:*.mid=00;36:*.midi=00;36:*.mka=00;36:*.mp3=00;36:*.mpc=00;36:*.ogg=00;36:*.ra=00;36:*.wav=00;36:*.oga=00;36:*.opus=00;36:*.spx=00;36:*.xspf=00;36:*~=00;90:*#=00;90:*.bak=00;90:*.crdownload=00;90:*.dpkg-dist=00;90:*.dpkg-new=00;90:*.dpkg-old=00;90:*.dpkg-tmp=00;90:*.old=00;90:*.orig=00;90:*.part=00;90:*.rej=00;90:*.rpmnew=00;90:*.rpmorig=00;90:*.rpmsave=00;90:*.swp=00;90:*.tmp=00;90:*.ucf-dist=00;90:*.ucf-new=00;90:*.ucf-old=00;90:', 'ROS_DOMAIN_ID': '12', 'AMENT_PREFIX_PATH': '/opt/ros/jazzy', 'SHELL': '/bin/bash', 'LESSCLOSE': '/usr/bin/lesspipe %s %s', 'ROS_AUTOMATIC_DISCOVERY_RANGE': 'SUBNET', 'PWD': '/home/rpd/Nav2/build/explore_lite_msgs', 'LC_ALL': 'en_US.UTF-8', 'SSH_CONNECTION': '192.168.20.51 43874 192.168.22.22 22', 'XDG_DATA_DIRS': '/usr/local/share:/usr/share:/var/lib/snapd/desktop', 'PYTHONPATH': '/opt/ros/jazzy/lib/python3.12/site-packages:/usr/local/lib:/usr/local/lib/python3/dist-packages:/usr/local/lib/python3.11/site-packages', 'COLCON': '1', 'CMAKE_PREFIX_PATH': '/opt/ros/jazzy/opt/gz_sim_vendor:/opt/ros/jazzy/opt/gz_sensors_vendor:/opt/ros/jazzy/opt/gz_physics_vendor:/opt/ros/jazzy/opt/sdformat_vendor:/opt/ros/jazzy/opt/gz_gui_vendor:/opt/ros/jazzy/opt/gz_transport_vendor:/opt/ros/jazzy/opt/gz_rendering_vendor:/opt/ros/jazzy/opt/gz_plugin_vendor:/opt/ros/jazzy/opt/gz_fuel_tools_vendor:/opt/ros/jazzy/opt/gz_msgs_vendor:/opt/ros/jazzy/opt/gz_common_vendor:/opt/ros/jazzy/opt/gz_math_vendor:/opt/ros/jazzy/opt/gz_utils_vendor:/opt/ros/jazzy/opt/gz_tools_vendor:/opt/ros/jazzy/opt/gz_ogre_next_vendor:/opt/ros/jazzy/opt/gz_dartsim_vendor:/opt/ros/jazzy/opt/gz_cmake_vendor:/opt/ros/jazzy'}), 'shell': False}
[26.021122] (multirobot_map_merge) StdoutLine: {'line': b'-- Configured cppcheck include dirs: /home/rpd/Nav2/src/m-explore-ros2/map_merge/include;$<BUILD_INTERFACE:/home/rpd/Nav2/src/m-explore-ros2/map_merge/include>\n'}
[26.021390] (multirobot_map_merge) StdoutLine: {'line': b'-- Configured cppcheck exclude dirs and/or files: \n'}
[26.027650] (multirobot_map_merge) StdoutLine: {'line': b"-- Added test 'flake8' to check Python code syntax and style conventions\n"}
[26.028080] (multirobot_map_merge) StdoutLine: {'line': b"-- Configured 'flake8' exclude dirs and/or files: \n"}
[26.033681] (multirobot_map_merge) StdoutLine: {'line': b"-- Added test 'lint_cmake' to check CMake code style\n"}
[26.037210] (multirobot_map_merge) StdoutLine: {'line': b"-- Added test 'pep257' to check Python code against some of the docstring style conventions in PEP 257\n"}
[26.054626] (multirobot_map_merge) StdoutLine: {'line': b"-- Added test 'uncrustify' to check C / C++ code style\n"}
[26.055043] (multirobot_map_merge) StdoutLine: {'line': b'-- Configured uncrustify additional arguments: \n'}
[26.057141] (multirobot_map_merge) StdoutLine: {'line': b"-- Added test 'xmllint' to check XML markup files\n"}
[26.072129] (explore_lite_msgs) StdoutLine: {'line': b'-- Install configuration: ""\n'}
[26.072792] (multirobot_map_merge) StdoutLine: {'line': b'-- Configuring done (25.9s)\n'}
[26.077513] (explore_lite_msgs) StdoutLine: {'line': b'-- Installing: /home/rpd/Nav2/install/explore_lite_msgs/share/ament_index/resource_index/rosidl_interfaces/explore_lite_msgs\n'}
[26.078089] (explore_lite_msgs) StdoutLine: {'line': b'-- Installing: /home/rpd/Nav2/install/explore_lite_msgs/share/explore_lite_msgs/msg/ExploreStatus.json\n'}
[26.078992] (explore_lite_msgs) StdoutLine: {'line': b'-- Installing: /home/rpd/Nav2/install/explore_lite_msgs/include/explore_lite_msgs/explore_lite_msgs\n'}
[26.079694] (explore_lite_msgs) StdoutLine: {'line': b'-- Installing: /home/rpd/Nav2/install/explore_lite_msgs/include/explore_lite_msgs/explore_lite_msgs/msg\n'}
[26.080359] (explore_lite_msgs) StdoutLine: {'line': b'-- Installing: /home/rpd/Nav2/install/explore_lite_msgs/include/explore_lite_msgs/explore_lite_msgs/msg/explore_status.h\n'}
[26.081106] (explore_lite_msgs) StdoutLine: {'line': b'-- Installing: /home/rpd/Nav2/install/explore_lite_msgs/include/explore_lite_msgs/explore_lite_msgs/msg/detail\n'}
[26.084594] (-) TimerEvent: {}
[26.086738] (explore_lite_msgs) StdoutLine: {'line': b'-- Installing: /home/rpd/Nav2/install/explore_lite_msgs/include/explore_lite_msgs/explore_lite_msgs/msg/detail/explore_status__type_support.c\n'}
[26.087117] (explore_lite_msgs) StdoutLine: {'line': b'-- Installing: /home/rpd/Nav2/install/explore_lite_msgs/include/explore_lite_msgs/explore_lite_msgs/msg/detail/explore_status__description.c\n'}
[26.087249] (explore_lite_msgs) StdoutLine: {'line': b'-- Installing: /home/rpd/Nav2/install/explore_lite_msgs/include/explore_lite_msgs/explore_lite_msgs/msg/detail/explore_status__functions.h\n'}
[26.087373] (explore_lite_msgs) StdoutLine: {'line': b'-- Installing: /home/rpd/Nav2/install/explore_lite_msgs/include/explore_lite_msgs/explore_lite_msgs/msg/detail/explore_status__struct.h\n'}
[26.087482] (explore_lite_msgs) StdoutLine: {'line': b'-- Installing: /home/rpd/Nav2/install/explore_lite_msgs/include/explore_lite_msgs/explore_lite_msgs/msg/detail/explore_status__type_support.h\n'}
[26.087678] (explore_lite_msgs) StdoutLine: {'line': b'-- Installing: /home/rpd/Nav2/install/explore_lite_msgs/include/explore_lite_msgs/explore_lite_msgs/msg/detail/explore_status__functions.c\n'}
[26.087803] (explore_lite_msgs) StdoutLine: {'line': b'-- Installing: /home/rpd/Nav2/install/explore_lite_msgs/include/explore_lite_msgs/explore_lite_msgs/msg/rosidl_generator_c__visibility_control.h\n'}
[26.097525] (explore_lite_msgs) StdoutLine: {'line': b'-- Installing: /home/rpd/Nav2/install/explore_lite_msgs/share/explore_lite_msgs/environment/library_path.sh\n'}
[26.098051] (explore_lite_msgs) StdoutLine: {'line': b'-- Installing: /home/rpd/Nav2/install/explore_lite_msgs/share/explore_lite_msgs/environment/library_path.dsv\n'}
[26.098272] (explore_lite_msgs) StdoutLine: {'line': b'-- Installing: /home/rpd/Nav2/install/explore_lite_msgs/lib/libexplore_lite_msgs__rosidl_generator_c.so\n'}
[26.098415] (explore_lite_msgs) StdoutLine: {'line': b'-- Set non-toolchain portion of runtime path of "/home/rpd/Nav2/install/explore_lite_msgs/lib/libexplore_lite_msgs__rosidl_generator_c.so" to ""\n'}
[26.098627] (explore_lite_msgs) StdoutLine: {'line': b'-- Up-to-date: /home/rpd/Nav2/install/explore_lite_msgs/include/explore_lite_msgs/explore_lite_msgs\n'}
[26.098815] (explore_lite_msgs) StdoutLine: {'line': b'-- Up-to-date: /home/rpd/Nav2/install/explore_lite_msgs/include/explore_lite_msgs/explore_lite_msgs/msg\n'}
[26.099005] (explore_lite_msgs) StdoutLine: {'line': b'-- Up-to-date: /home/rpd/Nav2/install/explore_lite_msgs/include/explore_lite_msgs/explore_lite_msgs/msg/detail\n'}
[26.099231] (explore_lite_msgs) StdoutLine: {'line': b'-- Installing: /home/rpd/Nav2/install/explore_lite_msgs/include/explore_lite_msgs/explore_lite_msgs/msg/detail/explore_status__rosidl_typesupport_fastrtps_c.h\n'}
[26.099402] (explore_lite_msgs) StdoutLine: {'line': b'-- Installing: /home/rpd/Nav2/install/explore_lite_msgs/include/explore_lite_msgs/explore_lite_msgs/msg/rosidl_typesupport_fastrtps_c__visibility_control.h\n'}
[26.102472] (explore_lite_msgs) StdoutLine: {'line': b'-- Installing: /home/rpd/Nav2/install/explore_lite_msgs/lib/libexplore_lite_msgs__rosidl_typesupport_fastrtps_c.so\n'}
[26.102956] (explore_lite_msgs) StdoutLine: {'line': b'-- Set non-toolchain portion of runtime path of "/home/rpd/Nav2/install/explore_lite_msgs/lib/libexplore_lite_msgs__rosidl_typesupport_fastrtps_c.so" to ""\n'}
[26.103153] (explore_lite_msgs) StdoutLine: {'line': b'-- Up-to-date: /home/rpd/Nav2/install/explore_lite_msgs/include/explore_lite_msgs/explore_lite_msgs\n'}
[26.103305] (explore_lite_msgs) StdoutLine: {'line': b'-- Up-to-date: /home/rpd/Nav2/install/explore_lite_msgs/include/explore_lite_msgs/explore_lite_msgs/msg\n'}
[26.103490] (explore_lite_msgs) StdoutLine: {'line': b'-- Installing: /home/rpd/Nav2/install/explore_lite_msgs/include/explore_lite_msgs/explore_lite_msgs/msg/rosidl_typesupport_introspection_c__visibility_control.h\n'}
[26.103719] (explore_lite_msgs) StdoutLine: {'line': b'-- Up-to-date: /home/rpd/Nav2/install/explore_lite_msgs/include/explore_lite_msgs/explore_lite_msgs/msg/detail\n'}
[26.115081] (explore_lite_msgs) StdoutLine: {'line': b'-- Installing: /home/rpd/Nav2/install/explore_lite_msgs/include/explore_lite_msgs/explore_lite_msgs/msg/detail/explore_status__rosidl_typesupport_introspection_c.h\n'}
[26.115610] (explore_lite_msgs) StdoutLine: {'line': b'-- Installing: /home/rpd/Nav2/install/explore_lite_msgs/include/explore_lite_msgs/explore_lite_msgs/msg/detail/explore_status__type_support.c\n'}
[26.115869] (explore_lite_msgs) StdoutLine: {'line': b'-- Installing: /home/rpd/Nav2/install/explore_lite_msgs/lib/libexplore_lite_msgs__rosidl_typesupport_introspection_c.so\n'}
[26.116031] (explore_lite_msgs) StdoutLine: {'line': b'-- Set non-toolchain portion of runtime path of "/home/rpd/Nav2/install/explore_lite_msgs/lib/libexplore_lite_msgs__rosidl_typesupport_introspection_c.so" to ""\n'}
[26.116156] (explore_lite_msgs) StdoutLine: {'line': b'-- Installing: /home/rpd/Nav2/install/explore_lite_msgs/lib/libexplore_lite_msgs__rosidl_typesupport_c.so\n'}
[26.116275] (explore_lite_msgs) StdoutLine: {'line': b'-- Set non-toolchain portion of runtime path of "/home/rpd/Nav2/install/explore_lite_msgs/lib/libexplore_lite_msgs__rosidl_typesupport_c.so" to ""\n'}
[26.116393] (explore_lite_msgs) StdoutLine: {'line': b'-- Up-to-date: /home/rpd/Nav2/install/explore_lite_msgs/include/explore_lite_msgs/explore_lite_msgs\n'}
[26.116535] (explore_lite_msgs) StdoutLine: {'line': b'-- Up-to-date: /home/rpd/Nav2/install/explore_lite_msgs/include/explore_lite_msgs/explore_lite_msgs/msg\n'}
[26.116696] (explore_lite_msgs) StdoutLine: {'line': b'-- Installing: /home/rpd/Nav2/install/explore_lite_msgs/include/explore_lite_msgs/explore_lite_msgs/msg/rosidl_generator_cpp__visibility_control.hpp\n'}
[26.116825] (explore_lite_msgs) StdoutLine: {'line': b'-- Up-to-date: /home/rpd/Nav2/install/explore_lite_msgs/include/explore_lite_msgs/explore_lite_msgs/msg/detail\n'}
[26.116968] (explore_lite_msgs) StdoutLine: {'line': b'-- Installing: /home/rpd/Nav2/install/explore_lite_msgs/include/explore_lite_msgs/explore_lite_msgs/msg/detail/explore_status__struct.hpp\n'}
[26.118534] (explore_lite_msgs) StdoutLine: {'line': b'-- Installing: /home/rpd/Nav2/install/explore_lite_msgs/include/explore_lite_msgs/explore_lite_msgs/msg/detail/explore_status__traits.hpp\n'}
[26.118958] (explore_lite_msgs) StdoutLine: {'line': b'-- Installing: /home/rpd/Nav2/install/explore_lite_msgs/include/explore_lite_msgs/explore_lite_msgs/msg/detail/explore_status__builder.hpp\n'}
[26.119149] (explore_lite_msgs) StdoutLine: {'line': b'-- Installing: /home/rpd/Nav2/install/explore_lite_msgs/include/explore_lite_msgs/explore_lite_msgs/msg/detail/explore_status__type_support.hpp\n'}
[26.119348] (explore_lite_msgs) StdoutLine: {'line': b'-- Installing: /home/rpd/Nav2/install/explore_lite_msgs/include/explore_lite_msgs/explore_lite_msgs/msg/explore_status.hpp\n'}
[26.120277] (explore_lite_msgs) StdoutLine: {'line': b'-- Up-to-date: /home/rpd/Nav2/install/explore_lite_msgs/include/explore_lite_msgs/explore_lite_msgs\n'}
[26.126738] (explore_lite_msgs) StdoutLine: {'line': b'-- Up-to-date: /home/rpd/Nav2/install/explore_lite_msgs/include/explore_lite_msgs/explore_lite_msgs/msg\n'}
[26.127206] (explore_lite_msgs) StdoutLine: {'line': b'-- Installing: /home/rpd/Nav2/install/explore_lite_msgs/include/explore_lite_msgs/explore_lite_msgs/msg/rosidl_typesupport_fastrtps_cpp__visibility_control.h\n'}
[26.127392] (explore_lite_msgs) StdoutLine: {'line': b'-- Up-to-date: /home/rpd/Nav2/install/explore_lite_msgs/include/explore_lite_msgs/explore_lite_msgs/msg/detail\n'}
[26.127595] (explore_lite_msgs) StdoutLine: {'line': b'-- Installing: /home/rpd/Nav2/install/explore_lite_msgs/include/explore_lite_msgs/explore_lite_msgs/msg/detail/dds_fastrtps\n'}
[26.127781] (explore_lite_msgs) StdoutLine: {'line': b'-- Installing: /home/rpd/Nav2/install/explore_lite_msgs/include/explore_lite_msgs/explore_lite_msgs/msg/detail/explore_status__rosidl_typesupport_fastrtps_cpp.hpp\n'}
[26.127972] (explore_lite_msgs) StdoutLine: {'line': b'-- Installing: /home/rpd/Nav2/install/explore_lite_msgs/lib/libexplore_lite_msgs__rosidl_typesupport_fastrtps_cpp.so\n'}
[26.128156] (explore_lite_msgs) StdoutLine: {'line': b'-- Set non-toolchain portion of runtime path of "/home/rpd/Nav2/install/explore_lite_msgs/lib/libexplore_lite_msgs__rosidl_typesupport_fastrtps_cpp.so" to ""\n'}
[26.133447] (explore_lite_msgs) StdoutLine: {'line': b'-- Up-to-date: /home/rpd/Nav2/install/explore_lite_msgs/include/explore_lite_msgs/explore_lite_msgs\n'}
[26.133831] (explore_lite_msgs) StdoutLine: {'line': b'-- Up-to-date: /home/rpd/Nav2/install/explore_lite_msgs/include/explore_lite_msgs/explore_lite_msgs/msg\n'}
[26.133991] (explore_lite_msgs) StdoutLine: {'line': b'-- Up-to-date: /home/rpd/Nav2/install/explore_lite_msgs/include/explore_lite_msgs/explore_lite_msgs/msg/detail\n'}
[26.134166] (explore_lite_msgs) StdoutLine: {'line': b'-- Installing: /home/rpd/Nav2/install/explore_lite_msgs/include/explore_lite_msgs/explore_lite_msgs/msg/detail/explore_status__type_support.cpp\n'}
[26.134317] (explore_lite_msgs) StdoutLine: {'line': b'-- Installing: /home/rpd/Nav2/install/explore_lite_msgs/include/explore_lite_msgs/explore_lite_msgs/msg/detail/explore_status__rosidl_typesupport_introspection_cpp.hpp\n'}
[26.134484] (explore_lite_msgs) StdoutLine: {'line': b'-- Installing: /home/rpd/Nav2/install/explore_lite_msgs/lib/libexplore_lite_msgs__rosidl_typesupport_introspection_cpp.so\n'}
[26.134724] (explore_lite_msgs) StdoutLine: {'line': b'-- Set non-toolchain portion of runtime path of "/home/rpd/Nav2/install/explore_lite_msgs/lib/libexplore_lite_msgs__rosidl_typesupport_introspection_cpp.so" to ""\n'}
[26.139969] (explore_lite_msgs) StdoutLine: {'line': b'-- Installing: /home/rpd/Nav2/install/explore_lite_msgs/lib/libexplore_lite_msgs__rosidl_typesupport_cpp.so\n'}
[26.140343] (explore_lite_msgs) StdoutLine: {'line': b'-- Set non-toolchain portion of runtime path of "/home/rpd/Nav2/install/explore_lite_msgs/lib/libexplore_lite_msgs__rosidl_typesupport_cpp.so" to ""\n'}
[26.140486] (explore_lite_msgs) StdoutLine: {'line': b'-- Installing: /home/rpd/Nav2/install/explore_lite_msgs/share/explore_lite_msgs/environment/pythonpath.sh\n'}
[26.140704] (explore_lite_msgs) StdoutLine: {'line': b'-- Installing: /home/rpd/Nav2/install/explore_lite_msgs/share/explore_lite_msgs/environment/pythonpath.dsv\n'}
[26.141529] (explore_lite_msgs) StdoutLine: {'line': b'-- Installing: /home/rpd/Nav2/install/explore_lite_msgs/lib/python3.12/site-packages/explore_lite_msgs-1.0.0-py3.12.egg-info\n'}
[26.142434] (explore_lite_msgs) StdoutLine: {'line': b'-- Installing: /home/rpd/Nav2/install/explore_lite_msgs/lib/python3.12/site-packages/explore_lite_msgs-1.0.0-py3.12.egg-info/dependency_links.txt\n'}
[26.148782] (explore_lite_msgs) StdoutLine: {'line': b'-- Installing: /home/rpd/Nav2/install/explore_lite_msgs/lib/python3.12/site-packages/explore_lite_msgs-1.0.0-py3.12.egg-info/SOURCES.txt\n'}
[26.149201] (explore_lite_msgs) StdoutLine: {'line': b'-- Installing: /home/rpd/Nav2/install/explore_lite_msgs/lib/python3.12/site-packages/explore_lite_msgs-1.0.0-py3.12.egg-info/top_level.txt\n'}
[26.149376] (explore_lite_msgs) StdoutLine: {'line': b'-- Installing: /home/rpd/Nav2/install/explore_lite_msgs/lib/python3.12/site-packages/explore_lite_msgs-1.0.0-py3.12.egg-info/PKG-INFO\n'}
[26.149551] (explore_lite_msgs) StdoutLine: {'line': b'-- Installing: /home/rpd/Nav2/install/explore_lite_msgs/lib/python3.12/site-packages/explore_lite_msgs\n'}
[26.149709] (explore_lite_msgs) StdoutLine: {'line': b'-- Installing: /home/rpd/Nav2/install/explore_lite_msgs/lib/python3.12/site-packages/explore_lite_msgs/explore_lite_msgs_s__rosidl_typesupport_c.so\n'}
[26.149845] (explore_lite_msgs) StdoutLine: {'line': b'-- Installing: /home/rpd/Nav2/install/explore_lite_msgs/lib/python3.12/site-packages/explore_lite_msgs/msg\n'}
[26.150008] (explore_lite_msgs) StdoutLine: {'line': b'-- Installing: /home/rpd/Nav2/install/explore_lite_msgs/lib/python3.12/site-packages/explore_lite_msgs/msg/_explore_status.py\n'}
[26.150146] (explore_lite_msgs) StdoutLine: {'line': b'-- Installing: /home/rpd/Nav2/install/explore_lite_msgs/lib/python3.12/site-packages/explore_lite_msgs/msg/__init__.py\n'}
[26.150270] (explore_lite_msgs) StdoutLine: {'line': b'-- Installing: /home/rpd/Nav2/install/explore_lite_msgs/lib/python3.12/site-packages/explore_lite_msgs/msg/_explore_status_s.c\n'}
[26.150386] (explore_lite_msgs) StdoutLine: {'line': b'-- Installing: /home/rpd/Nav2/install/explore_lite_msgs/lib/python3.12/site-packages/explore_lite_msgs/__init__.py\n'}
[26.150532] (explore_lite_msgs) StdoutLine: {'line': b'-- Installing: /home/rpd/Nav2/install/explore_lite_msgs/lib/python3.12/site-packages/explore_lite_msgs/_explore_lite_msgs_s.ep.rosidl_typesupport_c.c\n'}
[26.159650] (explore_lite_msgs) StdoutLine: {'line': b'-- Installing: /home/rpd/Nav2/install/explore_lite_msgs/lib/python3.12/site-packages/explore_lite_msgs/explore_lite_msgs_s__rosidl_typesupport_fastrtps_c.so\n'}
[26.160101] (explore_lite_msgs) StdoutLine: {'line': b'-- Installing: /home/rpd/Nav2/install/explore_lite_msgs/lib/python3.12/site-packages/explore_lite_msgs/explore_lite_msgs_s__rosidl_typesupport_introspection_c.so\n'}
[26.160296] (explore_lite_msgs) StdoutLine: {'line': b'-- Installing: /home/rpd/Nav2/install/explore_lite_msgs/lib/python3.12/site-packages/explore_lite_msgs/_explore_lite_msgs_s.ep.rosidl_typesupport_introspection_c.c\n'}
[26.160451] (explore_lite_msgs) StdoutLine: {'line': b'-- Installing: /home/rpd/Nav2/install/explore_lite_msgs/lib/python3.12/site-packages/explore_lite_msgs/_explore_lite_msgs_s.ep.rosidl_typesupport_fastrtps_c.c\n'}
[26.184739] (-) TimerEvent: {}
[26.287951] (-) TimerEvent: {}
[26.344924] (rplidar_ros) StderrLine: {'line': b'In file included from \x1b[01m\x1b[K/home/rpd/Nav2/src/rplidar_ros/sdk/src/dataunpacker/unpacker/handler_capsules.cpp:40\x1b[m\x1b[K:\n'}
[26.345781] (rplidar_ros) StderrLine: {'line': b'\x1b[01m\x1b[K/home/rpd/Nav2/src/rplidar_ros/sdk/src/dataunpacker/unpacker/../dataunpacker.h:\x1b[m\x1b[K In member function \xe2\x80\x98\x1b[01m\x1b[Kvirtual void sl::internal::LIDARSampleDataListener::\x1b[01;32m\x1b[KonCustomSampleDataDecoded\x1b[m\x1b[K(_u8, _u32, const void*, size_t)\x1b[m\x1b[K\xe2\x80\x99:\n'}
[26.346315] (rplidar_ros) StderrLine: {'line': b'\x1b[01m\x1b[K/home/rpd/Nav2/src/rplidar_ros/sdk/src/dataunpacker/unpacker/../dataunpacker.h:54:52:\x1b[m\x1b[K \x1b[01;35m\x1b[Kwarning: \x1b[m\x1b[Kunused parameter \xe2\x80\x98\x1b[01m\x1b[KansType\x1b[m\x1b[K\xe2\x80\x99 [\x1b[01;35m\x1b[K\x1b]8;;https://gcc.gnu.org/onlinedocs/gcc/Warning-Options.html#index-Wunused-parameter\x07-Wunused-parameter\x1b]8;;\x07\x1b[m\x1b[K]\n'}
[26.346802] (rplidar_ros) StderrLine: {'line': b'   54 |         virtual void onCustomSampleDataDecoded(\x1b[01;35m\x1b[K_u8 ansType\x1b[m\x1b[K, _u32 customCode, const void* data, size_t size) {}\n'}
[26.347086] (rplidar_ros) StderrLine: {'line': b'      |                                                \x1b[01;35m\x1b[K~~~~^~~~~~~\x1b[m\x1b[K\n'}
[26.347318] (rplidar_ros) StderrLine: {'line': b'\x1b[01m\x1b[K/home/rpd/Nav2/src/rplidar_ros/sdk/src/dataunpacker/unpacker/../dataunpacker.h:54:66:\x1b[m\x1b[K \x1b[01;35m\x1b[Kwarning: \x1b[m\x1b[Kunused parameter \xe2\x80\x98\x1b[01m\x1b[KcustomCode\x1b[m\x1b[K\xe2\x80\x99 [\x1b[01;35m\x1b[K\x1b]8;;https://gcc.gnu.org/onlinedocs/gcc/Warning-Options.html#index-Wunused-parameter\x07-Wunused-parameter\x1b]8;;\x07\x1b[m\x1b[K]\n'}
[26.350276] (rplidar_ros) StderrLine: {'line': b'   54 |         virtual void onCustomSampleDataDecoded(_u8 ansType, \x1b[01;35m\x1b[K_u32 customCode\x1b[m\x1b[K, const void* data, size_t size) {}\n'}
[26.350714] (rplidar_ros) StderrLine: {'line': b'      |                                                             \x1b[01;35m\x1b[K~~~~~^~~~~~~~~~\x1b[m\x1b[K\n'}
[26.350958] (rplidar_ros) StderrLine: {'line': b'\x1b[01m\x1b[K/home/rpd/Nav2/src/rplidar_ros/sdk/src/dataunpacker/unpacker/../dataunpacker.h:54:90:\x1b[m\x1b[K \x1b[01;35m\x1b[Kwarning: \x1b[m\x1b[Kunused parameter \xe2\x80\x98\x1b[01m\x1b[Kdata\x1b[m\x1b[K\xe2\x80\x99 [\x1b[01;35m\x1b[K\x1b]8;;https://gcc.gnu.org/onlinedocs/gcc/Warning-Options.html#index-Wunused-parameter\x07-Wunused-parameter\x1b]8;;\x07\x1b[m\x1b[K]\n'}
[26.351269] (rplidar_ros) StderrLine: {'line': b'   54 |         virtual void onCustomSampleDataDecoded(_u8 ansType, _u32 customCode, \x1b[01;35m\x1b[Kconst void* data\x1b[m\x1b[K, size_t size) {}\n'}
[26.351467] (rplidar_ros) StderrLine: {'line': b'      |                                                                              \x1b[01;35m\x1b[K~~~~~~~~~~~~^~~~\x1b[m\x1b[K\n'}
[26.351736] (rplidar_ros) StderrLine: {'line': b'\x1b[01m\x1b[K/home/rpd/Nav2/src/rplidar_ros/sdk/src/dataunpacker/unpacker/../dataunpacker.h:54:103:\x1b[m\x1b[K \x1b[01;35m\x1b[Kwarning: \x1b[m\x1b[Kunused parameter \xe2\x80\x98\x1b[01m\x1b[Ksize\x1b[m\x1b[K\xe2\x80\x99 [\x1b[01;35m\x1b[K\x1b]8;;https://gcc.gnu.org/onlinedocs/gcc/Warning-Options.html#index-Wunused-parameter\x07-Wunused-parameter\x1b]8;;\x07\x1b[m\x1b[K]\n'}
[26.352049] (rplidar_ros) StderrLine: {'line': b'   54 |         virtual void onCustomSampleDataDecoded(_u8 ansType, _u32 customCode, const void* data, \x1b[01;35m\x1b[Ksize_t size\x1b[m\x1b[K) {}\n'}
[26.352317] (rplidar_ros) StderrLine: {'line': b'      |                                                                                                \x1b[01;35m\x1b[K~~~~~~~^~~~\x1b[m\x1b[K\n'}
[26.352769] (rplidar_ros) StderrLine: {'line': b'\x1b[01m\x1b[K/home/rpd/Nav2/src/rplidar_ros/sdk/src/dataunpacker/unpacker/../dataunpacker.h:\x1b[m\x1b[K In member function \xe2\x80\x98\x1b[01m\x1b[Kvirtual void sl::internal::LIDARSampleDataListener::\x1b[01;32m\x1b[KonDecodingError\x1b[m\x1b[K(int, _u8, const void*, size_t)\x1b[m\x1b[K\xe2\x80\x99:\n'}
[26.355613] (rplidar_ros) StderrLine: {'line': b'\x1b[01m\x1b[K/home/rpd/Nav2/src/rplidar_ros/sdk/src/dataunpacker/unpacker/../dataunpacker.h:56:42:\x1b[m\x1b[K \x1b[01;35m\x1b[Kwarning: \x1b[m\x1b[Kunused parameter \xe2\x80\x98\x1b[01m\x1b[KerrMsg\x1b[m\x1b[K\xe2\x80\x99 [\x1b[01;35m\x1b[K\x1b]8;;https://gcc.gnu.org/onlinedocs/gcc/Warning-Options.html#index-Wunused-parameter\x07-Wunused-parameter\x1b]8;;\x07\x1b[m\x1b[K]\n'}
[26.356043] (rplidar_ros) StderrLine: {'line': b'   56 |         virtual void onDecodingError(\x1b[01;35m\x1b[Kint errMsg\x1b[m\x1b[K, _u8 ansType, const void* payload, size_t size) {}\n'}
[26.356221] (rplidar_ros) StderrLine: {'line': b'      |                                      \x1b[01;35m\x1b[K~~~~^~~~~~\x1b[m\x1b[K\n'}
[26.356355] (rplidar_ros) StderrLine: {'line': b'\x1b[01m\x1b[K/home/rpd/Nav2/src/rplidar_ros/sdk/src/dataunpacker/unpacker/../dataunpacker.h:56:54:\x1b[m\x1b[K \x1b[01;35m\x1b[Kwarning: \x1b[m\x1b[Kunused parameter \xe2\x80\x98\x1b[01m\x1b[KansType\x1b[m\x1b[K\xe2\x80\x99 [\x1b[01;35m\x1b[K\x1b]8;;https://gcc.gnu.org/onlinedocs/gcc/Warning-Options.html#index-Wunused-parameter\x07-Wunused-parameter\x1b]8;;\x07\x1b[m\x1b[K]\n'}
[26.356603] (rplidar_ros) StderrLine: {'line': b'   56 |         virtual void onDecodingError(int errMsg, \x1b[01;35m\x1b[K_u8 ansType\x1b[m\x1b[K, const void* payload, size_t size) {}\n'}
[26.356798] (rplidar_ros) StderrLine: {'line': b'      |                                                  \x1b[01;35m\x1b[K~~~~^~~~~~~\x1b[m\x1b[K\n'}
[26.356997] (rplidar_ros) StderrLine: {'line': b'\x1b[01m\x1b[K/home/rpd/Nav2/src/rplidar_ros/sdk/src/dataunpacker/unpacker/../dataunpacker.h:56:75:\x1b[m\x1b[K \x1b[01;35m\x1b[Kwarning: \x1b[m\x1b[Kunused parameter \xe2\x80\x98\x1b[01m\x1b[Kpayload\x1b[m\x1b[K\xe2\x80\x99 [\x1b[01;35m\x1b[K\x1b]8;;https://gcc.gnu.org/onlinedocs/gcc/Warning-Options.html#index-Wunused-parameter\x07-Wunused-parameter\x1b]8;;\x07\x1b[m\x1b[K]\n'}
[26.357204] (rplidar_ros) StderrLine: {'line': b'   56 |         virtual void onDecodingError(int errMsg, _u8 ansType, \x1b[01;35m\x1b[Kconst void* payload\x1b[m\x1b[K, size_t size) {}\n'}
[26.357404] (rplidar_ros) StderrLine: {'line': b'      |                                                               \x1b[01;35m\x1b[K~~~~~~~~~~~~^~~~~~~\x1b[m\x1b[K\n'}
[26.360896] (rplidar_ros) StderrLine: {'line': b'\x1b[01m\x1b[K/home/rpd/Nav2/src/rplidar_ros/sdk/src/dataunpacker/unpacker/../dataunpacker.h:56:91:\x1b[m\x1b[K \x1b[01;35m\x1b[Kwarning: \x1b[m\x1b[Kunused parameter \xe2\x80\x98\x1b[01m\x1b[Ksize\x1b[m\x1b[K\xe2\x80\x99 [\x1b[01;35m\x1b[K\x1b]8;;https://gcc.gnu.org/onlinedocs/gcc/Warning-Options.html#index-Wunused-parameter\x07-Wunused-parameter\x1b]8;;\x07\x1b[m\x1b[K]\n'}
[26.361132] (rplidar_ros) StderrLine: {'line': b'   56 |         virtual void onDecodingError(int errMsg, _u8 ansType, const void* payload, \x1b[01;35m\x1b[Ksize_t size\x1b[m\x1b[K) {}\n'}
[26.361303] (rplidar_ros) StderrLine: {'line': b'      |                                                                                    \x1b[01;35m\x1b[K~~~~~~~^~~~\x1b[m\x1b[K\n'}
[26.383413] (rplidar_ros) StderrLine: {'line': b'\x1b[01m\x1b[K/home/rpd/Nav2/src/rplidar_ros/sdk/src/dataunpacker/unpacker/handler_capsules.cpp:\x1b[m\x1b[K In member function \xe2\x80\x98\x1b[01m\x1b[Kvoid sl::internal::unpacker::UnpackerHandler_DenseCapsuleNode::\x1b[01;32m\x1b[K_onScanNodeDenseCapsuleData\x1b[m\x1b[K(rplidar_response_dense_capsule_measurement_nodes_t&, sl::internal::LIDARSampleDataUnpackerInner*)\x1b[m\x1b[K\xe2\x80\x99:\n'}
[26.384133] (rplidar_ros) StderrLine: {'line': b'\x1b[01m\x1b[K/home/rpd/Nav2/src/rplidar_ros/sdk/src/dataunpacker/unpacker/handler_capsules.cpp:763:30:\x1b[m\x1b[K \x1b[01;35m\x1b[Kwarning: \x1b[m\x1b[Ktype qualifiers ignored on cast result type [\x1b[01;35m\x1b[K\x1b]8;;https://gcc.gnu.org/onlinedocs/gcc/Warning-Options.html#index-Wignored-qualifiers\x07-Wignored-qualifiers\x1b]8;;\x07\x1b[m\x1b[K]\n'}
[26.384349] (rplidar_ros) StderrLine: {'line': b'  763 |             const int dist = \x1b[01;35m\x1b[Kstatic_cast<const int>(_cached_previous_dense_capsuledata.cabins[pos].distance)\x1b[m\x1b[K;\n'}
[26.384528] (rplidar_ros) StderrLine: {'line': b'      |                              \x1b[01;35m\x1b[K^~~~~~~~~~~~~~~~~~~~~~~~~~~~~~~~~~~~~~~~~~~~~~~~~~~~~~~~~~~~~~~~~~~~~~~~~~~~~~~\x1b[m\x1b[K\n'}
[26.389612] (-) TimerEvent: {}
[26.400631] (explore_lite_msgs) StdoutLine: {'line': b"Listing '/home/rpd/Nav2/install/explore_lite_msgs/lib/python3.12/site-packages/explore_lite_msgs'...\n"}
[26.401152] (explore_lite_msgs) StdoutLine: {'line': b"Compiling '/home/rpd/Nav2/install/explore_lite_msgs/lib/python3.12/site-packages/explore_lite_msgs/__init__.py'...\n"}
[26.401515] (explore_lite_msgs) StdoutLine: {'line': b"Listing '/home/rpd/Nav2/install/explore_lite_msgs/lib/python3.12/site-packages/explore_lite_msgs/msg'...\n"}
[26.401854] (explore_lite_msgs) StdoutLine: {'line': b"Compiling '/home/rpd/Nav2/install/explore_lite_msgs/lib/python3.12/site-packages/explore_lite_msgs/msg/__init__.py'...\n"}
[26.402169] (explore_lite_msgs) StdoutLine: {'line': b"Compiling '/home/rpd/Nav2/install/explore_lite_msgs/lib/python3.12/site-packages/explore_lite_msgs/msg/_explore_status.py'...\n"}
[26.433463] (explore_lite_msgs) StdoutLine: {'line': b'-- Installing: /home/rpd/Nav2/install/explore_lite_msgs/lib/python3.12/site-packages/explore_lite_msgs/explore_lite_msgs_s__rosidl_typesupport_fastrtps_c.so\n'}
[26.433913] (explore_lite_msgs) StdoutLine: {'line': b'-- Set non-toolchain portion of runtime path of "/home/rpd/Nav2/install/explore_lite_msgs/lib/python3.12/site-packages/explore_lite_msgs/explore_lite_msgs_s__rosidl_typesupport_fastrtps_c.so" to ""\n'}
[26.435035] (explore_lite_msgs) StdoutLine: {'line': b'-- Installing: /home/rpd/Nav2/install/explore_lite_msgs/lib/python3.12/site-packages/explore_lite_msgs/explore_lite_msgs_s__rosidl_typesupport_introspection_c.so\n'}
[26.436722] (explore_lite_msgs) StdoutLine: {'line': b'-- Set non-toolchain portion of runtime path of "/home/rpd/Nav2/install/explore_lite_msgs/lib/python3.12/site-packages/explore_lite_msgs/explore_lite_msgs_s__rosidl_typesupport_introspection_c.so" to ""\n'}
[26.437843] (explore_lite_msgs) StdoutLine: {'line': b'-- Installing: /home/rpd/Nav2/install/explore_lite_msgs/lib/python3.12/site-packages/explore_lite_msgs/explore_lite_msgs_s__rosidl_typesupport_c.so\n'}
[26.439024] (explore_lite_msgs) StdoutLine: {'line': b'-- Set non-toolchain portion of runtime path of "/home/rpd/Nav2/install/explore_lite_msgs/lib/python3.12/site-packages/explore_lite_msgs/explore_lite_msgs_s__rosidl_typesupport_c.so" to ""\n'}
[26.441053] (explore_lite_msgs) StdoutLine: {'line': b'-- Installing: /home/rpd/Nav2/install/explore_lite_msgs/lib/libexplore_lite_msgs__rosidl_generator_py.so\n'}
[26.441487] (explore_lite_msgs) StdoutLine: {'line': b'-- Set non-toolchain portion of runtime path of "/home/rpd/Nav2/install/explore_lite_msgs/lib/libexplore_lite_msgs__rosidl_generator_py.so" to ""\n'}
[26.442140] (explore_lite_msgs) StdoutLine: {'line': b'-- Installing: /home/rpd/Nav2/install/explore_lite_msgs/share/explore_lite_msgs/msg/ExploreStatus.idl\n'}
[26.443041] (explore_lite_msgs) StdoutLine: {'line': b'-- Installing: /home/rpd/Nav2/install/explore_lite_msgs/share/explore_lite_msgs/msg/ExploreStatus.msg\n'}
[26.444663] (explore_lite_msgs) StdoutLine: {'line': b'-- Installing: /home/rpd/Nav2/install/explore_lite_msgs/share/ament_index/resource_index/package_run_dependencies/explore_lite_msgs\n'}
[26.445894] (explore_lite_msgs) StdoutLine: {'line': b'-- Installing: /home/rpd/Nav2/install/explore_lite_msgs/share/ament_index/resource_index/parent_prefix_path/explore_lite_msgs\n'}
[26.446891] (explore_lite_msgs) StdoutLine: {'line': b'-- Installing: /home/rpd/Nav2/install/explore_lite_msgs/share/explore_lite_msgs/environment/ament_prefix_path.sh\n'}
[26.447163] (explore_lite_msgs) StdoutLine: {'line': b'-- Installing: /home/rpd/Nav2/install/explore_lite_msgs/share/explore_lite_msgs/environment/ament_prefix_path.dsv\n'}
[26.447802] (explore_lite_msgs) StdoutLine: {'line': b'-- Installing: /home/rpd/Nav2/install/explore_lite_msgs/share/explore_lite_msgs/environment/path.sh\n'}
[26.449009] (explore_lite_msgs) StdoutLine: {'line': b'-- Installing: /home/rpd/Nav2/install/explore_lite_msgs/share/explore_lite_msgs/environment/path.dsv\n'}
[26.449333] (explore_lite_msgs) StdoutLine: {'line': b'-- Installing: /home/rpd/Nav2/install/explore_lite_msgs/share/explore_lite_msgs/local_setup.bash\n'}
[26.450732] (explore_lite_msgs) StdoutLine: {'line': b'-- Installing: /home/rpd/Nav2/install/explore_lite_msgs/share/explore_lite_msgs/local_setup.sh\n'}
[26.451106] (explore_lite_msgs) StdoutLine: {'line': b'-- Installing: /home/rpd/Nav2/install/explore_lite_msgs/share/explore_lite_msgs/local_setup.zsh\n'}
[26.452745] (explore_lite_msgs) StdoutLine: {'line': b'-- Installing: /home/rpd/Nav2/install/explore_lite_msgs/share/explore_lite_msgs/local_setup.dsv\n'}
[26.453107] (explore_lite_msgs) StdoutLine: {'line': b'-- Installing: /home/rpd/Nav2/install/explore_lite_msgs/share/explore_lite_msgs/package.dsv\n'}
[26.454109] (explore_lite_msgs) StdoutLine: {'line': b'-- Installing: /home/rpd/Nav2/install/explore_lite_msgs/share/ament_index/resource_index/packages/explore_lite_msgs\n'}
[26.454455] (explore_lite_msgs) StdoutLine: {'line': b'-- Installing: /home/rpd/Nav2/install/explore_lite_msgs/share/explore_lite_msgs/cmake/export_explore_lite_msgs__rosidl_generator_cExport.cmake\n'}
[26.455851] (explore_lite_msgs) StdoutLine: {'line': b'-- Installing: /home/rpd/Nav2/install/explore_lite_msgs/share/explore_lite_msgs/cmake/export_explore_lite_msgs__rosidl_generator_cExport-noconfig.cmake\n'}
[26.456232] (explore_lite_msgs) StdoutLine: {'line': b'-- Installing: /home/rpd/Nav2/install/explore_lite_msgs/share/explore_lite_msgs/cmake/export_explore_lite_msgs__rosidl_typesupport_fastrtps_cExport.cmake\n'}
[26.457852] (explore_lite_msgs) StdoutLine: {'line': b'-- Installing: /home/rpd/Nav2/install/explore_lite_msgs/share/explore_lite_msgs/cmake/export_explore_lite_msgs__rosidl_typesupport_fastrtps_cExport-noconfig.cmake\n'}
[26.458291] (explore_lite_msgs) StdoutLine: {'line': b'-- Installing: /home/rpd/Nav2/install/explore_lite_msgs/share/explore_lite_msgs/cmake/explore_lite_msgs__rosidl_typesupport_introspection_cExport.cmake\n'}
[26.459619] (explore_lite_msgs) StdoutLine: {'line': b'-- Installing: /home/rpd/Nav2/install/explore_lite_msgs/share/explore_lite_msgs/cmake/explore_lite_msgs__rosidl_typesupport_introspection_cExport-noconfig.cmake\n'}
[26.459918] (explore_lite_msgs) StdoutLine: {'line': b'-- Installing: /home/rpd/Nav2/install/explore_lite_msgs/share/explore_lite_msgs/cmake/explore_lite_msgs__rosidl_typesupport_cExport.cmake\n'}
[26.461054] (explore_lite_msgs) StdoutLine: {'line': b'-- Installing: /home/rpd/Nav2/install/explore_lite_msgs/share/explore_lite_msgs/cmake/explore_lite_msgs__rosidl_typesupport_cExport-noconfig.cmake\n'}
[26.461332] (explore_lite_msgs) StdoutLine: {'line': b'-- Installing: /home/rpd/Nav2/install/explore_lite_msgs/share/explore_lite_msgs/cmake/export_explore_lite_msgs__rosidl_generator_cppExport.cmake\n'}
[26.462568] (explore_lite_msgs) StdoutLine: {'line': b'-- Installing: /home/rpd/Nav2/install/explore_lite_msgs/share/explore_lite_msgs/cmake/export_explore_lite_msgs__rosidl_typesupport_fastrtps_cppExport.cmake\n'}
[26.462970] (explore_lite_msgs) StdoutLine: {'line': b'-- Installing: /home/rpd/Nav2/install/explore_lite_msgs/share/explore_lite_msgs/cmake/export_explore_lite_msgs__rosidl_typesupport_fastrtps_cppExport-noconfig.cmake\n'}
[26.465037] (explore_lite_msgs) StdoutLine: {'line': b'-- Installing: /home/rpd/Nav2/install/explore_lite_msgs/share/explore_lite_msgs/cmake/explore_lite_msgs__rosidl_typesupport_introspection_cppExport.cmake\n'}
[26.465435] (explore_lite_msgs) StdoutLine: {'line': b'-- Installing: /home/rpd/Nav2/install/explore_lite_msgs/share/explore_lite_msgs/cmake/explore_lite_msgs__rosidl_typesupport_introspection_cppExport-noconfig.cmake\n'}
[26.465653] (explore_lite_msgs) StdoutLine: {'line': b'-- Installing: /home/rpd/Nav2/install/explore_lite_msgs/share/explore_lite_msgs/cmake/explore_lite_msgs__rosidl_typesupport_cppExport.cmake\n'}
[26.467020] (explore_lite_msgs) StdoutLine: {'line': b'-- Installing: /home/rpd/Nav2/install/explore_lite_msgs/share/explore_lite_msgs/cmake/explore_lite_msgs__rosidl_typesupport_cppExport-noconfig.cmake\n'}
[26.467393] (explore_lite_msgs) StdoutLine: {'line': b'-- Installing: /home/rpd/Nav2/install/explore_lite_msgs/share/explore_lite_msgs/cmake/export_explore_lite_msgs__rosidl_generator_pyExport.cmake\n'}
[26.468746] (explore_lite_msgs) StdoutLine: {'line': b'-- Installing: /home/rpd/Nav2/install/explore_lite_msgs/share/explore_lite_msgs/cmake/export_explore_lite_msgs__rosidl_generator_pyExport-noconfig.cmake\n'}
[26.469042] (explore_lite_msgs) StdoutLine: {'line': b'-- Installing: /home/rpd/Nav2/install/explore_lite_msgs/share/explore_lite_msgs/cmake/rosidl_cmake-extras.cmake\n'}
[26.470019] (explore_lite_msgs) StdoutLine: {'line': b'-- Installing: /home/rpd/Nav2/install/explore_lite_msgs/share/explore_lite_msgs/cmake/ament_cmake_export_include_directories-extras.cmake\n'}
[26.470271] (explore_lite_msgs) StdoutLine: {'line': b'-- Installing: /home/rpd/Nav2/install/explore_lite_msgs/share/explore_lite_msgs/cmake/ament_cmake_export_libraries-extras.cmake\n'}
[26.470798] (rplidar_ros) StdoutLine: {'line': b'[ 36%] \x1b[32mBuilding CXX object CMakeFiles/rplidar_node.dir/sdk/src/dataunpacker/unpacker/handler_hqnode.cpp.o\x1b[0m\n'}
[26.471731] (explore_lite_msgs) StdoutLine: {'line': b'-- Installing: /home/rpd/Nav2/install/explore_lite_msgs/share/explore_lite_msgs/cmake/ament_cmake_export_targets-extras.cmake\n'}
[26.472109] (explore_lite_msgs) StdoutLine: {'line': b'-- Installing: /home/rpd/Nav2/install/explore_lite_msgs/share/explore_lite_msgs/cmake/rosidl_cmake_export_typesupport_targets-extras.cmake\n'}
[26.473561] (explore_lite_msgs) StdoutLine: {'line': b'-- Installing: /home/rpd/Nav2/install/explore_lite_msgs/share/explore_lite_msgs/cmake/ament_cmake_export_dependencies-extras.cmake\n'}
[26.474039] (explore_lite_msgs) StdoutLine: {'line': b'-- Installing: /home/rpd/Nav2/install/explore_lite_msgs/share/explore_lite_msgs/cmake/rosidl_cmake_export_typesupport_libraries-extras.cmake\n'}
[26.475715] (explore_lite_msgs) StdoutLine: {'line': b'-- Installing: /home/rpd/Nav2/install/explore_lite_msgs/share/explore_lite_msgs/cmake/explore_lite_msgsConfig.cmake\n'}
[26.476154] (explore_lite_msgs) StdoutLine: {'line': b'-- Installing: /home/rpd/Nav2/install/explore_lite_msgs/share/explore_lite_msgs/cmake/explore_lite_msgsConfig-version.cmake\n'}
[26.476341] (explore_lite_msgs) StdoutLine: {'line': b'-- Installing: /home/rpd/Nav2/install/explore_lite_msgs/share/explore_lite_msgs/package.xml\n'}
[26.483635] (explore_lite_msgs) CommandEnded: {'returncode': 0}
[26.490175] (-) TimerEvent: {}
[26.528662] (explore_lite_msgs) JobEnded: {'identifier': 'explore_lite_msgs', 'rc': 0}
[26.549286] (explore_lite) JobStarted: {'identifier': 'explore_lite'}
[26.588041] (explore_lite) JobProgress: {'identifier': 'explore_lite', 'progress': 'cmake'}
[26.588179] (explore_lite) Command: {'cmd': ['/usr/bin/cmake', '/home/rpd/Nav2/src/m-explore-ros2/explore', '-DCMAKE_INSTALL_PREFIX=/home/rpd/Nav2/install/explore_lite'], 'cwd': '/home/rpd/Nav2/build/explore_lite', 'env': OrderedDict({'LESSOPEN': '| /usr/bin/lesspipe %s', 'USER': 'rpd', 'SSH_CLIENT': '192.168.20.51 43874 22', 'GZ_CONFIG_PATH': '/opt/ros/jazzy/opt/gz_sim_vendor/share/gz:/opt/ros/jazzy/opt/sdformat_vendor/share/gz:/opt/ros/jazzy/opt/gz_gui_vendor/share/gz:/opt/ros/jazzy/opt/gz_transport_vendor/share/gz:/opt/ros/jazzy/opt/gz_rendering_vendor/share/gz:/opt/ros/jazzy/opt/gz_plugin_vendor/share/gz:/opt/ros/jazzy/opt/gz_fuel_tools_vendor/share/gz:/opt/ros/jazzy/opt/gz_msgs_vendor/share/gz:/opt/ros/jazzy/opt/gz_common_vendor/share/gz', 'XDG_SESSION_TYPE': 'tty', 'SHLVL': '1', 'LD_LIBRARY_PATH': '/home/rpd/Nav2/install/explore_lite_msgs/lib:/opt/ros/jazzy/opt/gz_sim_vendor/lib:/opt/ros/jazzy/opt/gz_sensors_vendor/lib:/opt/ros/jazzy/opt/gz_physics_vendor/lib:/opt/ros/jazzy/opt/sdformat_vendor/lib:/opt/ros/jazzy/opt/rviz_ogre_vendor/lib:/opt/ros/jazzy/lib/aarch64-linux-gnu:/opt/ros/jazzy/opt/gz_gui_vendor/lib:/opt/ros/jazzy/opt/gz_transport_vendor/lib:/opt/ros/jazzy/opt/gz_rendering_vendor/lib:/opt/ros/jazzy/opt/gz_plugin_vendor/lib:/opt/ros/jazzy/opt/gz_fuel_tools_vendor/lib:/opt/ros/jazzy/opt/gz_msgs_vendor/lib:/opt/ros/jazzy/opt/gz_common_vendor/lib:/opt/ros/jazzy/opt/gz_math_vendor/lib:/opt/ros/jazzy/opt/gz_utils_vendor/lib:/opt/ros/jazzy/opt/gz_tools_vendor/lib:/opt/ros/jazzy/opt/gz_ogre_next_vendor/lib:/opt/ros/jazzy/opt/gz_dartsim_vendor/lib:/opt/ros/jazzy/opt/gz_cmake_vendor/lib:/opt/ros/jazzy/lib', 'HOME': '/home/rpd', 'OLDPWD': '/home/rpd/Nav2/src', 'SSH_TTY': '/dev/pts/0', 'ROS_PYTHON_VERSION': '3', 'DBUS_SESSION_BUS_ADDRESS': 'unix:path=/run/user/1000/bus', 'ROS_DISTRO': 'jazzy', 'LOGNAME': 'rpd', '_': '/usr/bin/colcon', 'ROS_VERSION': '2', 'XDG_SESSION_CLASS': 'user', 'TERM': 'xterm-256color', 'XDG_SESSION_ID': '5', 'PATH': '/home/rpd/.local/bin:/home/rpd/.local/bin:/opt/ros/jazzy/opt/gz_msgs_vendor/bin:/opt/ros/jazzy/opt/gz_tools_vendor/bin:/opt/ros/jazzy/opt/gz_ogre_next_vendor/bin:/opt/ros/jazzy/bin:/usr/local/sbin:/usr/local/bin:/usr/sbin:/usr/bin:/sbin:/bin:/usr/games:/usr/local/games:/snap/bin', 'XDG_RUNTIME_DIR': '/run/user/1000', 'DISPLAY': 'localhost:10.0', 'LANG': 'en_US.UTF-8', 'LS_COLORS': 'rs=0:di=01;34:ln=01;36:mh=00:pi=40;33:so=01;35:do=01;35:bd=40;33;01:cd=40;33;01:or=40;31;01:mi=00:su=37;41:sg=30;43:ca=00:tw=30;42:ow=34;42:st=37;44:ex=01;32:*.tar=01;31:*.tgz=01;31:*.arc=01;31:*.arj=01;31:*.taz=01;31:*.lha=01;31:*.lz4=01;31:*.lzh=01;31:*.lzma=01;31:*.tlz=01;31:*.txz=01;31:*.tzo=01;31:*.t7z=01;31:*.zip=01;31:*.z=01;31:*.dz=01;31:*.gz=01;31:*.lrz=01;31:*.lz=01;31:*.lzo=01;31:*.xz=01;31:*.zst=01;31:*.tzst=01;31:*.bz2=01;31:*.bz=01;31:*.tbz=01;31:*.tbz2=01;31:*.tz=01;31:*.deb=01;31:*.rpm=01;31:*.jar=01;31:*.war=01;31:*.ear=01;31:*.sar=01;31:*.rar=01;31:*.alz=01;31:*.ace=01;31:*.zoo=01;31:*.cpio=01;31:*.7z=01;31:*.rz=01;31:*.cab=01;31:*.wim=01;31:*.swm=01;31:*.dwm=01;31:*.esd=01;31:*.avif=01;35:*.jpg=01;35:*.jpeg=01;35:*.mjpg=01;35:*.mjpeg=01;35:*.gif=01;35:*.bmp=01;35:*.pbm=01;35:*.pgm=01;35:*.ppm=01;35:*.tga=01;35:*.xbm=01;35:*.xpm=01;35:*.tif=01;35:*.tiff=01;35:*.png=01;35:*.svg=01;35:*.svgz=01;35:*.mng=01;35:*.pcx=01;35:*.mov=01;35:*.mpg=01;35:*.mpeg=01;35:*.m2v=01;35:*.mkv=01;35:*.webm=01;35:*.webp=01;35:*.ogm=01;35:*.mp4=01;35:*.m4v=01;35:*.mp4v=01;35:*.vob=01;35:*.qt=01;35:*.nuv=01;35:*.wmv=01;35:*.asf=01;35:*.rm=01;35:*.rmvb=01;35:*.flc=01;35:*.avi=01;35:*.fli=01;35:*.flv=01;35:*.gl=01;35:*.dl=01;35:*.xcf=01;35:*.xwd=01;35:*.yuv=01;35:*.cgm=01;35:*.emf=01;35:*.ogv=01;35:*.ogx=01;35:*.aac=00;36:*.au=00;36:*.flac=00;36:*.m4a=00;36:*.mid=00;36:*.midi=00;36:*.mka=00;36:*.mp3=00;36:*.mpc=00;36:*.ogg=00;36:*.ra=00;36:*.wav=00;36:*.oga=00;36:*.opus=00;36:*.spx=00;36:*.xspf=00;36:*~=00;90:*#=00;90:*.bak=00;90:*.crdownload=00;90:*.dpkg-dist=00;90:*.dpkg-new=00;90:*.dpkg-old=00;90:*.dpkg-tmp=00;90:*.old=00;90:*.orig=00;90:*.part=00;90:*.rej=00;90:*.rpmnew=00;90:*.rpmorig=00;90:*.rpmsave=00;90:*.swp=00;90:*.tmp=00;90:*.ucf-dist=00;90:*.ucf-new=00;90:*.ucf-old=00;90:', 'ROS_DOMAIN_ID': '12', 'AMENT_PREFIX_PATH': '/home/rpd/Nav2/install/explore_lite_msgs:/opt/ros/jazzy', 'SHELL': '/bin/bash', 'LESSCLOSE': '/usr/bin/lesspipe %s %s', 'ROS_AUTOMATIC_DISCOVERY_RANGE': 'SUBNET', 'PWD': '/home/rpd/Nav2/build/explore_lite', 'LC_ALL': 'en_US.UTF-8', 'SSH_CONNECTION': '192.168.20.51 43874 192.168.22.22 22', 'XDG_DATA_DIRS': '/usr/local/share:/usr/share:/var/lib/snapd/desktop', 'PYTHONPATH': '/home/rpd/Nav2/install/explore_lite_msgs/lib/python3.12/site-packages:/opt/ros/jazzy/lib/python3.12/site-packages:/usr/local/lib:/usr/local/lib/python3/dist-packages:/usr/local/lib/python3.11/site-packages', 'COLCON': '1', 'CMAKE_PREFIX_PATH': '/home/rpd/Nav2/install/explore_lite_msgs:/opt/ros/jazzy/opt/gz_sim_vendor:/opt/ros/jazzy/opt/gz_sensors_vendor:/opt/ros/jazzy/opt/gz_physics_vendor:/opt/ros/jazzy/opt/sdformat_vendor:/opt/ros/jazzy/opt/gz_gui_vendor:/opt/ros/jazzy/opt/gz_transport_vendor:/opt/ros/jazzy/opt/gz_rendering_vendor:/opt/ros/jazzy/opt/gz_plugin_vendor:/opt/ros/jazzy/opt/gz_fuel_tools_vendor:/opt/ros/jazzy/opt/gz_msgs_vendor:/opt/ros/jazzy/opt/gz_common_vendor:/opt/ros/jazzy/opt/gz_math_vendor:/opt/ros/jazzy/opt/gz_utils_vendor:/opt/ros/jazzy/opt/gz_tools_vendor:/opt/ros/jazzy/opt/gz_ogre_next_vendor:/opt/ros/jazzy/opt/gz_dartsim_vendor:/opt/ros/jazzy/opt/gz_cmake_vendor:/opt/ros/jazzy'}), 'shell': False}
[26.590320] (-) TimerEvent: {}
[26.691157] (-) TimerEvent: {}
[26.709642] (rplidar_ros) StdoutLine: {'line': b'[ 39%] \x1b[32mBuilding CXX object CMakeFiles/rplidar_composition.dir/sdk/src/dataunpacker/unpacker/handler_hqnode.cpp.o\x1b[0m\n'}
[26.732015] (multirobot_map_merge) StdoutLine: {'line': b'-- Generating done (0.5s)\n'}
[26.756543] (multirobot_map_merge) StdoutLine: {'line': b'-- Build files have been written to: /home/rpd/Nav2/build/multirobot_map_merge\n'}
[26.791357] (-) TimerEvent: {}
[26.819933] (multirobot_map_merge) CommandEnded: {'returncode': 0}
[26.820724] (multirobot_map_merge) JobProgress: {'identifier': 'multirobot_map_merge', 'progress': 'build'}
[26.820789] (multirobot_map_merge) Command: {'cmd': ['/usr/bin/cmake', '--build', '/home/rpd/Nav2/build/multirobot_map_merge', '--', '-j4', '-l4'], 'cwd': '/home/rpd/Nav2/build/multirobot_map_merge', 'env': OrderedDict({'LESSOPEN': '| /usr/bin/lesspipe %s', 'USER': 'rpd', 'SSH_CLIENT': '192.168.20.51 43874 22', 'GZ_CONFIG_PATH': '/opt/ros/jazzy/opt/gz_sim_vendor/share/gz:/opt/ros/jazzy/opt/sdformat_vendor/share/gz:/opt/ros/jazzy/opt/gz_gui_vendor/share/gz:/opt/ros/jazzy/opt/gz_transport_vendor/share/gz:/opt/ros/jazzy/opt/gz_rendering_vendor/share/gz:/opt/ros/jazzy/opt/gz_plugin_vendor/share/gz:/opt/ros/jazzy/opt/gz_fuel_tools_vendor/share/gz:/opt/ros/jazzy/opt/gz_msgs_vendor/share/gz:/opt/ros/jazzy/opt/gz_common_vendor/share/gz', 'XDG_SESSION_TYPE': 'tty', 'SHLVL': '1', 'LD_LIBRARY_PATH': '/opt/ros/jazzy/opt/gz_sim_vendor/lib:/opt/ros/jazzy/opt/gz_sensors_vendor/lib:/opt/ros/jazzy/opt/gz_physics_vendor/lib:/opt/ros/jazzy/opt/sdformat_vendor/lib:/opt/ros/jazzy/opt/rviz_ogre_vendor/lib:/opt/ros/jazzy/lib/aarch64-linux-gnu:/opt/ros/jazzy/opt/gz_gui_vendor/lib:/opt/ros/jazzy/opt/gz_transport_vendor/lib:/opt/ros/jazzy/opt/gz_rendering_vendor/lib:/opt/ros/jazzy/opt/gz_plugin_vendor/lib:/opt/ros/jazzy/opt/gz_fuel_tools_vendor/lib:/opt/ros/jazzy/opt/gz_msgs_vendor/lib:/opt/ros/jazzy/opt/gz_common_vendor/lib:/opt/ros/jazzy/opt/gz_math_vendor/lib:/opt/ros/jazzy/opt/gz_utils_vendor/lib:/opt/ros/jazzy/opt/gz_tools_vendor/lib:/opt/ros/jazzy/opt/gz_ogre_next_vendor/lib:/opt/ros/jazzy/opt/gz_dartsim_vendor/lib:/opt/ros/jazzy/opt/gz_cmake_vendor/lib:/opt/ros/jazzy/lib', 'HOME': '/home/rpd', 'OLDPWD': '/home/rpd/Nav2/src', 'SSH_TTY': '/dev/pts/0', 'ROS_PYTHON_VERSION': '3', 'DBUS_SESSION_BUS_ADDRESS': 'unix:path=/run/user/1000/bus', 'ROS_DISTRO': 'jazzy', 'LOGNAME': 'rpd', '_': '/usr/bin/colcon', 'ROS_VERSION': '2', 'XDG_SESSION_CLASS': 'user', 'TERM': 'xterm-256color', 'XDG_SESSION_ID': '5', 'PATH': '/home/rpd/.local/bin:/home/rpd/.local/bin:/opt/ros/jazzy/opt/gz_msgs_vendor/bin:/opt/ros/jazzy/opt/gz_tools_vendor/bin:/opt/ros/jazzy/opt/gz_ogre_next_vendor/bin:/opt/ros/jazzy/bin:/usr/local/sbin:/usr/local/bin:/usr/sbin:/usr/bin:/sbin:/bin:/usr/games:/usr/local/games:/snap/bin', 'XDG_RUNTIME_DIR': '/run/user/1000', 'DISPLAY': 'localhost:10.0', 'LANG': 'en_US.UTF-8', 'LS_COLORS': 'rs=0:di=01;34:ln=01;36:mh=00:pi=40;33:so=01;35:do=01;35:bd=40;33;01:cd=40;33;01:or=40;31;01:mi=00:su=37;41:sg=30;43:ca=00:tw=30;42:ow=34;42:st=37;44:ex=01;32:*.tar=01;31:*.tgz=01;31:*.arc=01;31:*.arj=01;31:*.taz=01;31:*.lha=01;31:*.lz4=01;31:*.lzh=01;31:*.lzma=01;31:*.tlz=01;31:*.txz=01;31:*.tzo=01;31:*.t7z=01;31:*.zip=01;31:*.z=01;31:*.dz=01;31:*.gz=01;31:*.lrz=01;31:*.lz=01;31:*.lzo=01;31:*.xz=01;31:*.zst=01;31:*.tzst=01;31:*.bz2=01;31:*.bz=01;31:*.tbz=01;31:*.tbz2=01;31:*.tz=01;31:*.deb=01;31:*.rpm=01;31:*.jar=01;31:*.war=01;31:*.ear=01;31:*.sar=01;31:*.rar=01;31:*.alz=01;31:*.ace=01;31:*.zoo=01;31:*.cpio=01;31:*.7z=01;31:*.rz=01;31:*.cab=01;31:*.wim=01;31:*.swm=01;31:*.dwm=01;31:*.esd=01;31:*.avif=01;35:*.jpg=01;35:*.jpeg=01;35:*.mjpg=01;35:*.mjpeg=01;35:*.gif=01;35:*.bmp=01;35:*.pbm=01;35:*.pgm=01;35:*.ppm=01;35:*.tga=01;35:*.xbm=01;35:*.xpm=01;35:*.tif=01;35:*.tiff=01;35:*.png=01;35:*.svg=01;35:*.svgz=01;35:*.mng=01;35:*.pcx=01;35:*.mov=01;35:*.mpg=01;35:*.mpeg=01;35:*.m2v=01;35:*.mkv=01;35:*.webm=01;35:*.webp=01;35:*.ogm=01;35:*.mp4=01;35:*.m4v=01;35:*.mp4v=01;35:*.vob=01;35:*.qt=01;35:*.nuv=01;35:*.wmv=01;35:*.asf=01;35:*.rm=01;35:*.rmvb=01;35:*.flc=01;35:*.avi=01;35:*.fli=01;35:*.flv=01;35:*.gl=01;35:*.dl=01;35:*.xcf=01;35:*.xwd=01;35:*.yuv=01;35:*.cgm=01;35:*.emf=01;35:*.ogv=01;35:*.ogx=01;35:*.aac=00;36:*.au=00;36:*.flac=00;36:*.m4a=00;36:*.mid=00;36:*.midi=00;36:*.mka=00;36:*.mp3=00;36:*.mpc=00;36:*.ogg=00;36:*.ra=00;36:*.wav=00;36:*.oga=00;36:*.opus=00;36:*.spx=00;36:*.xspf=00;36:*~=00;90:*#=00;90:*.bak=00;90:*.crdownload=00;90:*.dpkg-dist=00;90:*.dpkg-new=00;90:*.dpkg-old=00;90:*.dpkg-tmp=00;90:*.old=00;90:*.orig=00;90:*.part=00;90:*.rej=00;90:*.rpmnew=00;90:*.rpmorig=00;90:*.rpmsave=00;90:*.swp=00;90:*.tmp=00;90:*.ucf-dist=00;90:*.ucf-new=00;90:*.ucf-old=00;90:', 'ROS_DOMAIN_ID': '12', 'AMENT_PREFIX_PATH': '/opt/ros/jazzy', 'SHELL': '/bin/bash', 'LESSCLOSE': '/usr/bin/lesspipe %s %s', 'ROS_AUTOMATIC_DISCOVERY_RANGE': 'SUBNET', 'PWD': '/home/rpd/Nav2/build/multirobot_map_merge', 'LC_ALL': 'en_US.UTF-8', 'SSH_CONNECTION': '192.168.20.51 43874 192.168.22.22 22', 'XDG_DATA_DIRS': '/usr/local/share:/usr/share:/var/lib/snapd/desktop', 'PYTHONPATH': '/opt/ros/jazzy/lib/python3.12/site-packages:/usr/local/lib:/usr/local/lib/python3/dist-packages:/usr/local/lib/python3.11/site-packages', 'COLCON': '1', 'CMAKE_PREFIX_PATH': '/opt/ros/jazzy/opt/gz_sim_vendor:/opt/ros/jazzy/opt/gz_sensors_vendor:/opt/ros/jazzy/opt/gz_physics_vendor:/opt/ros/jazzy/opt/sdformat_vendor:/opt/ros/jazzy/opt/gz_gui_vendor:/opt/ros/jazzy/opt/gz_transport_vendor:/opt/ros/jazzy/opt/gz_rendering_vendor:/opt/ros/jazzy/opt/gz_plugin_vendor:/opt/ros/jazzy/opt/gz_fuel_tools_vendor:/opt/ros/jazzy/opt/gz_msgs_vendor:/opt/ros/jazzy/opt/gz_common_vendor:/opt/ros/jazzy/opt/gz_math_vendor:/opt/ros/jazzy/opt/gz_utils_vendor:/opt/ros/jazzy/opt/gz_tools_vendor:/opt/ros/jazzy/opt/gz_ogre_next_vendor:/opt/ros/jazzy/opt/gz_dartsim_vendor:/opt/ros/jazzy/opt/gz_cmake_vendor:/opt/ros/jazzy'}), 'shell': False}
[26.891552] (-) TimerEvent: {}
[26.903737] (explore_lite) StdoutLine: {'line': b'-- The C compiler identification is GNU 13.3.0\n'}
[26.989723] (rplidar_ros) StdoutLine: {'line': b'[ 42%] \x1b[32mBuilding CXX object CMakeFiles/rplidar_node.dir/sdk/src/dataunpacker/unpacker/handler_normalnode.cpp.o\x1b[0m\n'}
[26.994640] (-) TimerEvent: {}
[27.035264] (multirobot_map_merge) StdoutLine: {'line': b'[  8%] \x1b[32mBuilding CXX object gtest/CMakeFiles/gtest.dir/src/gtest-all.cc.o\x1b[0m\n'}
[27.042424] (multirobot_map_merge) StdoutLine: {'line': b'[ 16%] \x1b[32mBuilding CXX object CMakeFiles/combine_grids.dir/src/combine_grids/grid_compositor.cpp.o\x1b[0m\n'}
[27.053067] (multirobot_map_merge) StdoutLine: {'line': b'[ 25%] \x1b[32mBuilding CXX object gtest/CMakeFiles/gtest_main.dir/src/gtest_main.cc.o\x1b[0m\n'}
[27.071624] (multirobot_map_merge) StdoutLine: {'line': b'[ 33%] \x1b[32mBuilding CXX object CMakeFiles/combine_grids.dir/src/combine_grids/grid_warper.cpp.o\x1b[0m\n'}
[27.097596] (-) TimerEvent: {}
[27.158604] (explore_lite) StdoutLine: {'line': b'-- The CXX compiler identification is GNU 13.3.0\n'}
[27.201602] (-) TimerEvent: {}
[27.236728] (explore_lite) StdoutLine: {'line': b'-- Detecting C compiler ABI info\n'}
[27.301761] (-) TimerEvent: {}
[27.402258] (-) TimerEvent: {}
[27.504015] (-) TimerEvent: {}
[27.609621] (-) TimerEvent: {}
[27.683866] (explore_lite) StdoutLine: {'line': b'-- Detecting C compiler ABI info - done\n'}
[27.709815] (-) TimerEvent: {}
[27.741633] (explore_lite) StdoutLine: {'line': b'-- Check for working C compiler: /usr/bin/cc - skipped\n'}
[27.743786] (explore_lite) StdoutLine: {'line': b'-- Detecting C compile features\n'}
[27.744065] (explore_lite) StdoutLine: {'line': b'-- Detecting C compile features - done\n'}
[27.796704] (explore_lite) StdoutLine: {'line': b'-- Detecting CXX compiler ABI info\n'}
[27.814036] (-) TimerEvent: {}
[27.914606] (-) TimerEvent: {}
[28.015110] (-) TimerEvent: {}
[28.121645] (-) TimerEvent: {}
[28.222182] (-) TimerEvent: {}
[28.324603] (explore_lite) StdoutLine: {'line': b'-- Detecting CXX compiler ABI info - done\n'}
[28.324892] (-) TimerEvent: {}
[28.343393] (explore_lite) StdoutLine: {'line': b'-- Check for working CXX compiler: /usr/bin/c++ - skipped\n'}
[28.344326] (explore_lite) StdoutLine: {'line': b'-- Detecting CXX compile features\n'}
[28.346239] (explore_lite) StdoutLine: {'line': b'-- Detecting CXX compile features - done\n'}
[28.348546] (explore_lite) StdoutLine: {'line': b'-- BuilD for ROS2: jazzy\n'}
[28.357943] (explore_lite) StdoutLine: {'line': b'-- Found ament_cmake: 2.5.5 (/opt/ros/jazzy/share/ament_cmake/cmake)\n'}
[28.427621] (-) TimerEvent: {}
[28.513017] (rplidar_ros) StderrLine: {'line': b'In file included from \x1b[01m\x1b[K/home/rpd/Nav2/src/rplidar_ros/sdk/include/rplidar_protocol.h:36\x1b[m\x1b[K,\n'}
[28.518621] (rplidar_ros) StderrLine: {'line': b'                 from \x1b[01m\x1b[K/home/rpd/Nav2/src/rplidar_ros/sdk/include/rplidar.h:39\x1b[m\x1b[K,\n'}
[28.519066] (rplidar_ros) StderrLine: {'line': b'                 from \x1b[01m\x1b[K/home/rpd/Nav2/src/rplidar_ros/sdk/src/sdkcommon.h:49\x1b[m\x1b[K,\n'}
[28.519242] (rplidar_ros) StderrLine: {'line': b'                 from \x1b[01m\x1b[K/home/rpd/Nav2/src/rplidar_ros/sdk/src/dataunpacker/unpacker/../dataunnpacker_commondef.h:41\x1b[m\x1b[K,\n'}
[28.519403] (rplidar_ros) StderrLine: {'line': b'                 from \x1b[01m\x1b[K/home/rpd/Nav2/src/rplidar_ros/sdk/src/dataunpacker/unpacker/handler_hqnode.cpp:39\x1b[m\x1b[K:\n'}
[28.519628] (rplidar_ros) StderrLine: {'line': b'\x1b[01m\x1b[K/home/rpd/Nav2/src/rplidar_ros/sdk/include/sl_lidar_protocol.h:66:16:\x1b[m\x1b[K \x1b[01;35m\x1b[Kwarning: \x1b[m\x1b[KISO C++ forbids zero-size array \xe2\x80\x98\x1b[01m\x1b[Kdata\x1b[m\x1b[K\xe2\x80\x99 [\x1b[01;35m\x1b[K\x1b]8;;https://gcc.gnu.org/onlinedocs/gcc/Warning-Options.html#index-Wpedantic\x07-Wpedantic\x1b]8;;\x07\x1b[m\x1b[K]\n'}
[28.519823] (rplidar_ros) StderrLine: {'line': b'   66 |     sl_u8 data[\x1b[01;35m\x1b[K0\x1b[m\x1b[K];\n'}
[28.520044] (rplidar_ros) StderrLine: {'line': b'      |                \x1b[01;35m\x1b[K^\x1b[m\x1b[K\n'}
[28.520245] (rplidar_ros) StderrLine: {'line': b'In file included from \x1b[01m\x1b[K/home/rpd/Nav2/src/rplidar_ros/sdk/include/rplidar_cmd.h:36\x1b[m\x1b[K,\n'}
[28.526641] (rplidar_ros) StderrLine: {'line': b'                 from \x1b[01m\x1b[K/home/rpd/Nav2/src/rplidar_ros/sdk/include/rplidar.h:40\x1b[m\x1b[K:\n'}
[28.527159] (rplidar_ros) StderrLine: {'line': b'\x1b[01m\x1b[K/home/rpd/Nav2/src/rplidar_ros/sdk/include/sl_lidar_cmd.h:324:20:\x1b[m\x1b[K \x1b[01;35m\x1b[Kwarning: \x1b[m\x1b[KISO C++ forbids zero-size array \xe2\x80\x98\x1b[01m\x1b[Kpayload\x1b[m\x1b[K\xe2\x80\x99 [\x1b[01;35m\x1b[K\x1b]8;;https://gcc.gnu.org/onlinedocs/gcc/Warning-Options.html#index-Wpedantic\x07-Wpedantic\x1b]8;;\x07\x1b[m\x1b[K]\n'}
[28.527461] (rplidar_ros) StderrLine: {'line': b'  324 |     sl_u8  payload[\x1b[01;35m\x1b[K0\x1b[m\x1b[K];\n'}
[28.527718] (-) TimerEvent: {}
[28.528031] (rplidar_ros) StderrLine: {'line': b'      |                    \x1b[01;35m\x1b[K^\x1b[m\x1b[K\n'}
[28.563654] (rplidar_ros) StderrLine: {'line': b'In file included from \x1b[01m\x1b[K/home/rpd/Nav2/src/rplidar_ros/sdk/include/rplidar_protocol.h:36\x1b[m\x1b[K,\n'}
[28.564234] (rplidar_ros) StderrLine: {'line': b'                 from \x1b[01m\x1b[K/home/rpd/Nav2/src/rplidar_ros/sdk/include/rplidar.h:39\x1b[m\x1b[K,\n'}
[28.564538] (rplidar_ros) StderrLine: {'line': b'                 from \x1b[01m\x1b[K/home/rpd/Nav2/src/rplidar_ros/sdk/src/sdkcommon.h:49\x1b[m\x1b[K,\n'}
[28.564812] (rplidar_ros) StderrLine: {'line': b'                 from \x1b[01m\x1b[K/home/rpd/Nav2/src/rplidar_ros/sdk/src/dataunpacker/unpacker/../dataunnpacker_commondef.h:41\x1b[m\x1b[K,\n'}
[28.565081] (rplidar_ros) StderrLine: {'line': b'                 from \x1b[01m\x1b[K/home/rpd/Nav2/src/rplidar_ros/sdk/src/dataunpacker/unpacker/handler_hqnode.cpp:39\x1b[m\x1b[K:\n'}
[28.565277] (rplidar_ros) StderrLine: {'line': b'\x1b[01m\x1b[K/home/rpd/Nav2/src/rplidar_ros/sdk/include/sl_lidar_protocol.h:66:16:\x1b[m\x1b[K \x1b[01;35m\x1b[Kwarning: \x1b[m\x1b[KISO C++ forbids zero-size array \xe2\x80\x98\x1b[01m\x1b[Kdata\x1b[m\x1b[K\xe2\x80\x99 [\x1b[01;35m\x1b[K\x1b]8;;https://gcc.gnu.org/onlinedocs/gcc/Warning-Options.html#index-Wpedantic\x07-Wpedantic\x1b]8;;\x07\x1b[m\x1b[K]\n'}
[28.565546] (rplidar_ros) StderrLine: {'line': b'   66 |     sl_u8 data[\x1b[01;35m\x1b[K0\x1b[m\x1b[K];\n'}
[28.565852] (rplidar_ros) StderrLine: {'line': b'      |                \x1b[01;35m\x1b[K^\x1b[m\x1b[K\n'}
[28.566055] (rplidar_ros) StderrLine: {'line': b'In file included from \x1b[01m\x1b[K/home/rpd/Nav2/src/rplidar_ros/sdk/include/rplidar_cmd.h:36\x1b[m\x1b[K,\n'}
[28.566260] (rplidar_ros) StderrLine: {'line': b'                 from \x1b[01m\x1b[K/home/rpd/Nav2/src/rplidar_ros/sdk/include/rplidar.h:40\x1b[m\x1b[K:\n'}
[28.566453] (rplidar_ros) StderrLine: {'line': b'\x1b[01m\x1b[K/home/rpd/Nav2/src/rplidar_ros/sdk/include/sl_lidar_cmd.h:324:20:\x1b[m\x1b[K \x1b[01;35m\x1b[Kwarning: \x1b[m\x1b[KISO C++ forbids zero-size array \xe2\x80\x98\x1b[01m\x1b[Kpayload\x1b[m\x1b[K\xe2\x80\x99 [\x1b[01;35m\x1b[K\x1b]8;;https://gcc.gnu.org/onlinedocs/gcc/Warning-Options.html#index-Wpedantic\x07-Wpedantic\x1b]8;;\x07\x1b[m\x1b[K]\n'}
[28.566682] (rplidar_ros) StderrLine: {'line': b'  324 |     sl_u8  payload[\x1b[01;35m\x1b[K0\x1b[m\x1b[K];\n'}
[28.566860] (rplidar_ros) StderrLine: {'line': b'      |                    \x1b[01;35m\x1b[K^\x1b[m\x1b[K\n'}
[28.629618] (-) TimerEvent: {}
[28.734648] (-) TimerEvent: {}
[28.835205] (-) TimerEvent: {}
[28.935795] (-) TimerEvent: {}
[28.954635] (explore_lite) StdoutLine: {'line': b'-- Found Python3: /usr/bin/python3 (found version "3.12.3") found components: Interpreter \n'}
[29.038766] (-) TimerEvent: {}
[29.140651] (-) TimerEvent: {}
[29.241632] (-) TimerEvent: {}
[29.269176] (rplidar_ros) StderrLine: {'line': b'In file included from \x1b[01m\x1b[K/home/rpd/Nav2/src/rplidar_ros/sdk/src/dataunpacker/unpacker/handler_hqnode.cpp:40\x1b[m\x1b[K:\n'}
[29.269731] (rplidar_ros) StderrLine: {'line': b'\x1b[01m\x1b[K/home/rpd/Nav2/src/rplidar_ros/sdk/src/dataunpacker/unpacker/../dataunpacker.h:\x1b[m\x1b[K In member function \xe2\x80\x98\x1b[01m\x1b[Kvirtual void sl::internal::LIDARSampleDataListener::\x1b[01;32m\x1b[KonCustomSampleDataDecoded\x1b[m\x1b[K(_u8, _u32, const void*, size_t)\x1b[m\x1b[K\xe2\x80\x99:\n'}
[29.270141] (rplidar_ros) StderrLine: {'line': b'\x1b[01m\x1b[K/home/rpd/Nav2/src/rplidar_ros/sdk/src/dataunpacker/unpacker/../dataunpacker.h:54:52:\x1b[m\x1b[K \x1b[01;35m\x1b[Kwarning: \x1b[m\x1b[Kunused parameter \xe2\x80\x98\x1b[01m\x1b[KansType\x1b[m\x1b[K\xe2\x80\x99 [\x1b[01;35m\x1b[K\x1b]8;;https://gcc.gnu.org/onlinedocs/gcc/Warning-Options.html#index-Wunused-parameter\x07-Wunused-parameter\x1b]8;;\x07\x1b[m\x1b[K]\n'}
[29.270470] (rplidar_ros) StderrLine: {'line': b'   54 | stomSampleDataDecoded(\x1b[01;35m\x1b[K_u8 ansType\x1b[m\x1b[K, _u32 customCode, const void* data, size_t size) {}\n'}
[29.270810] (rplidar_ros) StderrLine: {'line': b'      |                       \x1b[01;35m\x1b[K~~~~^~~~~~~\x1b[m\x1b[K\n'}
[29.271084] (rplidar_ros) StderrLine: {'line': b'\n'}
[29.271576] (rplidar_ros) StderrLine: {'line': b'\x1b[01m\x1b[K/home/rpd/Nav2/src/rplidar_ros/sdk/src/dataunpacker/unpacker/../dataunpacker.h:54:66:\x1b[m\x1b[K \x1b[01;35m\x1b[Kwarning: \x1b[m\x1b[Kunused parameter \xe2\x80\x98\x1b[01m\x1b[KcustomCode\x1b[m\x1b[K\xe2\x80\x99 [\x1b[01;35m\x1b[K\x1b]8;;https://gcc.gnu.org/onlinedocs/gcc/Warning-Options.html#index-Wunused-parameter\x07-Wunused-parameter\x1b]8;;\x07\x1b[m\x1b[K]\n'}
[29.272024] (rplidar_ros) StderrLine: {'line': b'   54 | Decoded(_u8 ansType, \x1b[01;35m\x1b[K_u32 customCode\x1b[m\x1b[K, const void* data, size_t size) {}\n'}
[29.272207] (rplidar_ros) StderrLine: {'line': b'      |                      \x1b[01;35m\x1b[K~~~~~^~~~~~~~~~\x1b[m\x1b[K\n'}
[29.272317] (rplidar_ros) StderrLine: {'line': b'\n'}
[29.272408] (rplidar_ros) StderrLine: {'line': b'\x1b[01m\x1b[K/home/rpd/Nav2/src/rplidar_ros/sdk/src/dataunpacker/unpacker/../dataunpacker.h:54:90:\x1b[m\x1b[K \x1b[01;35m\x1b[Kwarning: \x1b[m\x1b[Kunused parameter \xe2\x80\x98\x1b[01m\x1b[Kdata\x1b[m\x1b[K\xe2\x80\x99 [\x1b[01;35m\x1b[K\x1b]8;;https://gcc.gnu.org/onlinedocs/gcc/Warning-Options.html#index-Wunused-parameter\x07-Wunused-parameter\x1b]8;;\x07\x1b[m\x1b[K]\n'}
[29.273742] (rplidar_ros) StderrLine: {'line': b'   54 | 2 customCode, \x1b[01;35m\x1b[Kconst void* data\x1b[m\x1b[K, size_t size) {}\n'}
[29.274074] (rplidar_ros) StderrLine: {'line': b'      |               \x1b[01;35m\x1b[K~~~~~~~~~~~~^~~~\x1b[m\x1b[K\n'}
[29.274201] (rplidar_ros) StderrLine: {'line': b'\n'}
[29.274312] (rplidar_ros) StderrLine: {'line': b'\x1b[01m\x1b[K/home/rpd/Nav2/src/rplidar_ros/sdk/src/dataunpacker/unpacker/../dataunpacker.h:54:103:\x1b[m\x1b[K \x1b[01;35m\x1b[Kwarning: \x1b[m\x1b[Kunused parameter \xe2\x80\x98\x1b[01m\x1b[Ksize\x1b[m\x1b[K\xe2\x80\x99 [\x1b[01;35m\x1b[K\x1b]8;;https://gcc.gnu.org/onlinedocs/gcc/Warning-Options.html#index-Wunused-parameter\x07-Wunused-parameter\x1b]8;;\x07\x1b[m\x1b[K]\n'}
[29.274530] (rplidar_ros) StderrLine: {'line': b'   54 | de, const void* data, \x1b[01;35m\x1b[Ksize_t size\x1b[m\x1b[K) {}\n'}
[29.274698] (rplidar_ros) StderrLine: {'line': b'      |                       \x1b[01;35m\x1b[K~~~~~~~^~~~\x1b[m\x1b[K\n'}
[29.274794] (rplidar_ros) StderrLine: {'line': b'\n'}
[29.274885] (rplidar_ros) StderrLine: {'line': b'\x1b[01m\x1b[K/home/rpd/Nav2/src/rplidar_ros/sdk/src/dataunpacker/unpacker/../dataunpacker.h:\x1b[m\x1b[K In member function \xe2\x80\x98\x1b[01m\x1b[Kvirtual void sl::internal::LIDARSampleDataListener::\x1b[01;32m\x1b[KonDecodingError\x1b[m\x1b[K(int, _u8, const void*, size_t)\x1b[m\x1b[K\xe2\x80\x99:\n'}
[29.274986] (rplidar_ros) StderrLine: {'line': b'\x1b[01m\x1b[K/home/rpd/Nav2/src/rplidar_ros/sdk/src/dataunpacker/unpacker/../dataunpacker.h:56:42:\x1b[m\x1b[K \x1b[01;35m\x1b[Kwarning: \x1b[m\x1b[Kunused parameter \xe2\x80\x98\x1b[01m\x1b[KerrMsg\x1b[m\x1b[K\xe2\x80\x99 [\x1b[01;35m\x1b[K\x1b]8;;https://gcc.gnu.org/onlinedocs/gcc/Warning-Options.html#index-Wunused-parameter\x07-Wunused-parameter\x1b]8;;\x07\x1b[m\x1b[K]\n'}
[29.275125] (rplidar_ros) StderrLine: {'line': b'   56 |  void onDecodingError(\x1b[01;35m\x1b[Kint errMsg\x1b[m\x1b[K, _u8 ansType, const void* payload, size_t size) {}\n'}
[29.275222] (rplidar_ros) StderrLine: {'line': b'      |                       \x1b[01;35m\x1b[K~~~~^~~~~~\x1b[m\x1b[K\n'}
[29.275310] (rplidar_ros) StderrLine: {'line': b'\n'}
[29.275397] (rplidar_ros) StderrLine: {'line': b'\x1b[01m\x1b[K/home/rpd/Nav2/src/rplidar_ros/sdk/src/dataunpacker/unpacker/../dataunpacker.h:56:54:\x1b[m\x1b[K \x1b[01;35m\x1b[Kwarning: \x1b[m\x1b[Kunused parameter \xe2\x80\x98\x1b[01m\x1b[KansType\x1b[m\x1b[K\xe2\x80\x99 [\x1b[01;35m\x1b[K\x1b]8;;https://gcc.gnu.org/onlinedocs/gcc/Warning-Options.html#index-Wunused-parameter\x07-Wunused-parameter\x1b]8;;\x07\x1b[m\x1b[K]\n'}
[29.275506] (rplidar_ros) StderrLine: {'line': b'   56 | dingError(int errMsg, \x1b[01;35m\x1b[K_u8 ansType\x1b[m\x1b[K, const void* payload, size_t size) {}\n'}
[29.275641] (rplidar_ros) StderrLine: {'line': b'      |                       \x1b[01;35m\x1b[K~~~~^~~~~~~\x1b[m\x1b[K\n'}
[29.275737] (rplidar_ros) StderrLine: {'line': b'\n'}
[29.275826] (rplidar_ros) StderrLine: {'line': b'\x1b[01m\x1b[K/home/rpd/Nav2/src/rplidar_ros/sdk/src/dataunpacker/unpacker/../dataunpacker.h:56:75:\x1b[m\x1b[K \x1b[01;35m\x1b[Kwarning: \x1b[m\x1b[Kunused parameter \xe2\x80\x98\x1b[01m\x1b[Kpayload\x1b[m\x1b[K\xe2\x80\x99 [\x1b[01;35m\x1b[K\x1b]8;;https://gcc.gnu.org/onlinedocs/gcc/Warning-Options.html#index-Wunused-parameter\x07-Wunused-parameter\x1b]8;;\x07\x1b[m\x1b[K]\n'}
[29.275918] (rplidar_ros) StderrLine: {'line': b'   56 |  _u8 ansType, \x1b[01;35m\x1b[Kconst void* payload\x1b[m\x1b[K, size_t size) {}\n'}
[29.275999] (rplidar_ros) StderrLine: {'line': b'      |               \x1b[01;35m\x1b[K~~~~~~~~~~~~^~~~~~~\x1b[m\x1b[K\n'}
[29.276082] (rplidar_ros) StderrLine: {'line': b'\n'}
[29.276176] (rplidar_ros) StderrLine: {'line': b'\x1b[01m\x1b[K/home/rpd/Nav2/src/rplidar_ros/sdk/src/dataunpacker/unpacker/../dataunpacker.h:56:91:\x1b[m\x1b[K \x1b[01;35m\x1b[Kwarning: \x1b[m\x1b[Kunused parameter \xe2\x80\x98\x1b[01m\x1b[Ksize\x1b[m\x1b[K\xe2\x80\x99 [\x1b[01;35m\x1b[K\x1b]8;;https://gcc.gnu.org/onlinedocs/gcc/Warning-Options.html#index-Wunused-parameter\x07-Wunused-parameter\x1b]8;;\x07\x1b[m\x1b[K]\n'}
[29.276282] (rplidar_ros) StderrLine: {'line': b'   56 |  const void* payload, \x1b[01;35m\x1b[Ksize_t size\x1b[m\x1b[K) {}\n'}
[29.276450] (rplidar_ros) StderrLine: {'line': b'      |                       \x1b[01;35m\x1b[K~~~~~~~^~~~\x1b[m\x1b[K\n'}
[29.279959] (rplidar_ros) StderrLine: {'line': b'\n'}
[29.284814] (rplidar_ros) StderrLine: {'line': b'In file included from \x1b[01m\x1b[K/home/rpd/Nav2/src/rplidar_ros/sdk/src/dataunpacker/unpacker/handler_hqnode.cpp:40\x1b[m\x1b[K:\n'}
[29.285243] (rplidar_ros) StderrLine: {'line': b'\x1b[01m\x1b[K/home/rpd/Nav2/src/rplidar_ros/sdk/src/dataunpacker/unpacker/../dataunpacker.h:\x1b[m\x1b[K In member function \xe2\x80\x98\x1b[01m\x1b[Kvirtual void sl::internal::LIDARSampleDataListener::\x1b[01;32m\x1b[KonCustomSampleDataDecoded\x1b[m\x1b[K(_u8, _u32, const void*, size_t)\x1b[m\x1b[K\xe2\x80\x99:\n'}
[29.285431] (rplidar_ros) StderrLine: {'line': b'\x1b[01m\x1b[K/home/rpd/Nav2/src/rplidar_ros/sdk/src/dataunpacker/unpacker/../dataunpacker.h:54:52:\x1b[m\x1b[K \x1b[01;35m\x1b[Kwarning: \x1b[m\x1b[Kunused parameter \xe2\x80\x98\x1b[01m\x1b[KansType\x1b[m\x1b[K\xe2\x80\x99 [\x1b[01;35m\x1b[K\x1b]8;;https://gcc.gnu.org/onlinedocs/gcc/Warning-Options.html#index-Wunused-parameter\x07-Wunused-parameter\x1b]8;;\x07\x1b[m\x1b[K]\n'}
[29.285610] (rplidar_ros) StderrLine: {'line': b'   54 |         virtual void onCustomSampleDataDecoded(\x1b[01;35m\x1b[K_u8 ansType\x1b[m\x1b[K, _u32 customCode, const void* data, size_t size) {}\n'}
[29.285753] (rplidar_ros) StderrLine: {'line': b'      |                                                \x1b[01;35m\x1b[K~~~~^~~~~~~\x1b[m\x1b[K\n'}
[29.285873] (rplidar_ros) StderrLine: {'line': b'\x1b[01m\x1b[K/home/rpd/Nav2/src/rplidar_ros/sdk/src/dataunpacker/unpacker/../dataunpacker.h:54:66:\x1b[m\x1b[K \x1b[01;35m\x1b[Kwarning: \x1b[m\x1b[Kunused parameter \xe2\x80\x98\x1b[01m\x1b[KcustomCode\x1b[m\x1b[K\xe2\x80\x99 [\x1b[01;35m\x1b[K\x1b]8;;https://gcc.gnu.org/onlinedocs/gcc/Warning-Options.html#index-Wunused-parameter\x07-Wunused-parameter\x1b]8;;\x07\x1b[m\x1b[K]\n'}
[29.286023] (rplidar_ros) StderrLine: {'line': b'   54 |         virtual void onCustomSampleDataDecoded(_u8 ansType, \x1b[01;35m\x1b[K_u32 customCode\x1b[m\x1b[K, const void* data, size_t size) {}\n'}
[29.286149] (rplidar_ros) StderrLine: {'line': b'      |                                                             \x1b[01;35m\x1b[K~~~~~^~~~~~~~~~\x1b[m\x1b[K\n'}
[29.286291] (rplidar_ros) StderrLine: {'line': b'\x1b[01m\x1b[K/home/rpd/Nav2/src/rplidar_ros/sdk/src/dataunpacker/unpacker/../dataunpacker.h:54:90:\x1b[m\x1b[K \x1b[01;35m\x1b[Kwarning: \x1b[m\x1b[Kunused parameter \xe2\x80\x98\x1b[01m\x1b[Kdata\x1b[m\x1b[K\xe2\x80\x99 [\x1b[01;35m\x1b[K\x1b]8;;https://gcc.gnu.org/onlinedocs/gcc/Warning-Options.html#index-Wunused-parameter\x07-Wunused-parameter\x1b]8;;\x07\x1b[m\x1b[K]\n'}
[29.286453] (rplidar_ros) StderrLine: {'line': b'   54 |         virtual void onCustomSampleDataDecoded(_u8 ansType, _u32 customCode, \x1b[01;35m\x1b[Kconst void* data\x1b[m\x1b[K, size_t size) {}\n'}
[29.286652] (rplidar_ros) StderrLine: {'line': b'      |                                                                              \x1b[01;35m\x1b[K~~~~~~~~~~~~^~~~\x1b[m\x1b[K\n'}
[29.286868] (rplidar_ros) StderrLine: {'line': b'\x1b[01m\x1b[K/home/rpd/Nav2/src/rplidar_ros/sdk/src/dataunpacker/unpacker/../dataunpacker.h:54:103:\x1b[m\x1b[K \x1b[01;35m\x1b[Kwarning: \x1b[m\x1b[Kunused parameter \xe2\x80\x98\x1b[01m\x1b[Ksize\x1b[m\x1b[K\xe2\x80\x99 [\x1b[01;35m\x1b[K\x1b]8;;https://gcc.gnu.org/onlinedocs/gcc/Warning-Options.html#index-Wunused-parameter\x07-Wunused-parameter\x1b]8;;\x07\x1b[m\x1b[K]\n'}
[29.287012] (rplidar_ros) StderrLine: {'line': b'   54 |         virtual void onCustomSampleDataDecoded(_u8 ansType, _u32 customCode, const void* data, \x1b[01;35m\x1b[Ksize_t size\x1b[m\x1b[K) {}\n'}
[29.287136] (rplidar_ros) StderrLine: {'line': b'      |                                                                                                \x1b[01;35m\x1b[K~~~~~~~^~~~\x1b[m\x1b[K\n'}
[29.287273] (rplidar_ros) StderrLine: {'line': b'\x1b[01m\x1b[K/home/rpd/Nav2/src/rplidar_ros/sdk/src/dataunpacker/unpacker/../dataunpacker.h:\x1b[m\x1b[K In member function \xe2\x80\x98\x1b[01m\x1b[Kvirtual void sl::internal::LIDARSampleDataListener::\x1b[01;32m\x1b[KonDecodingError\x1b[m\x1b[K(int, _u8, const void*, size_t)\x1b[m\x1b[K\xe2\x80\x99:\n'}
[29.287413] (rplidar_ros) StderrLine: {'line': b'\x1b[01m\x1b[K/home/rpd/Nav2/src/rplidar_ros/sdk/src/dataunpacker/unpacker/../dataunpacker.h:56:42:\x1b[m\x1b[K \x1b[01;35m\x1b[Kwarning: \x1b[m\x1b[Kunused parameter \xe2\x80\x98\x1b[01m\x1b[KerrMsg\x1b[m\x1b[K\xe2\x80\x99 [\x1b[01;35m\x1b[K\x1b]8;;https://gcc.gnu.org/onlinedocs/gcc/Warning-Options.html#index-Wunused-parameter\x07-Wunused-parameter\x1b]8;;\x07\x1b[m\x1b[K]\n'}
[29.292091] (rplidar_ros) StderrLine: {'line': b'   56 |         virtual void onDecodingError(\x1b[01;35m\x1b[Kint errMsg\x1b[m\x1b[K, _u8 ansType, const void* payload, size_t size) {}\n'}
[29.292302] (rplidar_ros) StderrLine: {'line': b'      |                                      \x1b[01;35m\x1b[K~~~~^~~~~~\x1b[m\x1b[K\n'}
[29.292463] (rplidar_ros) StderrLine: {'line': b'\x1b[01m\x1b[K/home/rpd/Nav2/src/rplidar_ros/sdk/src/dataunpacker/unpacker/../dataunpacker.h:56:54:\x1b[m\x1b[K \x1b[01;35m\x1b[Kwarning: \x1b[m\x1b[Kunused parameter \xe2\x80\x98\x1b[01m\x1b[KansType\x1b[m\x1b[K\xe2\x80\x99 [\x1b[01;35m\x1b[K\x1b]8;;https://gcc.gnu.org/onlinedocs/gcc/Warning-Options.html#index-Wunused-parameter\x07-Wunused-parameter\x1b]8;;\x07\x1b[m\x1b[K]\n'}
[29.292655] (rplidar_ros) StderrLine: {'line': b'   56 |         virtual void onDecodingError(int errMsg, \x1b[01;35m\x1b[K_u8 ansType\x1b[m\x1b[K, const void* payload, size_t size) {}\n'}
[29.292803] (rplidar_ros) StderrLine: {'line': b'      |                                                  \x1b[01;35m\x1b[K~~~~^~~~~~~\x1b[m\x1b[K\n'}
[29.292972] (rplidar_ros) StderrLine: {'line': b'\x1b[01m\x1b[K/home/rpd/Nav2/src/rplidar_ros/sdk/src/dataunpacker/unpacker/../dataunpacker.h:56:75:\x1b[m\x1b[K \x1b[01;35m\x1b[Kwarning: \x1b[m\x1b[Kunused parameter \xe2\x80\x98\x1b[01m\x1b[Kpayload\x1b[m\x1b[K\xe2\x80\x99 [\x1b[01;35m\x1b[K\x1b]8;;https://gcc.gnu.org/onlinedocs/gcc/Warning-Options.html#index-Wunused-parameter\x07-Wunused-parameter\x1b]8;;\x07\x1b[m\x1b[K]\n'}
[29.293110] (rplidar_ros) StderrLine: {'line': b'   56 |         virtual void onDecodingError(int errMsg, _u8 ansType, \x1b[01;35m\x1b[Kconst void* payload\x1b[m\x1b[K, size_t size) {}\n'}
[29.293306] (rplidar_ros) StderrLine: {'line': b'      |                                                               \x1b[01;35m\x1b[K~~~~~~~~~~~~^~~~~~~\x1b[m\x1b[K\n'}
[29.293465] (rplidar_ros) StderrLine: {'line': b'\x1b[01m\x1b[K/home/rpd/Nav2/src/rplidar_ros/sdk/src/dataunpacker/unpacker/../dataunpacker.h:56:91:\x1b[m\x1b[K \x1b[01;35m\x1b[Kwarning: \x1b[m\x1b[Kunused parameter \xe2\x80\x98\x1b[01m\x1b[Ksize\x1b[m\x1b[K\xe2\x80\x99 [\x1b[01;35m\x1b[K\x1b]8;;https://gcc.gnu.org/onlinedocs/gcc/Warning-Options.html#index-Wunused-parameter\x07-Wunused-parameter\x1b]8;;\x07\x1b[m\x1b[K]\n'}
[29.293667] (rplidar_ros) StderrLine: {'line': b'   56 |         virtual void onDecodingError(int errMsg, _u8 ansType, const void* payload, \x1b[01;35m\x1b[Ksize_t size\x1b[m\x1b[K) {}\n'}
[29.293803] (rplidar_ros) StderrLine: {'line': b'      |                                                                                    \x1b[01;35m\x1b[K~~~~~~~^~~~\x1b[m\x1b[K\n'}
[29.311637] (explore_lite) StdoutLine: {'line': b'-- Found rclcpp: 28.1.16 (/opt/ros/jazzy/share/rclcpp/cmake)\n'}
[29.341780] (-) TimerEvent: {}
[29.425222] (explore_lite) StdoutLine: {'line': b'-- Found rosidl_generator_c: 4.6.7 (/opt/ros/jazzy/share/rosidl_generator_c/cmake)\n'}
[29.443658] (-) TimerEvent: {}
[29.469122] (explore_lite) StdoutLine: {'line': b'-- Found rosidl_generator_cpp: 4.6.7 (/opt/ros/jazzy/share/rosidl_generator_cpp/cmake)\n'}
[29.520622] (explore_lite) StdoutLine: {'line': b'-- Using all available rosidl_typesupport_c: rosidl_typesupport_fastrtps_c;rosidl_typesupport_introspection_c\n'}
[29.543810] (-) TimerEvent: {}
[29.578637] (explore_lite) StdoutLine: {'line': b'-- Using all available rosidl_typesupport_cpp: rosidl_typesupport_fastrtps_cpp;rosidl_typesupport_introspection_cpp\n'}
[29.645642] (-) TimerEvent: {}
[29.715741] (rplidar_ros) StdoutLine: {'line': b'[ 44%] \x1b[32mBuilding CXX object CMakeFiles/rplidar_node.dir/sdk/src/hal/thread.cpp.o\x1b[0m\n'}
[29.745808] (-) TimerEvent: {}
[29.766740] (rplidar_ros) StderrLine: {'line': b'In file included from \x1b[01m\x1b[K/home/rpd/Nav2/src/rplidar_ros/sdk/include/rplidar_protocol.h:36\x1b[m\x1b[K,\n'}
[29.767022] (rplidar_ros) StderrLine: {'line': b'                 from \x1b[01m\x1b[K/home/rpd/Nav2/src/rplidar_ros/sdk/include/rplidar.h:39\x1b[m\x1b[K,\n'}
[29.767119] (rplidar_ros) StderrLine: {'line': b'                 from \x1b[01m\x1b[K/home/rpd/Nav2/src/rplidar_ros/sdk/src/sdkcommon.h:49\x1b[m\x1b[K,\n'}
[29.767206] (rplidar_ros) StderrLine: {'line': b'                 from \x1b[01m\x1b[K/home/rpd/Nav2/src/rplidar_ros/sdk/src/dataunpacker/unpacker/../dataunnpacker_commondef.h:41\x1b[m\x1b[K,\n'}
[29.767324] (rplidar_ros) StderrLine: {'line': b'                 from \x1b[01m\x1b[K/home/rpd/Nav2/src/rplidar_ros/sdk/src/dataunpacker/unpacker/handler_normalnode.cpp:39\x1b[m\x1b[K:\n'}
[29.767434] (rplidar_ros) StderrLine: {'line': b'\x1b[01m\x1b[K/home/rpd/Nav2/src/rplidar_ros/sdk/include/sl_lidar_protocol.h:66:16:\x1b[m\x1b[K \x1b[01;35m\x1b[Kwarning: \x1b[m\x1b[KISO C++ forbids zero-size array \xe2\x80\x98\x1b[01m\x1b[Kdata\x1b[m\x1b[K\xe2\x80\x99 [\x1b[01;35m\x1b[K\x1b]8;;https://gcc.gnu.org/onlinedocs/gcc/Warning-Options.html#index-Wpedantic\x07-Wpedantic\x1b]8;;\x07\x1b[m\x1b[K]\n'}
[29.767572] (rplidar_ros) StderrLine: {'line': b'   66 |     sl_u8 data[\x1b[01;35m\x1b[K0\x1b[m\x1b[K];\n'}
[29.767674] (rplidar_ros) StderrLine: {'line': b'      |                \x1b[01;35m\x1b[K^\x1b[m\x1b[K\n'}
[29.769646] (rplidar_ros) StderrLine: {'line': b'In file included from \x1b[01m\x1b[K/home/rpd/Nav2/src/rplidar_ros/sdk/include/rplidar_cmd.h:36\x1b[m\x1b[K,\n'}
[29.770061] (rplidar_ros) StderrLine: {'line': b'                 from \x1b[01m\x1b[K/home/rpd/Nav2/src/rplidar_ros/sdk/include/rplidar.h:40\x1b[m\x1b[K:\n'}
[29.770207] (rplidar_ros) StderrLine: {'line': b'\x1b[01m\x1b[K/home/rpd/Nav2/src/rplidar_ros/sdk/include/sl_lidar_cmd.h:324:20:\x1b[m\x1b[K \x1b[01;35m\x1b[Kwarning: \x1b[m\x1b[KISO C++ forbids zero-size array \xe2\x80\x98\x1b[01m\x1b[Kpayload\x1b[m\x1b[K\xe2\x80\x99 [\x1b[01;35m\x1b[K\x1b]8;;https://gcc.gnu.org/onlinedocs/gcc/Warning-Options.html#index-Wpedantic\x07-Wpedantic\x1b]8;;\x07\x1b[m\x1b[K]\n'}
[29.770432] (rplidar_ros) StderrLine: {'line': b'  324 |     sl_u8  payload[\x1b[01;35m\x1b[K0\x1b[m\x1b[K];\n'}
[29.774994] (rplidar_ros) StderrLine: {'line': b'      |                    \x1b[01;35m\x1b[K^\x1b[m\x1b[K\n'}
[29.848625] (-) TimerEvent: {}
[29.897755] (explore_lite) StdoutLine: {'line': b'-- Found rmw_implementation_cmake: 7.3.3 (/opt/ros/jazzy/share/rmw_implementation_cmake/cmake)\n'}
[29.928877] (explore_lite) StdoutLine: {'line': b'-- Found rmw_fastrtps_cpp: 8.4.3 (/opt/ros/jazzy/share/rmw_fastrtps_cpp/cmake)\n'}
[29.948830] (-) TimerEvent: {}
[30.017169] (rplidar_ros) StderrLine: {'line': b'In file included from \x1b[01m\x1b[K/home/rpd/Nav2/src/rplidar_ros/sdk/src/dataunpacker/unpacker/handler_normalnode.cpp:40\x1b[m\x1b[K:\n'}
[30.021827] (rplidar_ros) StderrLine: {'line': b'\x1b[01m\x1b[K/home/rpd/Nav2/src/rplidar_ros/sdk/src/dataunpacker/unpacker/../dataunpacker.h:\x1b[m\x1b[K In member function \xe2\x80\x98\x1b[01m\x1b[Kvirtual void sl::internal::LIDARSampleDataListener::\x1b[01;32m\x1b[KonCustomSampleDataDecoded\x1b[m\x1b[K(_u8, _u32, const void*, size_t)\x1b[m\x1b[K\xe2\x80\x99:\n'}
[30.022141] (rplidar_ros) StderrLine: {'line': b'\x1b[01m\x1b[K/home/rpd/Nav2/src/rplidar_ros/sdk/src/dataunpacker/unpacker/../dataunpacker.h:54:52:\x1b[m\x1b[K \x1b[01;35m\x1b[Kwarning: \x1b[m\x1b[Kunused parameter \xe2\x80\x98\x1b[01m\x1b[KansType\x1b[m\x1b[K\xe2\x80\x99 [\x1b[01;35m\x1b[K\x1b]8;;https://gcc.gnu.org/onlinedocs/gcc/Warning-Options.html#index-Wunused-parameter\x07-Wunused-parameter\x1b]8;;\x07\x1b[m\x1b[K]\n'}
[30.022254] (rplidar_ros) StderrLine: {'line': b'   54 |         virtual void onCustomSampleDataDecoded(\x1b[01;35m\x1b[K_u8 ansType\x1b[m\x1b[K, _u32 customCode, const void* data, size_t size) {}\n'}
[30.022352] (rplidar_ros) StderrLine: {'line': b'      |                                                \x1b[01;35m\x1b[K~~~~^~~~~~~\x1b[m\x1b[K\n'}
[30.022462] (rplidar_ros) StderrLine: {'line': b'\x1b[01m\x1b[K/home/rpd/Nav2/src/rplidar_ros/sdk/src/dataunpacker/unpacker/../dataunpacker.h:54:66:\x1b[m\x1b[K \x1b[01;35m\x1b[Kwarning: \x1b[m\x1b[Kunused parameter \xe2\x80\x98\x1b[01m\x1b[KcustomCode\x1b[m\x1b[K\xe2\x80\x99 [\x1b[01;35m\x1b[K\x1b]8;;https://gcc.gnu.org/onlinedocs/gcc/Warning-Options.html#index-Wunused-parameter\x07-Wunused-parameter\x1b]8;;\x07\x1b[m\x1b[K]\n'}
[30.022594] (rplidar_ros) StderrLine: {'line': b'   54 |         virtual void onCustomSampleDataDecoded(_u8 ansType, \x1b[01;35m\x1b[K_u32 customCode\x1b[m\x1b[K, const void* data, size_t size) {}\n'}
[30.022686] (rplidar_ros) StderrLine: {'line': b'      |                                                             \x1b[01;35m\x1b[K~~~~~^~~~~~~~~~\x1b[m\x1b[K\n'}
[30.022767] (rplidar_ros) StderrLine: {'line': b'\x1b[01m\x1b[K/home/rpd/Nav2/src/rplidar_ros/sdk/src/dataunpacker/unpacker/../dataunpacker.h:54:90:\x1b[m\x1b[K \x1b[01;35m\x1b[Kwarning: \x1b[m\x1b[Kunused parameter \xe2\x80\x98\x1b[01m\x1b[Kdata\x1b[m\x1b[K\xe2\x80\x99 [\x1b[01;35m\x1b[K\x1b]8;;https://gcc.gnu.org/onlinedocs/gcc/Warning-Options.html#index-Wunused-parameter\x07-Wunused-parameter\x1b]8;;\x07\x1b[m\x1b[K]\n'}
[30.022861] (rplidar_ros) StderrLine: {'line': b'   54 |         virtual void onCustomSampleDataDecoded(_u8 ansType, _u32 customCode, \x1b[01;35m\x1b[Kconst void* data\x1b[m\x1b[K, size_t size) {}\n'}
[30.022944] (rplidar_ros) StderrLine: {'line': b'      |                                                                              \x1b[01;35m\x1b[K~~~~~~~~~~~~^~~~\x1b[m\x1b[K\n'}
[30.023028] (rplidar_ros) StderrLine: {'line': b'\x1b[01m\x1b[K/home/rpd/Nav2/src/rplidar_ros/sdk/src/dataunpacker/unpacker/../dataunpacker.h:54:103:\x1b[m\x1b[K \x1b[01;35m\x1b[Kwarning: \x1b[m\x1b[Kunused parameter \xe2\x80\x98\x1b[01m\x1b[Ksize\x1b[m\x1b[K\xe2\x80\x99 [\x1b[01;35m\x1b[K\x1b]8;;https://gcc.gnu.org/onlinedocs/gcc/Warning-Options.html#index-Wunused-parameter\x07-Wunused-parameter\x1b]8;;\x07\x1b[m\x1b[K]\n'}
[30.023112] (rplidar_ros) StderrLine: {'line': b'   54 |         virtual void onCustomSampleDataDecoded(_u8 ansType, _u32 customCode, const void* data, \x1b[01;35m\x1b[Ksize_t size\x1b[m\x1b[K) {}\n'}
[30.023200] (rplidar_ros) StderrLine: {'line': b'      |                                                                                                \x1b[01;35m\x1b[K~~~~~~~^~~~\x1b[m\x1b[K\n'}
[30.023286] (rplidar_ros) StderrLine: {'line': b'\x1b[01m\x1b[K/home/rpd/Nav2/src/rplidar_ros/sdk/src/dataunpacker/unpacker/../dataunpacker.h:\x1b[m\x1b[K In member function \xe2\x80\x98\x1b[01m\x1b[Kvirtual void sl::internal::LIDARSampleDataListener::\x1b[01;32m\x1b[KonDecodingError\x1b[m\x1b[K(int, _u8, const void*, size_t)\x1b[m\x1b[K\xe2\x80\x99:\n'}
[30.023371] (rplidar_ros) StderrLine: {'line': b'\x1b[01m\x1b[K/home/rpd/Nav2/src/rplidar_ros/sdk/src/dataunpacker/unpacker/../dataunpacker.h:56:42:\x1b[m\x1b[K \x1b[01;35m\x1b[Kwarning: \x1b[m\x1b[Kunused parameter \xe2\x80\x98\x1b[01m\x1b[KerrMsg\x1b[m\x1b[K\xe2\x80\x99 [\x1b[01;35m\x1b[K\x1b]8;;https://gcc.gnu.org/onlinedocs/gcc/Warning-Options.html#index-Wunused-parameter\x07-Wunused-parameter\x1b]8;;\x07\x1b[m\x1b[K]\n'}
[30.023457] (rplidar_ros) StderrLine: {'line': b'   56 |         virtual void onDecodingError(\x1b[01;35m\x1b[Kint errMsg\x1b[m\x1b[K, _u8 ansType, const void* payload, size_t size) {}\n'}
[30.023584] (rplidar_ros) StderrLine: {'line': b'      |                                      \x1b[01;35m\x1b[K~~~~^~~~~~\x1b[m\x1b[K\n'}
[30.023681] (rplidar_ros) StderrLine: {'line': b'\x1b[01m\x1b[K/home/rpd/Nav2/src/rplidar_ros/sdk/src/dataunpacker/unpacker/../dataunpacker.h:56:54:\x1b[m\x1b[K \x1b[01;35m\x1b[Kwarning: \x1b[m\x1b[Kunused parameter \xe2\x80\x98\x1b[01m\x1b[KansType\x1b[m\x1b[K\xe2\x80\x99 [\x1b[01;35m\x1b[K\x1b]8;;https://gcc.gnu.org/onlinedocs/gcc/Warning-Options.html#index-Wunused-parameter\x07-Wunused-parameter\x1b]8;;\x07\x1b[m\x1b[K]\n'}
[30.023781] (rplidar_ros) StderrLine: {'line': b'   56 |         virtual void onDecodingError(int errMsg, \x1b[01;35m\x1b[K_u8 ansType\x1b[m\x1b[K, const void* payload, size_t size) {}\n'}
[30.023884] (rplidar_ros) StderrLine: {'line': b'      |                                                  \x1b[01;35m\x1b[K~~~~^~~~~~~\x1b[m\x1b[K\n'}
[30.023979] (rplidar_ros) StderrLine: {'line': b'\x1b[01m\x1b[K/home/rpd/Nav2/src/rplidar_ros/sdk/src/dataunpacker/unpacker/../dataunpacker.h:56:75:\x1b[m\x1b[K \x1b[01;35m\x1b[Kwarning: \x1b[m\x1b[Kunused parameter \xe2\x80\x98\x1b[01m\x1b[Kpayload\x1b[m\x1b[K\xe2\x80\x99 [\x1b[01;35m\x1b[K\x1b]8;;https://gcc.gnu.org/onlinedocs/gcc/Warning-Options.html#index-Wunused-parameter\x07-Wunused-parameter\x1b]8;;\x07\x1b[m\x1b[K]\n'}
[30.024061] (rplidar_ros) StderrLine: {'line': b'   56 |         virtual void onDecodingError(int errMsg, _u8 ansType, \x1b[01;35m\x1b[Kconst void* payload\x1b[m\x1b[K, size_t size) {}\n'}
[30.024138] (rplidar_ros) StderrLine: {'line': b'      |                                                               \x1b[01;35m\x1b[K~~~~~~~~~~~~^~~~~~~\x1b[m\x1b[K\n'}
[30.024228] (rplidar_ros) StderrLine: {'line': b'\x1b[01m\x1b[K/home/rpd/Nav2/src/rplidar_ros/sdk/src/dataunpacker/unpacker/../dataunpacker.h:56:91:\x1b[m\x1b[K \x1b[01;35m\x1b[Kwarning: \x1b[m\x1b[Kunused parameter \xe2\x80\x98\x1b[01m\x1b[Ksize\x1b[m\x1b[K\xe2\x80\x99 [\x1b[01;35m\x1b[K\x1b]8;;https://gcc.gnu.org/onlinedocs/gcc/Warning-Options.html#index-Wunused-parameter\x07-Wunused-parameter\x1b]8;;\x07\x1b[m\x1b[K]\n'}
[30.024319] (rplidar_ros) StderrLine: {'line': b'   56 |         virtual void onDecodingError(int errMsg, _u8 ansType, const void* payload, \x1b[01;35m\x1b[Ksize_t size\x1b[m\x1b[K) {}\n'}
[30.024400] (rplidar_ros) StderrLine: {'line': b'      |                                                                                    \x1b[01;35m\x1b[K~~~~~~~^~~~\x1b[m\x1b[K\n'}
[30.054697] (-) TimerEvent: {}
[30.092626] (rplidar_ros) StdoutLine: {'line': b'[ 47%] \x1b[32mBuilding CXX object CMakeFiles/rplidar_composition.dir/sdk/src/dataunpacker/unpacker/handler_normalnode.cpp.o\x1b[0m\n'}
[30.154846] (-) TimerEvent: {}
[30.256678] (-) TimerEvent: {}
[30.362656] (-) TimerEvent: {}
[30.460734] (explore_lite) StdoutLine: {'line': b'-- Found OpenSSL: /usr/lib/aarch64-linux-gnu/libcrypto.so (found version "3.0.13")  \n'}
[30.464653] (-) TimerEvent: {}
[30.537265] (rplidar_ros) StdoutLine: {'line': b'[ 50%] \x1b[32mBuilding CXX object CMakeFiles/rplidar_node.dir/sdk/src/rplidar_driver.cpp.o\x1b[0m\n'}
[30.564826] (-) TimerEvent: {}
[30.580292] (explore_lite) StdoutLine: {'line': b'-- Found FastRTPS: /opt/ros/jazzy/include (Required is at least version "2.13") \n'}
[30.664980] (-) TimerEvent: {}
[30.734898] (explore_lite) StdoutLine: {'line': b"-- Using RMW implementation 'rmw_fastrtps_cpp' as default\n"}
[30.765145] (-) TimerEvent: {}
[30.869651] (-) TimerEvent: {}
[30.971647] (-) TimerEvent: {}
[31.076624] (-) TimerEvent: {}
[31.177356] (-) TimerEvent: {}
[31.278186] (-) TimerEvent: {}
[31.327747] (explore_lite) StdoutLine: {'line': b'-- Found std_msgs: 5.3.6 (/opt/ros/jazzy/share/std_msgs/cmake)\n'}
[31.380615] (-) TimerEvent: {}
[31.436726] (rplidar_ros) StderrLine: {'line': b'In file included from \x1b[01m\x1b[K/home/rpd/Nav2/src/rplidar_ros/sdk/include/rplidar_protocol.h:36\x1b[m\x1b[K,\n'}
[31.437091] (rplidar_ros) StderrLine: {'line': b'                 from \x1b[01m\x1b[K/home/rpd/Nav2/src/rplidar_ros/sdk/include/rplidar.h:39\x1b[m\x1b[K,\n'}
[31.437220] (rplidar_ros) StderrLine: {'line': b'                 from \x1b[01m\x1b[K/home/rpd/Nav2/src/rplidar_ros/sdk/src/sdkcommon.h:49\x1b[m\x1b[K,\n'}
[31.437319] (rplidar_ros) StderrLine: {'line': b'                 from \x1b[01m\x1b[K/home/rpd/Nav2/src/rplidar_ros/sdk/src/rplidar_driver.cpp:33\x1b[m\x1b[K:\n'}
[31.437413] (rplidar_ros) StderrLine: {'line': b'\x1b[01m\x1b[K/home/rpd/Nav2/src/rplidar_ros/sdk/include/sl_lidar_protocol.h:66:16:\x1b[m\x1b[K \x1b[01;35m\x1b[Kwarning: \x1b[m\x1b[KISO C++ forbids zero-size array \xe2\x80\x98\x1b[01m\x1b[Kdata\x1b[m\x1b[K\xe2\x80\x99 [\x1b[01;35m\x1b[K\x1b]8;;https://gcc.gnu.org/onlinedocs/gcc/Warning-Options.html#index-Wpedantic\x07-Wpedantic\x1b]8;;\x07\x1b[m\x1b[K]\n'}
[31.437586] (rplidar_ros) StderrLine: {'line': b'   66 |     sl_u8 data[\x1b[01;35m\x1b[K0\x1b[m\x1b[K];\n'}
[31.437718] (rplidar_ros) StderrLine: {'line': b'      |                \x1b[01;35m\x1b[K^\x1b[m\x1b[K\n'}
[31.437840] (rplidar_ros) StderrLine: {'line': b'In file included from \x1b[01m\x1b[K/home/rpd/Nav2/src/rplidar_ros/sdk/include/rplidar_cmd.h:36\x1b[m\x1b[K,\n'}
[31.437993] (rplidar_ros) StderrLine: {'line': b'                 from \x1b[01m\x1b[K/home/rpd/Nav2/src/rplidar_ros/sdk/include/rplidar.h:40\x1b[m\x1b[K:\n'}
[31.438154] (rplidar_ros) StderrLine: {'line': b'\x1b[01m\x1b[K/home/rpd/Nav2/src/rplidar_ros/sdk/include/sl_lidar_cmd.h:324:20:\x1b[m\x1b[K \x1b[01;35m\x1b[Kwarning: \x1b[m\x1b[KISO C++ forbids zero-size array \xe2\x80\x98\x1b[01m\x1b[Kpayload\x1b[m\x1b[K\xe2\x80\x99 [\x1b[01;35m\x1b[K\x1b]8;;https://gcc.gnu.org/onlinedocs/gcc/Warning-Options.html#index-Wpedantic\x07-Wpedantic\x1b]8;;\x07\x1b[m\x1b[K]\n'}
[31.438330] (rplidar_ros) StderrLine: {'line': b'  324 |     sl_u8  payload[\x1b[01;35m\x1b[K0\x1b[m\x1b[K];\n'}
[31.438521] (rplidar_ros) StderrLine: {'line': b'      |                    \x1b[01;35m\x1b[K^\x1b[m\x1b[K\n'}
[31.453613] (explore_lite) StdoutLine: {'line': b'-- Found sensor_msgs: 5.3.6 (/opt/ros/jazzy/share/sensor_msgs/cmake)\n'}
[31.483631] (-) TimerEvent: {}
[31.541567] (rplidar_ros) StderrLine: {'line': b'\x1b[01m\x1b[K/home/rpd/Nav2/src/rplidar_ros/sdk/src/rplidar_driver.cpp:\x1b[m\x1b[K In member function \xe2\x80\x98\x1b[01m\x1b[Ku_result rp::standalone::rplidar::RPlidarDriver::\x1b[01;32m\x1b[Kconnect\x1b[m\x1b[K(const char*, _u32, _u32)\x1b[m\x1b[K\xe2\x80\x99:\n'}
[31.549195] (rplidar_ros) StderrLine: {'line': b'\x1b[01m\x1b[K/home/rpd/Nav2/src/rplidar_ros/sdk/src/rplidar_driver.cpp:67:77:\x1b[m\x1b[K \x1b[01;35m\x1b[Kwarning: \x1b[m\x1b[Kunused parameter \xe2\x80\x98\x1b[01m\x1b[Kflag\x1b[m\x1b[K\xe2\x80\x99 [\x1b[01;35m\x1b[K\x1b]8;;https://gcc.gnu.org/onlinedocs/gcc/Warning-Options.html#index-Wunused-parameter\x07-Wunused-parameter\x1b]8;;\x07\x1b[m\x1b[K]\n'}
[31.549360] (rplidar_ros) StderrLine: {'line': b'   67 |     u_result RPlidarDriver::connect(const char *path, _u32 portOrBaud, \x1b[01;35m\x1b[K_u32 flag\x1b[m\x1b[K)\n'}
[31.549543] (rplidar_ros) StderrLine: {'line': b'      |                                                                        \x1b[01;35m\x1b[K~~~~~^~~~\x1b[m\x1b[K\n'}
[31.549722] (rplidar_ros) StderrLine: {'line': b'\x1b[01m\x1b[K/home/rpd/Nav2/src/rplidar_ros/sdk/src/rplidar_driver.cpp:\x1b[m\x1b[K In member function \xe2\x80\x98\x1b[01m\x1b[Ku_result rp::standalone::rplidar::RPlidarDriver::\x1b[01;32m\x1b[Kreset\x1b[m\x1b[K(_u32)\x1b[m\x1b[K\xe2\x80\x99:\n'}
[31.549853] (rplidar_ros) StderrLine: {'line': b'\x1b[01m\x1b[K/home/rpd/Nav2/src/rplidar_ros/sdk/src/rplidar_driver.cpp:101:40:\x1b[m\x1b[K \x1b[01;35m\x1b[Kwarning: \x1b[m\x1b[Kunused parameter \xe2\x80\x98\x1b[01m\x1b[Ktimeout\x1b[m\x1b[K\xe2\x80\x99 [\x1b[01;35m\x1b[K\x1b]8;;https://gcc.gnu.org/onlinedocs/gcc/Warning-Options.html#index-Wunused-parameter\x07-Wunused-parameter\x1b]8;;\x07\x1b[m\x1b[K]\n'}
[31.550019] (rplidar_ros) StderrLine: {'line': b'  101 |     u_result RPlidarDriver::reset(\x1b[01;35m\x1b[K_u32 timeout\x1b[m\x1b[K)\n'}
[31.550145] (rplidar_ros) StderrLine: {'line': b'      |                                   \x1b[01;35m\x1b[K~~~~~^~~~~~~\x1b[m\x1b[K\n'}
[31.550266] (rplidar_ros) StderrLine: {'line': b'\x1b[01m\x1b[K/home/rpd/Nav2/src/rplidar_ros/sdk/src/rplidar_driver.cpp:\x1b[m\x1b[K In member function \xe2\x80\x98\x1b[01m\x1b[Ku_result rp::standalone::rplidar::RPlidarDriver::\x1b[01;32m\x1b[KgetScanDataWithInterval\x1b[m\x1b[K(rplidar_response_measurement_node_t*, size_t&)\x1b[m\x1b[K\xe2\x80\x99:\n'}
[31.550387] (rplidar_ros) StderrLine: {'line': b'\x1b[01m\x1b[K/home/rpd/Nav2/src/rplidar_ros/sdk/src/rplidar_driver.cpp:180:91:\x1b[m\x1b[K \x1b[01;35m\x1b[Kwarning: \x1b[m\x1b[Kunused parameter \xe2\x80\x98\x1b[01m\x1b[Knodebuffer\x1b[m\x1b[K\xe2\x80\x99 [\x1b[01;35m\x1b[K\x1b]8;;https://gcc.gnu.org/onlinedocs/gcc/Warning-Options.html#index-Wunused-parameter\x07-Wunused-parameter\x1b]8;;\x07\x1b[m\x1b[K]\n'}
[31.550591] (rplidar_ros) StderrLine: {'line': b'  180 |     u_result RPlidarDriver::getScanDataWithInterval(\x1b[01;35m\x1b[Krplidar_response_measurement_node_t * nodebuffer\x1b[m\x1b[K, size_t & count)\n'}
[31.550752] (rplidar_ros) StderrLine: {'line': b'      |                                                     \x1b[01;35m\x1b[K~~~~~~~~~~~~~~~~~~~~~~~~~~~~~~~~~~~~~~^~~~~~~~~~\x1b[m\x1b[K\n'}
[31.550901] (rplidar_ros) StderrLine: {'line': b'\x1b[01m\x1b[K/home/rpd/Nav2/src/rplidar_ros/sdk/src/rplidar_driver.cpp:180:112:\x1b[m\x1b[K \x1b[01;35m\x1b[Kwarning: \x1b[m\x1b[Kunused parameter \xe2\x80\x98\x1b[01m\x1b[Kcount\x1b[m\x1b[K\xe2\x80\x99 [\x1b[01;35m\x1b[K\x1b]8;;https://gcc.gnu.org/onlinedocs/gcc/Warning-Options.html#index-Wunused-parameter\x07-Wunused-parameter\x1b]8;;\x07\x1b[m\x1b[K]\n'}
[31.551040] (rplidar_ros) StderrLine: {'line': b'  180 |     u_result RPlidarDriver::getScanDataWithInterval(rplidar_response_measurement_node_t * nodebuffer, \x1b[01;35m\x1b[Ksize_t & count\x1b[m\x1b[K)\n'}
[31.551174] (rplidar_ros) StderrLine: {'line': b'      |                                                                                                       \x1b[01;35m\x1b[K~~~~~~~~~^~~~~\x1b[m\x1b[K\n'}
[31.589623] (-) TimerEvent: {}
[31.690166] (-) TimerEvent: {}
[31.744427] (explore_lite) StdoutLine: {'line': b'-- Found tf2_ros: 0.36.19 (/opt/ros/jazzy/share/tf2_ros/cmake)\n'}
[31.791665] (-) TimerEvent: {}
[31.815845] (rplidar_ros) StdoutLine: {'line': b'[ 52%] \x1b[32mBuilding CXX object CMakeFiles/rplidar_node.dir/sdk/src/sl_async_transceiver.cpp.o\x1b[0m\n'}
[31.827634] (rplidar_ros) StderrLine: {'line': b'In file included from \x1b[01m\x1b[K/home/rpd/Nav2/src/rplidar_ros/sdk/include/rplidar_protocol.h:36\x1b[m\x1b[K,\n'}
[31.830635] (rplidar_ros) StderrLine: {'line': b'                 from \x1b[01m\x1b[K/home/rpd/Nav2/src/rplidar_ros/sdk/include/rplidar.h:39\x1b[m\x1b[K,\n'}
[31.831043] (rplidar_ros) StderrLine: {'line': b'                 from \x1b[01m\x1b[K/home/rpd/Nav2/src/rplidar_ros/sdk/src/sdkcommon.h:49\x1b[m\x1b[K,\n'}
[31.831231] (rplidar_ros) StderrLine: {'line': b'                 from \x1b[01m\x1b[K/home/rpd/Nav2/src/rplidar_ros/sdk/src/hal/thread.cpp:35\x1b[m\x1b[K:\n'}
[31.831392] (rplidar_ros) StderrLine: {'line': b'\x1b[01m\x1b[K/home/rpd/Nav2/src/rplidar_ros/sdk/include/sl_lidar_protocol.h:66:16:\x1b[m\x1b[K \x1b[01;35m\x1b[Kwarning: \x1b[m\x1b[KISO C++ forbids zero-size array \xe2\x80\x98\x1b[01m\x1b[Kdata\x1b[m\x1b[K\xe2\x80\x99 [\x1b[01;35m\x1b[K\x1b]8;;https://gcc.gnu.org/onlinedocs/gcc/Warning-Options.html#index-Wpedantic\x07-Wpedantic\x1b]8;;\x07\x1b[m\x1b[K]\n'}
[31.831582] (rplidar_ros) StderrLine: {'line': b'   66 |     sl_u8 data[\x1b[01;35m\x1b[K0\x1b[m\x1b[K];\n'}
[31.831759] (rplidar_ros) StderrLine: {'line': b'      |                \x1b[01;35m\x1b[K^\x1b[m\x1b[K\n'}
[31.831883] (rplidar_ros) StderrLine: {'line': b'In file included from \x1b[01m\x1b[K/home/rpd/Nav2/src/rplidar_ros/sdk/include/rplidar_cmd.h:36\x1b[m\x1b[K,\n'}
[31.832013] (rplidar_ros) StderrLine: {'line': b'                 from \x1b[01m\x1b[K/home/rpd/Nav2/src/rplidar_ros/sdk/include/rplidar.h:40\x1b[m\x1b[K:\n'}
[31.832128] (rplidar_ros) StderrLine: {'line': b'\x1b[01m\x1b[K/home/rpd/Nav2/src/rplidar_ros/sdk/include/sl_lidar_cmd.h:324:20:\x1b[m\x1b[K \x1b[01;35m\x1b[Kwarning: \x1b[m\x1b[KISO C++ forbids zero-size array \xe2\x80\x98\x1b[01m\x1b[Kpayload\x1b[m\x1b[K\xe2\x80\x99 [\x1b[01;35m\x1b[K\x1b]8;;https://gcc.gnu.org/onlinedocs/gcc/Warning-Options.html#index-Wpedantic\x07-Wpedantic\x1b]8;;\x07\x1b[m\x1b[K]\n'}
[31.832264] (rplidar_ros) StderrLine: {'line': b'  324 |     sl_u8  payload[\x1b[01;35m\x1b[K0\x1b[m\x1b[K];\n'}
[31.832393] (rplidar_ros) StderrLine: {'line': b'      |                    \x1b[01;35m\x1b[K^\x1b[m\x1b[K\n'}
[31.897608] (-) TimerEvent: {}
[31.947731] (rplidar_ros) StderrLine: {'line': b'In file included from \x1b[01m\x1b[K/home/rpd/Nav2/src/rplidar_ros/sdk/src/hal/thread.cpp:43\x1b[m\x1b[K:\n'}
[31.948286] (rplidar_ros) StderrLine: {'line': b'\x1b[01m\x1b[K/home/rpd/Nav2/src/rplidar_ros/sdk/src/arch/linux/thread.hpp:\x1b[m\x1b[K In static member function \xe2\x80\x98\x1b[01m\x1b[Kstatic rp::hal::Thread rp::hal::Thread::\x1b[01;32m\x1b[Kcreate\x1b[m\x1b[K(thread_proc_t, void*)\x1b[m\x1b[K\xe2\x80\x99:\n'}
[31.949702] (rplidar_ros) StderrLine: {'line': b'\x1b[01m\x1b[K/home/rpd/Nav2/src/rplidar_ros/sdk/src/arch/linux/thread.hpp:52:57:\x1b[m\x1b[K \x1b[01;35m\x1b[Kwarning: \x1b[m\x1b[Kcast between incompatible function types from \xe2\x80\x98\x1b[01m\x1b[Kthread_proc_t\x1b[m\x1b[K\xe2\x80\x99 {aka \xe2\x80\x98\x1b[01m\x1b[Klong unsigned int (*)(void*)\x1b[m\x1b[K\xe2\x80\x99} to \xe2\x80\x98\x1b[01m\x1b[Kvoid* (*)(void*)\x1b[m\x1b[K\xe2\x80\x99 [\x1b[01;35m\x1b[K\x1b]8;;https://gcc.gnu.org/onlinedocs/gcc/Warning-Options.html#index-Wcast-function-type\x07-Wcast-function-type\x1b]8;;\x07\x1b[m\x1b[K]\n'}
[31.950086] (rplidar_ros) StderrLine: {'line': b'   52 | *)&newborn._handle, NULL, \x1b[01;35m\x1b[K(void * (*)(void *))proc\x1b[m\x1b[K, data);\n'}
[31.950235] (rplidar_ros) StderrLine: {'line': b'      |                           \x1b[01;35m\x1b[K^~~~~~~~~~~~~~~~~~~~~~~~\x1b[m\x1b[K\n'}
[31.950373] (rplidar_ros) StderrLine: {'line': b'\n'}
[31.956768] (rplidar_ros) StderrLine: {'line': b'\x1b[01m\x1b[K/home/rpd/Nav2/src/rplidar_ros/sdk/src/arch/linux/thread.hpp:\x1b[m\x1b[K In member function \xe2\x80\x98\x1b[01m\x1b[Ku_result rp::hal::Thread::\x1b[01;32m\x1b[Kjoin\x1b[m\x1b[K(long unsigned int)\x1b[m\x1b[K\xe2\x80\x99:\n'}
[31.957113] (rplidar_ros) StderrLine: {'line': b'\x1b[01m\x1b[K/home/rpd/Nav2/src/rplidar_ros/sdk/src/arch/linux/thread.hpp:176:37:\x1b[m\x1b[K \x1b[01;35m\x1b[Kwarning: \x1b[m\x1b[Kunused parameter \xe2\x80\x98\x1b[01m\x1b[Ktimeout\x1b[m\x1b[K\xe2\x80\x99 [\x1b[01;35m\x1b[K\x1b]8;;https://gcc.gnu.org/onlinedocs/gcc/Warning-Options.html#index-Wunused-parameter\x07-Wunused-parameter\x1b]8;;\x07\x1b[m\x1b[K]\n'}
[31.957268] (rplidar_ros) StderrLine: {'line': b'  176 | t Thread::join(\x1b[01;35m\x1b[Kunsigned long timeout\x1b[m\x1b[K)\n'}
[31.957374] (rplidar_ros) StderrLine: {'line': b'      |                \x1b[01;35m\x1b[K~~~~~~~~~~~~~~^~~~~~~\x1b[m\x1b[K\n'}
[31.957473] (rplidar_ros) StderrLine: {'line': b'\n'}
[31.999676] (-) TimerEvent: {}
[32.104625] (-) TimerEvent: {}
[32.206638] (-) TimerEvent: {}
[32.307409] (-) TimerEvent: {}
[32.400711] (rplidar_ros) StdoutLine: {'line': b'[ 55%] \x1b[32mBuilding CXX object CMakeFiles/rplidar_node.dir/sdk/src/sl_crc.cpp.o\x1b[0m\n'}
[32.409636] (-) TimerEvent: {}
[32.484678] (rplidar_ros) StderrLine: {'line': b'In file included from \x1b[01m\x1b[K/home/rpd/Nav2/src/rplidar_ros/sdk/include/sl_lidar_cmd.h:41\x1b[m\x1b[K,\n'}
[32.485059] (rplidar_ros) StderrLine: {'line': b'                 from \x1b[01m\x1b[K/home/rpd/Nav2/src/rplidar_ros/sdk/include/sl_crc.h:36\x1b[m\x1b[K,\n'}
[32.485289] (rplidar_ros) StderrLine: {'line': b'                 from \x1b[01m\x1b[K/home/rpd/Nav2/src/rplidar_ros/sdk/src/sl_crc.cpp:33\x1b[m\x1b[K:\n'}
[32.485417] (rplidar_ros) StderrLine: {'line': b'\x1b[01m\x1b[K/home/rpd/Nav2/src/rplidar_ros/sdk/include/sl_lidar_protocol.h:66:16:\x1b[m\x1b[K \x1b[01;35m\x1b[Kwarning: \x1b[m\x1b[KISO C++ forbids zero-size array \xe2\x80\x98\x1b[01m\x1b[Kdata\x1b[m\x1b[K\xe2\x80\x99 [\x1b[01;35m\x1b[K\x1b]8;;https://gcc.gnu.org/onlinedocs/gcc/Warning-Options.html#index-Wpedantic\x07-Wpedantic\x1b]8;;\x07\x1b[m\x1b[K]\n'}
[32.485667] (rplidar_ros) StderrLine: {'line': b'   66 |     sl_u8 data[\x1b[01;35m\x1b[K0\x1b[m\x1b[K];\n'}
[32.485845] (rplidar_ros) StderrLine: {'line': b'      |                \x1b[01;35m\x1b[K^\x1b[m\x1b[K\n'}
[32.485966] (rplidar_ros) StderrLine: {'line': b'\x1b[01m\x1b[K/home/rpd/Nav2/src/rplidar_ros/sdk/include/sl_lidar_cmd.h:324:20:\x1b[m\x1b[K \x1b[01;35m\x1b[Kwarning: \x1b[m\x1b[KISO C++ forbids zero-size array \xe2\x80\x98\x1b[01m\x1b[Kpayload\x1b[m\x1b[K\xe2\x80\x99 [\x1b[01;35m\x1b[K\x1b]8;;https://gcc.gnu.org/onlinedocs/gcc/Warning-Options.html#index-Wpedantic\x07-Wpedantic\x1b]8;;\x07\x1b[m\x1b[K]\n'}
[32.486143] (rplidar_ros) StderrLine: {'line': b'  324 |     sl_u8  payload[\x1b[01;35m\x1b[K0\x1b[m\x1b[K];\n'}
[32.486263] (rplidar_ros) StderrLine: {'line': b'      |                    \x1b[01;35m\x1b[K^\x1b[m\x1b[K\n'}
[32.514628] (-) TimerEvent: {}
[32.533238] (rplidar_ros) StdoutLine: {'line': b'[ 57%] \x1b[32mBuilding CXX object CMakeFiles/rplidar_node.dir/sdk/src/sl_lidar_driver.cpp.o\x1b[0m\n'}
[32.589515] (explore_lite) StdoutLine: {'line': b'-- Found tf2_geometry_msgs: 0.36.19 (/opt/ros/jazzy/share/tf2_geometry_msgs/cmake)\n'}
[32.592610] (rplidar_ros) StderrLine: {'line': b'In file included from \x1b[01m\x1b[K/home/rpd/Nav2/src/rplidar_ros/sdk/include/rplidar_protocol.h:36\x1b[m\x1b[K,\n'}
[32.592934] (rplidar_ros) StderrLine: {'line': b'                 from \x1b[01m\x1b[K/home/rpd/Nav2/src/rplidar_ros/sdk/include/rplidar.h:39\x1b[m\x1b[K,\n'}
[32.593070] (rplidar_ros) StderrLine: {'line': b'                 from \x1b[01m\x1b[K/home/rpd/Nav2/src/rplidar_ros/sdk/src/sdkcommon.h:49\x1b[m\x1b[K,\n'}
[32.593214] (rplidar_ros) StderrLine: {'line': b'                 from \x1b[01m\x1b[K/home/rpd/Nav2/src/rplidar_ros/sdk/src/dataunpacker/unpacker/../dataunnpacker_commondef.h:41\x1b[m\x1b[K,\n'}
[32.593324] (rplidar_ros) StderrLine: {'line': b'                 from \x1b[01m\x1b[K/home/rpd/Nav2/src/rplidar_ros/sdk/src/dataunpacker/unpacker/handler_normalnode.cpp:39\x1b[m\x1b[K:\n'}
[32.593419] (rplidar_ros) StderrLine: {'line': b'\x1b[01m\x1b[K/home/rpd/Nav2/src/rplidar_ros/sdk/include/sl_lidar_protocol.h:66:16:\x1b[m\x1b[K \x1b[01;35m\x1b[Kwarning: \x1b[m\x1b[KISO C++ forbids zero-size array \xe2\x80\x98\x1b[01m\x1b[Kdata\x1b[m\x1b[K\xe2\x80\x99 [\x1b[01;35m\x1b[K\x1b]8;;https://gcc.gnu.org/onlinedocs/gcc/Warning-Options.html#index-Wpedantic\x07-Wpedantic\x1b]8;;\x07\x1b[m\x1b[K]\n'}
[32.593594] (rplidar_ros) StderrLine: {'line': b'   66 |     sl_u8 data[\x1b[01;35m\x1b[K0\x1b[m\x1b[K];\n'}
[32.593756] (rplidar_ros) StderrLine: {'line': b'      |                \x1b[01;35m\x1b[K^\x1b[m\x1b[K\n'}
[32.595715] (rplidar_ros) StderrLine: {'line': b'In file included from \x1b[01m\x1b[K/home/rpd/Nav2/src/rplidar_ros/sdk/include/rplidar_cmd.h:36\x1b[m\x1b[K,\n'}
[32.596002] (rplidar_ros) StderrLine: {'line': b'                 from \x1b[01m\x1b[K/home/rpd/Nav2/src/rplidar_ros/sdk/include/rplidar.h:40\x1b[m\x1b[K:\n'}
[32.596110] (rplidar_ros) StderrLine: {'line': b'\x1b[01m\x1b[K/home/rpd/Nav2/src/rplidar_ros/sdk/include/sl_lidar_cmd.h:324:20:\x1b[m\x1b[K \x1b[01;35m\x1b[Kwarning: \x1b[m\x1b[KISO C++ forbids zero-size array \xe2\x80\x98\x1b[01m\x1b[Kpayload\x1b[m\x1b[K\xe2\x80\x99 [\x1b[01;35m\x1b[K\x1b]8;;https://gcc.gnu.org/onlinedocs/gcc/Warning-Options.html#index-Wpedantic\x07-Wpedantic\x1b]8;;\x07\x1b[m\x1b[K]\n'}
[32.596204] (rplidar_ros) StderrLine: {'line': b'  324 |     sl_u8  payload[\x1b[01;35m\x1b[K0\x1b[m\x1b[K];\n'}
[32.596285] (rplidar_ros) StderrLine: {'line': b'      |                    \x1b[01;35m\x1b[K^\x1b[m\x1b[K\n'}
[32.620615] (-) TimerEvent: {}
[32.673356] (explore_lite) StdoutLine: {'line': b'-- Found eigen3_cmake_module: 0.3.0 (/opt/ros/jazzy/share/eigen3_cmake_module/cmake)\n'}
[32.681875] (explore_lite) StdoutLine: {'line': b'-- Found Eigen3: TRUE (found version "3.4.0") \n'}
[32.684689] (explore_lite) StdoutLine: {'line': b'-- Ensuring Eigen3 include directory is part of orocos-kdl CMake target\n'}
[32.706477] (explore_lite) StdoutLine: {'line': b'-- Found nav2_msgs: 1.3.10 (/opt/ros/jazzy/share/nav2_msgs/cmake)\n'}
[32.720779] (-) TimerEvent: {}
[32.745655] (multirobot_map_merge) StdoutLine: {'line': b'[ 41%] \x1b[32m\x1b[1mLinking CXX static library libgtest_main.a\x1b[0m\n'}
[32.820905] (-) TimerEvent: {}
[32.921365] (-) TimerEvent: {}
[32.969920] (multirobot_map_merge) StdoutLine: {'line': b'[ 41%] Built target gtest_main\n'}
[33.008108] (multirobot_map_merge) StdoutLine: {'line': b'[ 50%] \x1b[32mBuilding CXX object CMakeFiles/combine_grids.dir/src/combine_grids/merging_pipeline.cpp.o\x1b[0m\n'}
[33.021793] (-) TimerEvent: {}
[33.122459] (-) TimerEvent: {}
[33.172609] (rplidar_ros) StderrLine: {'line': b'In file included from \x1b[01m\x1b[K/home/rpd/Nav2/src/rplidar_ros/sdk/include/rplidar_protocol.h:36\x1b[m\x1b[K,\n'}
[33.172972] (rplidar_ros) StderrLine: {'line': b'                 from \x1b[01m\x1b[K/home/rpd/Nav2/src/rplidar_ros/sdk/include/rplidar.h:39\x1b[m\x1b[K,\n'}
[33.173094] (rplidar_ros) StderrLine: {'line': b'                 from \x1b[01m\x1b[K/home/rpd/Nav2/src/rplidar_ros/sdk/src/sdkcommon.h:49\x1b[m\x1b[K,\n'}
[33.173183] (rplidar_ros) StderrLine: {'line': b'                 from \x1b[01m\x1b[K/home/rpd/Nav2/src/rplidar_ros/sdk/src/sl_async_transceiver.cpp:35\x1b[m\x1b[K:\n'}
[33.173300] (rplidar_ros) StderrLine: {'line': b'\x1b[01m\x1b[K/home/rpd/Nav2/src/rplidar_ros/sdk/include/sl_lidar_protocol.h:66:16:\x1b[m\x1b[K \x1b[01;35m\x1b[Kwarning: \x1b[m\x1b[KISO C++ forbids zero-size array \xe2\x80\x98\x1b[01m\x1b[Kdata\x1b[m\x1b[K\xe2\x80\x99 [\x1b[01;35m\x1b[K\x1b]8;;https://gcc.gnu.org/onlinedocs/gcc/Warning-Options.html#index-Wpedantic\x07-Wpedantic\x1b]8;;\x07\x1b[m\x1b[K]\n'}
[33.173414] (rplidar_ros) StderrLine: {'line': b'   66 |     sl_u8 data[\x1b[01;35m\x1b[K0\x1b[m\x1b[K];\n'}
[33.173555] (rplidar_ros) StderrLine: {'line': b'      |                \x1b[01;35m\x1b[K^\x1b[m\x1b[K\n'}
[33.180628] (rplidar_ros) StderrLine: {'line': b'In file included from \x1b[01m\x1b[K/home/rpd/Nav2/src/rplidar_ros/sdk/include/rplidar_cmd.h:36\x1b[m\x1b[K,\n'}
[33.180945] (rplidar_ros) StderrLine: {'line': b'                 from \x1b[01m\x1b[K/home/rpd/Nav2/src/rplidar_ros/sdk/include/rplidar.h:40\x1b[m\x1b[K:\n'}
[33.181055] (rplidar_ros) StderrLine: {'line': b'\x1b[01m\x1b[K/home/rpd/Nav2/src/rplidar_ros/sdk/include/sl_lidar_cmd.h:324:20:\x1b[m\x1b[K \x1b[01;35m\x1b[Kwarning: \x1b[m\x1b[KISO C++ forbids zero-size array \xe2\x80\x98\x1b[01m\x1b[Kpayload\x1b[m\x1b[K\xe2\x80\x99 [\x1b[01;35m\x1b[K\x1b]8;;https://gcc.gnu.org/onlinedocs/gcc/Warning-Options.html#index-Wpedantic\x07-Wpedantic\x1b]8;;\x07\x1b[m\x1b[K]\n'}
[33.181155] (rplidar_ros) StderrLine: {'line': b'  324 |     sl_u8  payload[\x1b[01;35m\x1b[K0\x1b[m\x1b[K];\n'}
[33.181239] (rplidar_ros) StderrLine: {'line': b'      |                    \x1b[01;35m\x1b[K^\x1b[m\x1b[K\n'}
[33.222640] (-) TimerEvent: {}
[33.279609] (rplidar_ros) StderrLine: {'line': b'In file included from \x1b[01m\x1b[K/home/rpd/Nav2/src/rplidar_ros/sdk/src/dataunpacker/unpacker/handler_normalnode.cpp:40\x1b[m\x1b[K:\n'}
[33.279951] (rplidar_ros) StderrLine: {'line': b'\x1b[01m\x1b[K/home/rpd/Nav2/src/rplidar_ros/sdk/src/dataunpacker/unpacker/../dataunpacker.h:\x1b[m\x1b[K In member function \xe2\x80\x98\x1b[01m\x1b[Kvirtual void sl::internal::LIDARSampleDataListener::\x1b[01;32m\x1b[KonCustomSampleDataDecoded\x1b[m\x1b[K(_u8, _u32, const void*, size_t)\x1b[m\x1b[K\xe2\x80\x99:\n'}
[33.280062] (rplidar_ros) StderrLine: {'line': b'\x1b[01m\x1b[K/home/rpd/Nav2/src/rplidar_ros/sdk/src/dataunpacker/unpacker/../dataunpacker.h:54:52:\x1b[m\x1b[K \x1b[01;35m\x1b[Kwarning: \x1b[m\x1b[Kunused parameter \xe2\x80\x98\x1b[01m\x1b[KansType\x1b[m\x1b[K\xe2\x80\x99 [\x1b[01;35m\x1b[K\x1b]8;;https://gcc.gnu.org/onlinedocs/gcc/Warning-Options.html#index-Wunused-parameter\x07-Wunused-parameter\x1b]8;;\x07\x1b[m\x1b[K]\n'}
[33.280193] (rplidar_ros) StderrLine: {'line': b'   54 |         virtual void onCustomSampleDataDecoded(\x1b[01;35m\x1b[K_u8 ansType\x1b[m\x1b[K, _u32 customCode, const void* data, size_t size) {}\n'}
[33.280286] (rplidar_ros) StderrLine: {'line': b'      |                                                \x1b[01;35m\x1b[K~~~~^~~~~~~\x1b[m\x1b[K\n'}
[33.280368] (rplidar_ros) StderrLine: {'line': b'\x1b[01m\x1b[K/home/rpd/Nav2/src/rplidar_ros/sdk/src/dataunpacker/unpacker/../dataunpacker.h:54:66:\x1b[m\x1b[K \x1b[01;35m\x1b[Kwarning: \x1b[m\x1b[Kunused parameter \xe2\x80\x98\x1b[01m\x1b[KcustomCode\x1b[m\x1b[K\xe2\x80\x99 [\x1b[01;35m\x1b[K\x1b]8;;https://gcc.gnu.org/onlinedocs/gcc/Warning-Options.html#index-Wunused-parameter\x07-Wunused-parameter\x1b]8;;\x07\x1b[m\x1b[K]\n'}
[33.280455] (rplidar_ros) StderrLine: {'line': b'   54 |         virtual void onCustomSampleDataDecoded(_u8 ansType, \x1b[01;35m\x1b[K_u32 customCode\x1b[m\x1b[K, const void* data, size_t size) {}\n'}
[33.280631] (rplidar_ros) StderrLine: {'line': b'      |                                                             \x1b[01;35m\x1b[K~~~~~^~~~~~~~~~\x1b[m\x1b[K\n'}
[33.280789] (rplidar_ros) StderrLine: {'line': b'\x1b[01m\x1b[K/home/rpd/Nav2/src/rplidar_ros/sdk/src/dataunpacker/unpacker/../dataunpacker.h:54:90:\x1b[m\x1b[K \x1b[01;35m\x1b[Kwarning: \x1b[m\x1b[Kunused parameter \xe2\x80\x98\x1b[01m\x1b[Kdata\x1b[m\x1b[K\xe2\x80\x99 [\x1b[01;35m\x1b[K\x1b]8;;https://gcc.gnu.org/onlinedocs/gcc/Warning-Options.html#index-Wunused-parameter\x07-Wunused-parameter\x1b]8;;\x07\x1b[m\x1b[K]\n'}
[33.280932] (rplidar_ros) StderrLine: {'line': b'   54 |         virtual void onCustomSampleDataDecoded(_u8 ansType, _u32 customCode, \x1b[01;35m\x1b[Kconst void* data\x1b[m\x1b[K, size_t size) {}\n'}
[33.281051] (rplidar_ros) StderrLine: {'line': b'      |                                                                              \x1b[01;35m\x1b[K~~~~~~~~~~~~^~~~\x1b[m\x1b[K\n'}
[33.289647] (rplidar_ros) StderrLine: {'line': b'\x1b[01m\x1b[K/home/rpd/Nav2/src/rplidar_ros/sdk/src/dataunpacker/unpacker/../dataunpacker.h:54:103:\x1b[m\x1b[K \x1b[01;35m\x1b[Kwarning: \x1b[m\x1b[Kunused parameter \xe2\x80\x98\x1b[01m\x1b[Ksize\x1b[m\x1b[K\xe2\x80\x99 [\x1b[01;35m\x1b[K\x1b]8;;https://gcc.gnu.org/onlinedocs/gcc/Warning-Options.html#index-Wunused-parameter\x07-Wunused-parameter\x1b]8;;\x07\x1b[m\x1b[K]\n'}
[33.290006] (rplidar_ros) StderrLine: {'line': b'   54 |         virtual void onCustomSampleDataDecoded(_u8 ansType, _u32 customCode, const void* data, \x1b[01;35m\x1b[Ksize_t size\x1b[m\x1b[K) {}\n'}
[33.290119] (rplidar_ros) StderrLine: {'line': b'      |                                                                                                \x1b[01;35m\x1b[K~~~~~~~^~~~\x1b[m\x1b[K\n'}
[33.290213] (rplidar_ros) StderrLine: {'line': b'\x1b[01m\x1b[K/home/rpd/Nav2/src/rplidar_ros/sdk/src/dataunpacker/unpacker/../dataunpacker.h:\x1b[m\x1b[K In member function \xe2\x80\x98\x1b[01m\x1b[Kvirtual void sl::internal::LIDARSampleDataListener::\x1b[01;32m\x1b[KonDecodingError\x1b[m\x1b[K(int, _u8, const void*, size_t)\x1b[m\x1b[K\xe2\x80\x99:\n'}
[33.290305] (rplidar_ros) StderrLine: {'line': b'\x1b[01m\x1b[K/home/rpd/Nav2/src/rplidar_ros/sdk/src/dataunpacker/unpacker/../dataunpacker.h:56:42:\x1b[m\x1b[K \x1b[01;35m\x1b[Kwarning: \x1b[m\x1b[Kunused parameter \xe2\x80\x98\x1b[01m\x1b[KerrMsg\x1b[m\x1b[K\xe2\x80\x99 [\x1b[01;35m\x1b[K\x1b]8;;https://gcc.gnu.org/onlinedocs/gcc/Warning-Options.html#index-Wunused-parameter\x07-Wunused-parameter\x1b]8;;\x07\x1b[m\x1b[K]\n'}
[33.290452] (rplidar_ros) StderrLine: {'line': b'   56 |         virtual void onDecodingError(\x1b[01;35m\x1b[Kint errMsg\x1b[m\x1b[K, _u8 ansType, const void* payload, size_t size) {}\n'}
[33.290613] (rplidar_ros) StderrLine: {'line': b'      |                                      \x1b[01;35m\x1b[K~~~~^~~~~~\x1b[m\x1b[K\n'}
[33.290726] (rplidar_ros) StderrLine: {'line': b'\x1b[01m\x1b[K/home/rpd/Nav2/src/rplidar_ros/sdk/src/dataunpacker/unpacker/../dataunpacker.h:56:54:\x1b[m\x1b[K \x1b[01;35m\x1b[Kwarning: \x1b[m\x1b[Kunused parameter \xe2\x80\x98\x1b[01m\x1b[KansType\x1b[m\x1b[K\xe2\x80\x99 [\x1b[01;35m\x1b[K\x1b]8;;https://gcc.gnu.org/onlinedocs/gcc/Warning-Options.html#index-Wunused-parameter\x07-Wunused-parameter\x1b]8;;\x07\x1b[m\x1b[K]\n'}
[33.290840] (rplidar_ros) StderrLine: {'line': b'   56 |         virtual void onDecodingError(int errMsg, \x1b[01;35m\x1b[K_u8 ansType\x1b[m\x1b[K, const void* payload, size_t size) {}\n'}
[33.290940] (rplidar_ros) StderrLine: {'line': b'      |                                                  \x1b[01;35m\x1b[K~~~~^~~~~~~\x1b[m\x1b[K\n'}
[33.291029] (rplidar_ros) StderrLine: {'line': b'\x1b[01m\x1b[K/home/rpd/Nav2/src/rplidar_ros/sdk/src/dataunpacker/unpacker/../dataunpacker.h:56:75:\x1b[m\x1b[K \x1b[01;35m\x1b[Kwarning: \x1b[m\x1b[Kunused parameter \xe2\x80\x98\x1b[01m\x1b[Kpayload\x1b[m\x1b[K\xe2\x80\x99 [\x1b[01;35m\x1b[K\x1b]8;;https://gcc.gnu.org/onlinedocs/gcc/Warning-Options.html#index-Wunused-parameter\x07-Wunused-parameter\x1b]8;;\x07\x1b[m\x1b[K]\n'}
[33.291135] (rplidar_ros) StderrLine: {'line': b'   56 |         virtual void onDecodingError(int errMsg, _u8 ansType, \x1b[01;35m\x1b[Kconst void* payload\x1b[m\x1b[K, size_t size) {}\n'}
[33.291220] (rplidar_ros) StderrLine: {'line': b'      |                                                               \x1b[01;35m\x1b[K~~~~~~~~~~~~^~~~~~~\x1b[m\x1b[K\n'}
[33.291307] (rplidar_ros) StderrLine: {'line': b'\x1b[01m\x1b[K/home/rpd/Nav2/src/rplidar_ros/sdk/src/dataunpacker/unpacker/../dataunpacker.h:56:91:\x1b[m\x1b[K \x1b[01;35m\x1b[Kwarning: \x1b[m\x1b[Kunused parameter \xe2\x80\x98\x1b[01m\x1b[Ksize\x1b[m\x1b[K\xe2\x80\x99 [\x1b[01;35m\x1b[K\x1b]8;;https://gcc.gnu.org/onlinedocs/gcc/Warning-Options.html#index-Wunused-parameter\x07-Wunused-parameter\x1b]8;;\x07\x1b[m\x1b[K]\n'}
[33.291400] (rplidar_ros) StderrLine: {'line': b'   56 |         virtual void onDecodingError(int errMsg, _u8 ansType, const void* payload, \x1b[01;35m\x1b[Ksize_t size\x1b[m\x1b[K) {}\n'}
[33.291562] (rplidar_ros) StderrLine: {'line': b'      |                                                                                    \x1b[01;35m\x1b[K~~~~~~~^~~~\x1b[m\x1b[K\n'}
[33.302644] (explore_lite) StdoutLine: {'line': b'-- Found map_msgs: 2.4.1 (/opt/ros/jazzy/share/map_msgs/cmake)\n'}
[33.322782] (-) TimerEvent: {}
[33.391682] (rplidar_ros) StderrLine: {'line': b'In file included from \x1b[01m\x1b[K/home/rpd/Nav2/src/rplidar_ros/sdk/src/sl_async_transceiver.cpp:44\x1b[m\x1b[K:\n'}
[33.392148] (rplidar_ros) StderrLine: {'line': b'\x1b[01m\x1b[K/home/rpd/Nav2/src/rplidar_ros/sdk/src/sl_async_transceiver.h:\x1b[m\x1b[K In member function \xe2\x80\x98\x1b[01m\x1b[Kvirtual void sl::internal::IAsyncProtocolCodec::\x1b[01;32m\x1b[KonChannelError\x1b[m\x1b[K(u_result)\x1b[m\x1b[K\xe2\x80\x99:\n'}
[33.392437] (rplidar_ros) StderrLine: {'line': b'\x1b[01m\x1b[K/home/rpd/Nav2/src/rplidar_ros/sdk/src/sl_async_transceiver.h:90:48:\x1b[m\x1b[K \x1b[01;35m\x1b[Kwarning: \x1b[m\x1b[Kunused parameter \xe2\x80\x98\x1b[01m\x1b[KerrCode\x1b[m\x1b[K\xe2\x80\x99 [\x1b[01;35m\x1b[K\x1b]8;;https://gcc.gnu.org/onlinedocs/gcc/Warning-Options.html#index-Wunused-parameter\x07-Wunused-parameter\x1b]8;;\x07\x1b[m\x1b[K]\n'}
[33.392777] (rplidar_ros) StderrLine: {'line': b'   90 |         virtual void   onChannelError(\x1b[01;35m\x1b[Ku_result errCode\x1b[m\x1b[K) {}\n'}
[33.393058] (rplidar_ros) StderrLine: {'line': b'      |                                       \x1b[01;35m\x1b[K~~~~~~~~~^~~~~~~\x1b[m\x1b[K\n'}
[33.422927] (-) TimerEvent: {}
[33.497288] (explore_lite) StdoutLine: {'line': b'-- Found visualization_msgs: 5.3.6 (/opt/ros/jazzy/share/visualization_msgs/cmake)\n'}
[33.523091] (-) TimerEvent: {}
[33.625638] (-) TimerEvent: {}
[33.650343] (explore_lite) StdoutLine: {'line': b'-- Found nav2_costmap_2d: 1.3.10 (/opt/ros/jazzy/share/nav2_costmap_2d/cmake)\n'}
[33.728629] (-) TimerEvent: {}
[33.830617] (-) TimerEvent: {}
[33.870680] (rplidar_ros) StdoutLine: {'line': b'[ 60%] \x1b[32mBuilding CXX object CMakeFiles/rplidar_node.dir/sdk/src/sl_lidarprotocol_codec.cpp.o\x1b[0m\n'}
[33.914867] (rplidar_ros) StdoutLine: {'line': b'[ 63%] \x1b[32mBuilding CXX object CMakeFiles/rplidar_composition.dir/sdk/src/hal/thread.cpp.o\x1b[0m\n'}
[33.930780] (-) TimerEvent: {}
[34.034080] (-) TimerEvent: {}
[34.134593] (-) TimerEvent: {}
[34.236958] (-) TimerEvent: {}
[34.339656] (-) TimerEvent: {}
[34.440260] (-) TimerEvent: {}
[34.480748] (explore_lite) StdoutLine: {'line': b'-- Found explore_lite_msgs: 1.0.0 (/home/rpd/Nav2/install/explore_lite_msgs/share/explore_lite_msgs/cmake)\n'}
[34.542620] (-) TimerEvent: {}
[34.545412] (explore_lite) StdoutLine: {'line': b'-- Found ament_lint_auto: 0.17.4 (/opt/ros/jazzy/share/ament_lint_auto/cmake)\n'}
[34.645621] (-) TimerEvent: {}
[34.657649] (rplidar_ros) StderrLine: {'line': b'In file included from \x1b[01m\x1b[K/home/rpd/Nav2/src/rplidar_ros/sdk/include/rplidar_protocol.h:36\x1b[m\x1b[K,\n'}
[34.658129] (rplidar_ros) StderrLine: {'line': b'                 from \x1b[01m\x1b[K/home/rpd/Nav2/src/rplidar_ros/sdk/include/rplidar.h:39\x1b[m\x1b[K,\n'}
[34.658310] (rplidar_ros) StderrLine: {'line': b'                 from \x1b[01m\x1b[K/home/rpd/Nav2/src/rplidar_ros/sdk/src/sdkcommon.h:49\x1b[m\x1b[K,\n'}
[34.658444] (rplidar_ros) StderrLine: {'line': b'                 from \x1b[01m\x1b[K/home/rpd/Nav2/src/rplidar_ros/sdk/src/sl_lidar_driver.cpp:33\x1b[m\x1b[K:\n'}
[34.658610] (rplidar_ros) StderrLine: {'line': b'\x1b[01m\x1b[K/home/rpd/Nav2/src/rplidar_ros/sdk/include/sl_lidar_protocol.h:66:16:\x1b[m\x1b[K \x1b[01;35m\x1b[Kwarning: \x1b[m\x1b[KISO C++ forbids zero-size array \xe2\x80\x98\x1b[01m\x1b[Kdata\x1b[m\x1b[K\xe2\x80\x99 [\x1b[01;35m\x1b[K\x1b]8;;https://gcc.gnu.org/onlinedocs/gcc/Warning-Options.html#index-Wpedantic\x07-Wpedantic\x1b]8;;\x07\x1b[m\x1b[K]\n'}
[34.658731] (rplidar_ros) StderrLine: {'line': b'   66 |     sl_u8 data[\x1b[01;35m\x1b[K0\x1b[m\x1b[K];\n'}
[34.658824] (rplidar_ros) StderrLine: {'line': b'      |                \x1b[01;35m\x1b[K^\x1b[m\x1b[K\n'}
[34.658914] (rplidar_ros) StderrLine: {'line': b'In file included from \x1b[01m\x1b[K/home/rpd/Nav2/src/rplidar_ros/sdk/include/rplidar_cmd.h:36\x1b[m\x1b[K,\n'}
[34.659017] (rplidar_ros) StderrLine: {'line': b'                 from \x1b[01m\x1b[K/home/rpd/Nav2/src/rplidar_ros/sdk/include/rplidar.h:40\x1b[m\x1b[K:\n'}
[34.659110] (rplidar_ros) StderrLine: {'line': b'\x1b[01m\x1b[K/home/rpd/Nav2/src/rplidar_ros/sdk/include/sl_lidar_cmd.h:324:20:\x1b[m\x1b[K \x1b[01;35m\x1b[Kwarning: \x1b[m\x1b[KISO C++ forbids zero-size array \xe2\x80\x98\x1b[01m\x1b[Kpayload\x1b[m\x1b[K\xe2\x80\x99 [\x1b[01;35m\x1b[K\x1b]8;;https://gcc.gnu.org/onlinedocs/gcc/Warning-Options.html#index-Wpedantic\x07-Wpedantic\x1b]8;;\x07\x1b[m\x1b[K]\n'}
[34.659230] (rplidar_ros) StderrLine: {'line': b'  324 |     sl_u8  payload[\x1b[01;35m\x1b[K0\x1b[m\x1b[K];\n'}
[34.659350] (rplidar_ros) StderrLine: {'line': b'      |                    \x1b[01;35m\x1b[K^\x1b[m\x1b[K\n'}
[34.748622] (-) TimerEvent: {}
[34.849135] (-) TimerEvent: {}
[34.952630] (-) TimerEvent: {}
[34.961861] (rplidar_ros) StderrLine: {'line': b'In file included from \x1b[01m\x1b[K/home/rpd/Nav2/src/rplidar_ros/sdk/src/sl_lidar_driver.cpp:50\x1b[m\x1b[K:\n'}
[34.962202] (rplidar_ros) StderrLine: {'line': b'\x1b[01m\x1b[K/home/rpd/Nav2/src/rplidar_ros/sdk/src/dataunpacker/dataunpacker.h:\x1b[m\x1b[K In member function \xe2\x80\x98\x1b[01m\x1b[Kvirtual void sl::internal::LIDARSampleDataListener::\x1b[01;32m\x1b[KonCustomSampleDataDecoded\x1b[m\x1b[K(_u8, _u32, const void*, size_t)\x1b[m\x1b[K\xe2\x80\x99:\n'}
[34.962352] (rplidar_ros) StderrLine: {'line': b'\x1b[01m\x1b[K/home/rpd/Nav2/src/rplidar_ros/sdk/src/dataunpacker/dataunpacker.h:54:52:\x1b[m\x1b[K \x1b[01;35m\x1b[Kwarning: \x1b[m\x1b[Kunused parameter \xe2\x80\x98\x1b[01m\x1b[KansType\x1b[m\x1b[K\xe2\x80\x99 [\x1b[01;35m\x1b[K\x1b]8;;https://gcc.gnu.org/onlinedocs/gcc/Warning-Options.html#index-Wunused-parameter\x07-Wunused-parameter\x1b]8;;\x07\x1b[m\x1b[K]\n'}
[34.962467] (rplidar_ros) StderrLine: {'line': b'   54 | stomSampleDataDecoded(\x1b[01;35m\x1b[K_u8 ansType\x1b[m\x1b[K, _u32 customCode, const void* data, size_t size) {}\n'}
[34.962632] (rplidar_ros) StderrLine: {'line': b'      |                       \x1b[01;35m\x1b[K~~~~^~~~~~~\x1b[m\x1b[K\n'}
[34.962744] (rplidar_ros) StderrLine: {'line': b'\n'}
[34.962849] (rplidar_ros) StderrLine: {'line': b'\x1b[01m\x1b[K/home/rpd/Nav2/src/rplidar_ros/sdk/src/dataunpacker/dataunpacker.h:54:66:\x1b[m\x1b[K \x1b[01;35m\x1b[Kwarning: \x1b[m\x1b[Kunused parameter \xe2\x80\x98\x1b[01m\x1b[KcustomCode\x1b[m\x1b[K\xe2\x80\x99 [\x1b[01;35m\x1b[K\x1b]8;;https://gcc.gnu.org/onlinedocs/gcc/Warning-Options.html#index-Wunused-parameter\x07-Wunused-parameter\x1b]8;;\x07\x1b[m\x1b[K]\n'}
[34.962975] (rplidar_ros) StderrLine: {'line': b'   54 | Decoded(_u8 ansType, \x1b[01;35m\x1b[K_u32 customCode\x1b[m\x1b[K, const void* data, size_t size) {}\n'}
[34.963127] (rplidar_ros) StderrLine: {'line': b'      |                      \x1b[01;35m\x1b[K~~~~~^~~~~~~~~~\x1b[m\x1b[K\n'}
[34.963227] (rplidar_ros) StderrLine: {'line': b'\n'}
[34.963318] (rplidar_ros) StderrLine: {'line': b'\x1b[01m\x1b[K/home/rpd/Nav2/src/rplidar_ros/sdk/src/dataunpacker/dataunpacker.h:54:90:\x1b[m\x1b[K \x1b[01;35m\x1b[Kwarning: \x1b[m\x1b[Kunused parameter \xe2\x80\x98\x1b[01m\x1b[Kdata\x1b[m\x1b[K\xe2\x80\x99 [\x1b[01;35m\x1b[K\x1b]8;;https://gcc.gnu.org/onlinedocs/gcc/Warning-Options.html#index-Wunused-parameter\x07-Wunused-parameter\x1b]8;;\x07\x1b[m\x1b[K]\n'}
[34.963432] (rplidar_ros) StderrLine: {'line': b'   54 | 2 customCode, \x1b[01;35m\x1b[Kconst void* data\x1b[m\x1b[K, size_t size) {}\n'}
[34.963612] (rplidar_ros) StderrLine: {'line': b'      |               \x1b[01;35m\x1b[K~~~~~~~~~~~~^~~~\x1b[m\x1b[K\n'}
[34.963798] (rplidar_ros) StderrLine: {'line': b'\n'}
[34.963929] (rplidar_ros) StderrLine: {'line': b'\x1b[01m\x1b[K/home/rpd/Nav2/src/rplidar_ros/sdk/src/dataunpacker/dataunpacker.h:54:103:\x1b[m\x1b[K \x1b[01;35m\x1b[Kwarning: \x1b[m\x1b[Kunused parameter \xe2\x80\x98\x1b[01m\x1b[Ksize\x1b[m\x1b[K\xe2\x80\x99 [\x1b[01;35m\x1b[K\x1b]8;;https://gcc.gnu.org/onlinedocs/gcc/Warning-Options.html#index-Wunused-parameter\x07-Wunused-parameter\x1b]8;;\x07\x1b[m\x1b[K]\n'}
[34.964102] (rplidar_ros) StderrLine: {'line': b'   54 | de, const void* data, \x1b[01;35m\x1b[Ksize_t size\x1b[m\x1b[K) {}\n'}
[34.964237] (rplidar_ros) StderrLine: {'line': b'      |                       \x1b[01;35m\x1b[K~~~~~~~^~~~\x1b[m\x1b[K\n'}
[34.964347] (rplidar_ros) StderrLine: {'line': b'\n'}
[34.964440] (rplidar_ros) StderrLine: {'line': b'\x1b[01m\x1b[K/home/rpd/Nav2/src/rplidar_ros/sdk/src/dataunpacker/dataunpacker.h:\x1b[m\x1b[K In member function \xe2\x80\x98\x1b[01m\x1b[Kvirtual void sl::internal::LIDARSampleDataListener::\x1b[01;32m\x1b[KonDecodingError\x1b[m\x1b[K(int, _u8, const void*, size_t)\x1b[m\x1b[K\xe2\x80\x99:\n'}
[34.970853] (rplidar_ros) StderrLine: {'line': b'\x1b[01m\x1b[K/home/rpd/Nav2/src/rplidar_ros/sdk/src/dataunpacker/dataunpacker.h:56:42:\x1b[m\x1b[K \x1b[01;35m\x1b[Kwarning: \x1b[m\x1b[Kunused parameter \xe2\x80\x98\x1b[01m\x1b[KerrMsg\x1b[m\x1b[K\xe2\x80\x99 [\x1b[01;35m\x1b[K\x1b]8;;https://gcc.gnu.org/onlinedocs/gcc/Warning-Options.html#index-Wunused-parameter\x07-Wunused-parameter\x1b]8;;\x07\x1b[m\x1b[K]\n'}
[34.971021] (rplidar_ros) StderrLine: {'line': b'   56 |  void onDecodingError(\x1b[01;35m\x1b[Kint errMsg\x1b[m\x1b[K, _u8 ansType, const void* payload, size_t size) {}\n'}
[34.971134] (rplidar_ros) StderrLine: {'line': b'      |                       \x1b[01;35m\x1b[K~~~~^~~~~~\x1b[m\x1b[K\n'}
[34.971251] (rplidar_ros) StderrLine: {'line': b'\n'}
[34.971366] (rplidar_ros) StderrLine: {'line': b'\x1b[01m\x1b[K/home/rpd/Nav2/src/rplidar_ros/sdk/src/dataunpacker/dataunpacker.h:56:54:\x1b[m\x1b[K \x1b[01;35m\x1b[Kwarning: \x1b[m\x1b[Kunused parameter \xe2\x80\x98\x1b[01m\x1b[KansType\x1b[m\x1b[K\xe2\x80\x99 [\x1b[01;35m\x1b[K\x1b]8;;https://gcc.gnu.org/onlinedocs/gcc/Warning-Options.html#index-Wunused-parameter\x07-Wunused-parameter\x1b]8;;\x07\x1b[m\x1b[K]\n'}
[34.971513] (rplidar_ros) StderrLine: {'line': b'   56 | dingError(int errMsg, \x1b[01;35m\x1b[K_u8 ansType\x1b[m\x1b[K, const void* payload, size_t size) {}\n'}
[34.971679] (rplidar_ros) StderrLine: {'line': b'      |                       \x1b[01;35m\x1b[K~~~~^~~~~~~\x1b[m\x1b[K\n'}
[34.971814] (rplidar_ros) StderrLine: {'line': b'\n'}
[34.971949] (rplidar_ros) StderrLine: {'line': b'\x1b[01m\x1b[K/home/rpd/Nav2/src/rplidar_ros/sdk/src/dataunpacker/dataunpacker.h:56:75:\x1b[m\x1b[K \x1b[01;35m\x1b[Kwarning: \x1b[m\x1b[Kunused parameter \xe2\x80\x98\x1b[01m\x1b[Kpayload\x1b[m\x1b[K\xe2\x80\x99 [\x1b[01;35m\x1b[K\x1b]8;;https://gcc.gnu.org/onlinedocs/gcc/Warning-Options.html#index-Wunused-parameter\x07-Wunused-parameter\x1b]8;;\x07\x1b[m\x1b[K]\n'}
[34.972089] (rplidar_ros) StderrLine: {'line': b'   56 |  _u8 ansType, \x1b[01;35m\x1b[Kconst void* payload\x1b[m\x1b[K, size_t size) {}\n'}
[34.972183] (rplidar_ros) StderrLine: {'line': b'      |               \x1b[01;35m\x1b[K~~~~~~~~~~~~^~~~~~~\x1b[m\x1b[K\n'}
[34.972283] (rplidar_ros) StderrLine: {'line': b'\n'}
[34.972375] (rplidar_ros) StderrLine: {'line': b'\x1b[01m\x1b[K/home/rpd/Nav2/src/rplidar_ros/sdk/src/dataunpacker/dataunpacker.h:56:91:\x1b[m\x1b[K \x1b[01;35m\x1b[Kwarning: \x1b[m\x1b[Kunused parameter \xe2\x80\x98\x1b[01m\x1b[Ksize\x1b[m\x1b[K\xe2\x80\x99 [\x1b[01;35m\x1b[K\x1b]8;;https://gcc.gnu.org/onlinedocs/gcc/Warning-Options.html#index-Wunused-parameter\x07-Wunused-parameter\x1b]8;;\x07\x1b[m\x1b[K]\n'}
[34.972472] (rplidar_ros) StderrLine: {'line': b'   56 |  const void* payload, \x1b[01;35m\x1b[Ksize_t size\x1b[m\x1b[K) {}\n'}
[34.972597] (rplidar_ros) StderrLine: {'line': b'      |                       \x1b[01;35m\x1b[K~~~~~~~^~~~\x1b[m\x1b[K\n'}
[34.972708] (rplidar_ros) StderrLine: {'line': b'\n'}
[34.986616] (rplidar_ros) StderrLine: {'line': b'In file included from \x1b[01m\x1b[K/home/rpd/Nav2/src/rplidar_ros/sdk/src/sl_lidar_driver.cpp:51\x1b[m\x1b[K:\n'}
[34.987041] (rplidar_ros) StderrLine: {'line': b'\x1b[01m\x1b[K/home/rpd/Nav2/src/rplidar_ros/sdk/src/sl_async_transceiver.h:\x1b[m\x1b[K In member function \xe2\x80\x98\x1b[01m\x1b[Kvirtual void sl::internal::IAsyncProtocolCodec::\x1b[01;32m\x1b[KonChannelError\x1b[m\x1b[K(u_result)\x1b[m\x1b[K\xe2\x80\x99:\n'}
[34.987247] (rplidar_ros) StderrLine: {'line': b'\x1b[01m\x1b[K/home/rpd/Nav2/src/rplidar_ros/sdk/src/sl_async_transceiver.h:90:48:\x1b[m\x1b[K \x1b[01;35m\x1b[Kwarning: \x1b[m\x1b[Kunused parameter \xe2\x80\x98\x1b[01m\x1b[KerrCode\x1b[m\x1b[K\xe2\x80\x99 [\x1b[01;35m\x1b[K\x1b]8;;https://gcc.gnu.org/onlinedocs/gcc/Warning-Options.html#index-Wunused-parameter\x07-Wunused-parameter\x1b]8;;\x07\x1b[m\x1b[K]\n'}
[34.987399] (rplidar_ros) StderrLine: {'line': b'   90 |   onChannelError(\x1b[01;35m\x1b[Ku_result errCode\x1b[m\x1b[K) {}\n'}
[34.987602] (rplidar_ros) StderrLine: {'line': b'      |                  \x1b[01;35m\x1b[K~~~~~~~~~^~~~~~~\x1b[m\x1b[K\n'}
[34.987757] (rplidar_ros) StderrLine: {'line': b'\n'}
[35.034466] (rplidar_ros) StderrLine: {'line': b'\x1b[01m\x1b[K/home/rpd/Nav2/src/rplidar_ros/sdk/src/sl_lidar_driver.cpp:\x1b[m\x1b[K In member function \xe2\x80\x98\x1b[01m\x1b[Kvirtual sl_result sl::SlamtecLidarDriver::\x1b[01;32m\x1b[Kreset\x1b[m\x1b[K(sl_u32)\x1b[m\x1b[K\xe2\x80\x99:\n'}
[35.035065] (rplidar_ros) StderrLine: {'line': b'\x1b[01m\x1b[K/home/rpd/Nav2/src/rplidar_ros/sdk/src/sl_lidar_driver.cpp:511:32:\x1b[m\x1b[K \x1b[01;35m\x1b[Kwarning: \x1b[m\x1b[Kunused parameter \xe2\x80\x98\x1b[01m\x1b[KtimeoutInMs\x1b[m\x1b[K\xe2\x80\x99 [\x1b[01;35m\x1b[K\x1b]8;;https://gcc.gnu.org/onlinedocs/gcc/Warning-Options.html#index-Wunused-parameter\x07-Wunused-parameter\x1b]8;;\x07\x1b[m\x1b[K]\n'}
[35.035315] (rplidar_ros) StderrLine: {'line': b'  511 |    sl_result reset(\x1b[01;35m\x1b[Ksl_u32 timeoutInMs = DEFAULT_TIMEOUT\x1b[m\x1b[K)\n'}
[35.035534] (rplidar_ros) StderrLine: {'line': b'      |                    \x1b[01;35m\x1b[K~~~~~~~^~~~~~~~~~~~~~~~~~~~~~~~~~~~~\x1b[m\x1b[K\n'}
[35.035724] (rplidar_ros) StderrLine: {'line': b'\n'}
[35.045661] (rplidar_ros) StderrLine: {'line': b'\x1b[01m\x1b[K/home/rpd/Nav2/src/rplidar_ros/sdk/src/sl_lidar_driver.cpp:\x1b[m\x1b[K In member function \xe2\x80\x98\x1b[01m\x1b[Kvirtual sl_result sl::SlamtecLidarDriver::\x1b[01;32m\x1b[KstartScan\x1b[m\x1b[K(bool, bool, sl_u32, sl::LidarScanMode*)\x1b[m\x1b[K\xe2\x80\x99:\n'}
[35.046394] (rplidar_ros) StderrLine: {'line': b'\x1b[01m\x1b[K/home/rpd/Nav2/src/rplidar_ros/sdk/src/sl_lidar_driver.cpp:586:69:\x1b[m\x1b[K \x1b[01;35m\x1b[Kwarning: \x1b[m\x1b[Kunused parameter \xe2\x80\x98\x1b[01m\x1b[Koptions\x1b[m\x1b[K\xe2\x80\x99 [\x1b[01;35m\x1b[K\x1b]8;;https://gcc.gnu.org/onlinedocs/gcc/Warning-Options.html#index-Wunused-parameter\x07-Wunused-parameter\x1b]8;;\x07\x1b[m\x1b[K]\n'}
[35.046772] (rplidar_ros) StderrLine: {'line': b'  586 | ol useTypicalScan, \x1b[01;35m\x1b[Ksl_u32 options = 0\x1b[m\x1b[K, LidarScanMode* outUsedScanMode = nullptr)\n'}
[35.046940] (rplidar_ros) StderrLine: {'line': b'      |                    \x1b[01;35m\x1b[K~~~~~~~^~~~~~~~~~~\x1b[m\x1b[K\n'}
[35.047074] (rplidar_ros) StderrLine: {'line': b'\n'}
[35.049621] (rplidar_ros) StderrLine: {'line': b'\x1b[01m\x1b[K/home/rpd/Nav2/src/rplidar_ros/sdk/src/sl_lidar_driver.cpp:\x1b[m\x1b[K In member function \xe2\x80\x98\x1b[01m\x1b[Kvirtual sl_result sl::SlamtecLidarDriver::\x1b[01;32m\x1b[Kstop\x1b[m\x1b[K(sl_u32)\x1b[m\x1b[K\xe2\x80\x99:\n'}
[35.049985] (rplidar_ros) StderrLine: {'line': b'\x1b[01m\x1b[K/home/rpd/Nav2/src/rplidar_ros/sdk/src/sl_lidar_driver.cpp:763:31:\x1b[m\x1b[K \x1b[01;35m\x1b[Kwarning: \x1b[m\x1b[Kunused parameter \xe2\x80\x98\x1b[01m\x1b[Ktimeout\x1b[m\x1b[K\xe2\x80\x99 [\x1b[01;35m\x1b[K\x1b]8;;https://gcc.gnu.org/onlinedocs/gcc/Warning-Options.html#index-Wunused-parameter\x07-Wunused-parameter\x1b]8;;\x07\x1b[m\x1b[K]\n'}
[35.050144] (rplidar_ros) StderrLine: {'line': b'  763 |     sl_result stop(\x1b[01;35m\x1b[Ksl_u32 timeout = DEFAULT_TIMEOUT\x1b[m\x1b[K)\n'}
[35.050294] (rplidar_ros) StderrLine: {'line': b'      |                    \x1b[01;35m\x1b[K~~~~~~~^~~~~~~~~~~~~~~~~~~~~~~~~\x1b[m\x1b[K\n'}
[35.050426] (rplidar_ros) StderrLine: {'line': b'\n'}
[35.050732] (rplidar_ros) StderrLine: {'line': b'\x1b[01m\x1b[K/home/rpd/Nav2/src/rplidar_ros/sdk/src/sl_lidar_driver.cpp:\x1b[m\x1b[K In member function \xe2\x80\x98\x1b[01m\x1b[Kvirtual sl_result sl::SlamtecLidarDriver::\x1b[01;32m\x1b[KgetFrequency\x1b[m\x1b[K(const sl::LidarScanMode&, const sl_lidar_response_measurement_node_hq_t*, size_t, float&)\x1b[m\x1b[K\xe2\x80\x99:\n'}
[35.050885] (rplidar_ros) StderrLine: {'line': b'\x1b[01m\x1b[K/home/rpd/Nav2/src/rplidar_ros/sdk/src/sl_lidar_driver.cpp:880:110:\x1b[m\x1b[K \x1b[01;35m\x1b[Kwarning: \x1b[m\x1b[Kunused parameter \xe2\x80\x98\x1b[01m\x1b[Knodes\x1b[m\x1b[K\xe2\x80\x99 [\x1b[01;35m\x1b[K\x1b]8;;https://gcc.gnu.org/onlinedocs/gcc/Warning-Options.html#index-Wunused-parameter\x07-Wunused-parameter\x1b]8;;\x07\x1b[m\x1b[K]\n'}
[35.051025] (rplidar_ros) StderrLine: {'line': b'  880 | \x1b[01;35m\x1b[Kse_measurement_node_hq_t* nodes\x1b[m\x1b[K, size_t count, float& frequency)\n'}
[35.051151] (rplidar_ros) StderrLine: {'line': b'      | \x1b[01;35m\x1b[K~~~~~~~~~~~~~~~~~~~~~~~~~~^~~~~\x1b[m\x1b[K\n'}
[35.051258] (rplidar_ros) StderrLine: {'line': b'\n'}
[35.059654] (rplidar_ros) StderrLine: {'line': b'\x1b[01m\x1b[K/home/rpd/Nav2/src/rplidar_ros/sdk/src/sl_lidar_driver.cpp:\x1b[m\x1b[K In member function \xe2\x80\x98\x1b[01m\x1b[Kvirtual sl_result sl::SlamtecLidarDriver::\x1b[01;32m\x1b[KgetMotorInfo\x1b[m\x1b[K(sl::LidarMotorInfo&, sl_u32)\x1b[m\x1b[K\xe2\x80\x99:\n'}
[35.060268] (-) TimerEvent: {}
[35.060554] (rplidar_ros) StderrLine: {'line': b'\x1b[01m\x1b[K/home/rpd/Nav2/src/rplidar_ros/sdk/src/sl_lidar_driver.cpp:1023:66:\x1b[m\x1b[K \x1b[01;35m\x1b[Kwarning: \x1b[m\x1b[Kunused parameter \xe2\x80\x98\x1b[01m\x1b[KtimeoutInMs\x1b[m\x1b[K\xe2\x80\x99 [\x1b[01;35m\x1b[K\x1b]8;;https://gcc.gnu.org/onlinedocs/gcc/Warning-Options.html#index-Wunused-parameter\x07-Wunused-parameter\x1b]8;;\x07\x1b[m\x1b[K]\n'}
[35.060836] (rplidar_ros) StderrLine: {'line': b' 1023 | orInfo &motorInfo, \x1b[01;35m\x1b[Ksl_u32 timeoutInMs\x1b[m\x1b[K)\n'}
[35.061021] (rplidar_ros) StderrLine: {'line': b'      |                    \x1b[01;35m\x1b[K~~~~~~~^~~~~~~~~~~\x1b[m\x1b[K\n'}
[35.061164] (rplidar_ros) StderrLine: {'line': b'\n'}
[35.061272] (rplidar_ros) StderrLine: {'line': b'\x1b[01m\x1b[K/home/rpd/Nav2/src/rplidar_ros/sdk/src/sl_lidar_driver.cpp:\x1b[m\x1b[K In member function \xe2\x80\x98\x1b[01m\x1b[Ku_result sl::SlamtecLidarDriver::\x1b[01;32m\x1b[KgetScanModeCount\x1b[m\x1b[K(sl_u16&, sl_u32)\x1b[m\x1b[K\xe2\x80\x99:\n'}
[35.061448] (rplidar_ros) StderrLine: {'line': b'\x1b[01m\x1b[K/home/rpd/Nav2/src/rplidar_ros/sdk/src/sl_lidar_driver.cpp:1199:61:\x1b[m\x1b[K \x1b[01;35m\x1b[Kwarning: \x1b[m\x1b[Kunused parameter \xe2\x80\x98\x1b[01m\x1b[KtimeoutInMs\x1b[m\x1b[K\xe2\x80\x99 [\x1b[01;35m\x1b[K\x1b]8;;https://gcc.gnu.org/onlinedocs/gcc/Warning-Options.html#index-Wunused-parameter\x07-Wunused-parameter\x1b]8;;\x07\x1b[m\x1b[K]\n'}
[35.061732] (rplidar_ros) StderrLine: {'line': b' 1199 | sl_u16& modeCount, \x1b[01;35m\x1b[Ksl_u32 timeoutInMs = DEFAULT_TIMEOUT\x1b[m\x1b[K)\n'}
[35.061956] (rplidar_ros) StderrLine: {'line': b'      |                    \x1b[01;35m\x1b[K~~~~~~~^~~~~~~~~~~~~~~~~~~~~~~~~~~~~\x1b[m\x1b[K\n'}
[35.062139] (rplidar_ros) StderrLine: {'line': b'\n'}
[35.162645] (-) TimerEvent: {}
[35.182836] (rplidar_ros) StderrLine: {'line': b'/home/rpd/Nav2/src/rplidar_ros/sdk/src/sl_lidar_driver.cpp: In instantiation of \xe2\x80\x98\x1b[01m\x1b[Kvoid sl::RawSampleNodeHolder<T>::\x1b[01;32m\x1b[KpushNode\x1b[m\x1b[K(_u64, const T*) \x1b[35m\x1b[K[with T = sl_lidar_response_measurement_node_hq_t; _u64 = long unsigned int]\x1b[m\x1b[K\x1b[m\x1b[K\xe2\x80\x99:\n'}
[35.183242] (rplidar_ros) StderrLine: {'line': b'\x1b[01m\x1b[K/home/rpd/Nav2/src/rplidar_ros/sdk/src/sl_lidar_driver.cpp:1648:42:\x1b[m\x1b[K   required from here\n'}
[35.183461] (rplidar_ros) StderrLine: {'line': b'\x1b[01m\x1b[K/home/rpd/Nav2/src/rplidar_ros/sdk/src/sl_lidar_driver.cpp:202:28:\x1b[m\x1b[K \x1b[01;35m\x1b[Kwarning: \x1b[m\x1b[Kunused parameter \xe2\x80\x98\x1b[01m\x1b[Ktimestamp_uS\x1b[m\x1b[K\xe2\x80\x99 [\x1b[01;35m\x1b[K\x1b]8;;https://gcc.gnu.org/onlinedocs/gcc/Warning-Options.html#index-Wunused-parameter\x07-Wunused-parameter\x1b]8;;\x07\x1b[m\x1b[K]\n'}
[35.183728] (rplidar_ros) StderrLine: {'line': b'  202 |        void pushNode(\x1b[01;35m\x1b[K_u64 timestamp_uS\x1b[m\x1b[K, const T* node)\n'}
[35.183867] (rplidar_ros) StderrLine: {'line': b'      |                      \x1b[01;35m\x1b[K~~~~~^~~~~~~~~~~~\x1b[m\x1b[K\n'}
[35.184017] (rplidar_ros) StderrLine: {'line': b'\n'}
[35.268642] (-) TimerEvent: {}
[35.369250] (-) TimerEvent: {}
[35.397445] (explore_lite) StdoutLine: {'line': b'-- Found ament_cmake_gtest: 2.5.5 (/opt/ros/jazzy/share/ament_cmake_gtest/cmake)\n'}
[35.427653] (explore_lite) StdoutLine: {'line': b"-- Found gtest sources under '/opt/ros/jazzy/src/gtest_vendor': C++ tests using 'Google Test' will be built\n"}
[35.450201] (explore_lite) StdoutLine: {'line': b'-- Performing Test CMAKE_HAVE_LIBC_PTHREAD\n'}
[35.469421] (-) TimerEvent: {}
[35.569998] (-) TimerEvent: {}
[35.676633] (-) TimerEvent: {}
[35.778647] (-) TimerEvent: {}
[35.839834] (rplidar_ros) StderrLine: {'line': b'\x1b[01m\x1b[K/home/rpd/Nav2/src/rplidar_ros/sdk/src/sl_lidar_driver.cpp:\x1b[m\x1b[K At global scope:\n'}
[35.840241] (rplidar_ros) StderrLine: {'line': b'\x1b[01m\x1b[K/home/rpd/Nav2/src/rplidar_ros/sdk/src/sl_lidar_driver.cpp:83:17:\x1b[m\x1b[K \x1b[01;35m\x1b[Kwarning: \x1b[m\x1b[K\xe2\x80\x98\x1b[01m\x1b[Kvoid sl::\x1b[01;32m\x1b[Kconvert\x1b[m\x1b[K(const sl_lidar_response_measurement_node_hq_t&, sl_lidar_response_measurement_node_t&)\x1b[m\x1b[K\xe2\x80\x99 defined but not used [\x1b[01;35m\x1b[K\x1b]8;;https://gcc.gnu.org/onlinedocs/gcc/Warning-Options.html#index-Wunused-function\x07-Wunused-function\x1b]8;;\x07\x1b[m\x1b[K]\n'}
[35.840443] (rplidar_ros) StderrLine: {'line': b'   83 |     static void \x1b[01;35m\x1b[Kconvert\x1b[m\x1b[K(const sl_lidar_response_measurement_node_hq_t& from, sl_lidar_response_measurement_node_t& to)\n'}
[35.840708] (rplidar_ros) StderrLine: {'line': b'      |                 \x1b[01;35m\x1b[K^~~~~~~\x1b[m\x1b[K\n'}
[35.840864] (rplidar_ros) StderrLine: {'line': b'\x1b[01m\x1b[K/home/rpd/Nav2/src/rplidar_ros/sdk/src/sl_lidar_driver.cpp:75:17:\x1b[m\x1b[K \x1b[01;35m\x1b[Kwarning: \x1b[m\x1b[K\xe2\x80\x98\x1b[01m\x1b[Kvoid sl::\x1b[01;32m\x1b[Kconvert\x1b[m\x1b[K(const sl_lidar_response_measurement_node_t&, sl_lidar_response_measurement_node_hq_t&)\x1b[m\x1b[K\xe2\x80\x99 defined but not used [\x1b[01;35m\x1b[K\x1b]8;;https://gcc.gnu.org/onlinedocs/gcc/Warning-Options.html#index-Wunused-function\x07-Wunused-function\x1b]8;;\x07\x1b[m\x1b[K]\n'}
[35.841017] (rplidar_ros) StderrLine: {'line': b'   75 |     static void \x1b[01;35m\x1b[Kconvert\x1b[m\x1b[K(const sl_lidar_response_measurement_node_t& from, sl_lidar_response_measurement_node_hq_t& to)\n'}
[35.841157] (rplidar_ros) StderrLine: {'line': b'      |                 \x1b[01;35m\x1b[K^~~~~~~\x1b[m\x1b[K\n'}
[35.841313] (rplidar_ros) StderrLine: {'line': b'\x1b[01m\x1b[K/home/rpd/Nav2/src/rplidar_ros/sdk/src/sl_lidar_driver.cpp:70:17:\x1b[m\x1b[K \x1b[01;35m\x1b[Kwarning: \x1b[m\x1b[K\xe2\x80\x98\x1b[01m\x1b[Kvoid sl::\x1b[01;32m\x1b[KprintDeprecationWarn\x1b[m\x1b[K(const char*, const char*)\x1b[m\x1b[K\xe2\x80\x99 defined but not used [\x1b[01;35m\x1b[K\x1b]8;;https://gcc.gnu.org/onlinedocs/gcc/Warning-Options.html#index-Wunused-function\x07-Wunused-function\x1b]8;;\x07\x1b[m\x1b[K]\n'}
[35.841473] (rplidar_ros) StderrLine: {'line': b'   70 |     static void \x1b[01;35m\x1b[KprintDeprecationWarn\x1b[m\x1b[K(const char* fn, const char* replacement)\n'}
[35.841659] (rplidar_ros) StderrLine: {'line': b'      |                 \x1b[01;35m\x1b[K^~~~~~~~~~~~~~~~~~~~\x1b[m\x1b[K\n'}
[35.851911] (rplidar_ros) StderrLine: {'line': b'In file included from \x1b[01m\x1b[K/home/rpd/Nav2/src/rplidar_ros/sdk/include/rplidar_protocol.h:36\x1b[m\x1b[K,\n'}
[35.852302] (rplidar_ros) StderrLine: {'line': b'                 from \x1b[01m\x1b[K/home/rpd/Nav2/src/rplidar_ros/sdk/include/rplidar.h:39\x1b[m\x1b[K,\n'}
[35.852453] (rplidar_ros) StderrLine: {'line': b'                 from \x1b[01m\x1b[K/home/rpd/Nav2/src/rplidar_ros/sdk/src/sdkcommon.h:49\x1b[m\x1b[K,\n'}
[35.852656] (rplidar_ros) StderrLine: {'line': b'                 from \x1b[01m\x1b[K/home/rpd/Nav2/src/rplidar_ros/sdk/src/hal/thread.cpp:35\x1b[m\x1b[K:\n'}
[35.854985] (rplidar_ros) StderrLine: {'line': b'\x1b[01m\x1b[K/home/rpd/Nav2/src/rplidar_ros/sdk/include/sl_lidar_protocol.h:66:16:\x1b[m\x1b[K \x1b[01;35m\x1b[Kwarning: \x1b[m\x1b[KISO C++ forbids zero-size array \xe2\x80\x98\x1b[01m\x1b[Kdata\x1b[m\x1b[K\xe2\x80\x99 [\x1b[01;35m\x1b[K\x1b]8;;https://gcc.gnu.org/onlinedocs/gcc/Warning-Options.html#index-Wpedantic\x07-Wpedantic\x1b]8;;\x07\x1b[m\x1b[K]\n'}
[35.855337] (rplidar_ros) StderrLine: {'line': b'   66 |     sl_u8 data[\x1b[01;35m\x1b[K0\x1b[m\x1b[K];\n'}
[35.855492] (rplidar_ros) StderrLine: {'line': b'      |                \x1b[01;35m\x1b[K^\x1b[m\x1b[K\n'}
[35.861640] (rplidar_ros) StderrLine: {'line': b'In file included from \x1b[01m\x1b[K/home/rpd/Nav2/src/rplidar_ros/sdk/include/rplidar_cmd.h:36\x1b[m\x1b[K,\n'}
[35.862096] (rplidar_ros) StderrLine: {'line': b'                 from \x1b[01m\x1b[K/home/rpd/Nav2/src/rplidar_ros/sdk/include/rplidar.h:40\x1b[m\x1b[K:\n'}
[35.862295] (rplidar_ros) StderrLine: {'line': b'\x1b[01m\x1b[K/home/rpd/Nav2/src/rplidar_ros/sdk/include/sl_lidar_cmd.h:324:20:\x1b[m\x1b[K \x1b[01;35m\x1b[Kwarning: \x1b[m\x1b[KISO C++ forbids zero-size array \xe2\x80\x98\x1b[01m\x1b[Kpayload\x1b[m\x1b[K\xe2\x80\x99 [\x1b[01;35m\x1b[K\x1b]8;;https://gcc.gnu.org/onlinedocs/gcc/Warning-Options.html#index-Wpedantic\x07-Wpedantic\x1b]8;;\x07\x1b[m\x1b[K]\n'}
[35.862453] (rplidar_ros) StderrLine: {'line': b'  324 |     sl_u8  payload[\x1b[01;35m\x1b[K0\x1b[m\x1b[K];\n'}
[35.862654] (rplidar_ros) StderrLine: {'line': b'      |                    \x1b[01;35m\x1b[K^\x1b[m\x1b[K\n'}
[35.883653] (-) TimerEvent: {}
[35.922151] (rplidar_ros) StderrLine: {'line': b'In file included from \x1b[01m\x1b[K/home/rpd/Nav2/src/rplidar_ros/sdk/src/hal/thread.cpp:43\x1b[m\x1b[K:\n'}
[35.922611] (rplidar_ros) StderrLine: {'line': b'\x1b[01m\x1b[K/home/rpd/Nav2/src/rplidar_ros/sdk/src/arch/linux/thread.hpp:\x1b[m\x1b[K In static member function \xe2\x80\x98\x1b[01m\x1b[Kstatic rp::hal::Thread rp::hal::Thread::\x1b[01;32m\x1b[Kcreate\x1b[m\x1b[K(thread_proc_t, void*)\x1b[m\x1b[K\xe2\x80\x99:\n'}
[35.922810] (rplidar_ros) StderrLine: {'line': b'\x1b[01m\x1b[K/home/rpd/Nav2/src/rplidar_ros/sdk/src/arch/linux/thread.hpp:52:57:\x1b[m\x1b[K \x1b[01;35m\x1b[Kwarning: \x1b[m\x1b[Kcast between incompatible function types from \xe2\x80\x98\x1b[01m\x1b[Kthread_proc_t\x1b[m\x1b[K\xe2\x80\x99 {aka \xe2\x80\x98\x1b[01m\x1b[Klong unsigned int (*)(void*)\x1b[m\x1b[K\xe2\x80\x99} to \xe2\x80\x98\x1b[01m\x1b[Kvoid* (*)(void*)\x1b[m\x1b[K\xe2\x80\x99 [\x1b[01;35m\x1b[K\x1b]8;;https://gcc.gnu.org/onlinedocs/gcc/Warning-Options.html#index-Wcast-function-type\x07-Wcast-function-type\x1b]8;;\x07\x1b[m\x1b[K]\n'}
[35.922985] (rplidar_ros) StderrLine: {'line': b'   52 |     pthread_create((pthread_t *)&newborn._handle, NULL, \x1b[01;35m\x1b[K(void * (*)(void *))proc\x1b[m\x1b[K, data);\n'}
[35.923125] (rplidar_ros) StderrLine: {'line': b'      |                                                         \x1b[01;35m\x1b[K^~~~~~~~~~~~~~~~~~~~~~~~\x1b[m\x1b[K\n'}
[35.923902] (rplidar_ros) StderrLine: {'line': b'\x1b[01m\x1b[K/home/rpd/Nav2/src/rplidar_ros/sdk/src/arch/linux/thread.hpp:\x1b[m\x1b[K In member function \xe2\x80\x98\x1b[01m\x1b[Ku_result rp::hal::Thread::\x1b[01;32m\x1b[Kjoin\x1b[m\x1b[K(long unsigned int)\x1b[m\x1b[K\xe2\x80\x99:\n'}
[35.924367] (rplidar_ros) StderrLine: {'line': b'\x1b[01m\x1b[K/home/rpd/Nav2/src/rplidar_ros/sdk/src/arch/linux/thread.hpp:176:37:\x1b[m\x1b[K \x1b[01;35m\x1b[Kwarning: \x1b[m\x1b[Kunused parameter \xe2\x80\x98\x1b[01m\x1b[Ktimeout\x1b[m\x1b[K\xe2\x80\x99 [\x1b[01;35m\x1b[K\x1b]8;;https://gcc.gnu.org/onlinedocs/gcc/Warning-Options.html#index-Wunused-parameter\x07-Wunused-parameter\x1b]8;;\x07\x1b[m\x1b[K]\n'}
[35.924589] (rplidar_ros) StderrLine: {'line': b'  176 | u_result Thread::join(\x1b[01;35m\x1b[Kunsigned long timeout\x1b[m\x1b[K)\n'}
[35.924807] (rplidar_ros) StderrLine: {'line': b'      |                       \x1b[01;35m\x1b[K~~~~~~~~~~~~~~^~~~~~~\x1b[m\x1b[K\n'}
[35.941676] (rplidar_ros) StderrLine: {'line': b'In file included from \x1b[01m\x1b[K/home/rpd/Nav2/src/rplidar_ros/sdk/include/rplidar_protocol.h:36\x1b[m\x1b[K,\n'}
[35.942398] (rplidar_ros) StderrLine: {'line': b'                 from \x1b[01m\x1b[K/home/rpd/Nav2/src/rplidar_ros/sdk/include/rplidar.h:39\x1b[m\x1b[K,\n'}
[35.944040] (rplidar_ros) StderrLine: {'line': b'                 from \x1b[01m\x1b[K/home/rpd/Nav2/src/rplidar_ros/sdk/src/sdkcommon.h:49\x1b[m\x1b[K,\n'}
[35.944431] (rplidar_ros) StderrLine: {'line': b'                 from \x1b[01m\x1b[K/home/rpd/Nav2/src/rplidar_ros/sdk/src/sl_lidarprotocol_codec.cpp:35\x1b[m\x1b[K:\n'}
[35.944689] (rplidar_ros) StderrLine: {'line': b'\x1b[01m\x1b[K/home/rpd/Nav2/src/rplidar_ros/sdk/include/sl_lidar_protocol.h:66:16:\x1b[m\x1b[K \x1b[01;35m\x1b[Kwarning: \x1b[m\x1b[KISO C++ forbids zero-size array \xe2\x80\x98\x1b[01m\x1b[Kdata\x1b[m\x1b[K\xe2\x80\x99 [\x1b[01;35m\x1b[K\x1b]8;;https://gcc.gnu.org/onlinedocs/gcc/Warning-Options.html#index-Wpedantic\x07-Wpedantic\x1b]8;;\x07\x1b[m\x1b[K]\n'}
[35.944870] (rplidar_ros) StderrLine: {'line': b'   66 |     sl_u8 data[\x1b[01;35m\x1b[K0\x1b[m\x1b[K];\n'}
[35.945021] (rplidar_ros) StderrLine: {'line': b'      |                \x1b[01;35m\x1b[K^\x1b[m\x1b[K\n'}
[35.945133] (rplidar_ros) StderrLine: {'line': b'In file included from \x1b[01m\x1b[K/home/rpd/Nav2/src/rplidar_ros/sdk/include/rplidar_cmd.h:36\x1b[m\x1b[K,\n'}
[35.946767] (rplidar_ros) StderrLine: {'line': b'                 from \x1b[01m\x1b[K/home/rpd/Nav2/src/rplidar_ros/sdk/include/rplidar.h:40\x1b[m\x1b[K:\n'}
[35.947185] (rplidar_ros) StderrLine: {'line': b'\x1b[01m\x1b[K/home/rpd/Nav2/src/rplidar_ros/sdk/include/sl_lidar_cmd.h:324:20:\x1b[m\x1b[K \x1b[01;35m\x1b[Kwarning: \x1b[m\x1b[KISO C++ forbids zero-size array \xe2\x80\x98\x1b[01m\x1b[Kpayload\x1b[m\x1b[K\xe2\x80\x99 [\x1b[01;35m\x1b[K\x1b]8;;https://gcc.gnu.org/onlinedocs/gcc/Warning-Options.html#index-Wpedantic\x07-Wpedantic\x1b]8;;\x07\x1b[m\x1b[K]\n'}
[35.947387] (rplidar_ros) StderrLine: {'line': b'  324 |     sl_u8  payload[\x1b[01;35m\x1b[K0\x1b[m\x1b[K];\n'}
[35.947600] (rplidar_ros) StderrLine: {'line': b'      |                    \x1b[01;35m\x1b[K^\x1b[m\x1b[K\n'}
[35.968635] (explore_lite) StdoutLine: {'line': b'-- Performing Test CMAKE_HAVE_LIBC_PTHREAD - Success\n'}
[35.970599] (explore_lite) StdoutLine: {'line': b'-- Found Threads: TRUE  \n'}
[35.983814] (-) TimerEvent: {}
[36.000622] (explore_lite) StdoutLine: {'line': b"-- Added test 'cppcheck' to perform static code analysis on C / C++ code\n"}
[36.001001] (explore_lite) StdoutLine: {'line': b'-- Configured cppcheck include dirs: /home/rpd/Nav2/src/m-explore-ros2/explore/include;$<BUILD_INTERFACE:/home/rpd/Nav2/src/m-explore-ros2/explore/include>\n'}
[36.001213] (explore_lite) StdoutLine: {'line': b'-- Configured cppcheck exclude dirs and/or files: \n'}
[36.006457] (explore_lite) StdoutLine: {'line': b"-- Added test 'flake8' to check Python code syntax and style conventions\n"}
[36.006827] (explore_lite) StdoutLine: {'line': b"-- Configured 'flake8' exclude dirs and/or files: \n"}
[36.007065] (explore_lite) StdoutLine: {'line': b"-- Added test 'lint_cmake' to check CMake code style\n"}
[36.014743] (explore_lite) StdoutLine: {'line': b"-- Added test 'pep257' to check Python code against some of the docstring style conventions in PEP 257\n"}
[36.022123] (explore_lite) StdoutLine: {'line': b"-- Added test 'uncrustify' to check C / C++ code style\n"}
[36.022808] (explore_lite) StdoutLine: {'line': b'-- Configured uncrustify additional arguments: \n'}
[36.030735] (explore_lite) StdoutLine: {'line': b"-- Added test 'xmllint' to check XML markup files\n"}
[36.042756] (explore_lite) StdoutLine: {'line': b'-- Configuring done (9.4s)\n'}
[36.083958] (-) TimerEvent: {}
[36.150336] (rplidar_ros) StdoutLine: {'line': b'[ 65%] \x1b[32mBuilding CXX object CMakeFiles/rplidar_composition.dir/sdk/src/rplidar_driver.cpp.o\x1b[0m\n'}
[36.185609] (-) TimerEvent: {}
[36.286362] (-) TimerEvent: {}
[36.387100] (-) TimerEvent: {}
[36.415110] (rplidar_ros) StderrLine: {'line': b'In file included from \x1b[01m\x1b[K/home/rpd/Nav2/src/rplidar_ros/sdk/src/sl_lidarprotocol_codec.cpp:49\x1b[m\x1b[K:\n'}
[36.415549] (rplidar_ros) StderrLine: {'line': b'\x1b[01m\x1b[K/home/rpd/Nav2/src/rplidar_ros/sdk/src/sl_async_transceiver.h:\x1b[m\x1b[K In member function \xe2\x80\x98\x1b[01m\x1b[Kvirtual void sl::internal::IAsyncProtocolCodec::\x1b[01;32m\x1b[KonChannelError\x1b[m\x1b[K(u_result)\x1b[m\x1b[K\xe2\x80\x99:\n'}
[36.415823] (rplidar_ros) StderrLine: {'line': b'\x1b[01m\x1b[K/home/rpd/Nav2/src/rplidar_ros/sdk/src/sl_async_transceiver.h:90:48:\x1b[m\x1b[K \x1b[01;35m\x1b[Kwarning: \x1b[m\x1b[Kunused parameter \xe2\x80\x98\x1b[01m\x1b[KerrCode\x1b[m\x1b[K\xe2\x80\x99 [\x1b[01;35m\x1b[K\x1b]8;;https://gcc.gnu.org/onlinedocs/gcc/Warning-Options.html#index-Wunused-parameter\x07-Wunused-parameter\x1b]8;;\x07\x1b[m\x1b[K]\n'}
[36.416041] (rplidar_ros) StderrLine: {'line': b'   90 |         virtual void   onChannelError(\x1b[01;35m\x1b[Ku_result errCode\x1b[m\x1b[K) {}\n'}
[36.416254] (rplidar_ros) StderrLine: {'line': b'      |                                       \x1b[01;35m\x1b[K~~~~~~~~~^~~~~~~\x1b[m\x1b[K\n'}
[36.487253] (-) TimerEvent: {}
[36.588024] (-) TimerEvent: {}
[36.813628] (explore_lite) StdoutLine: {'line': b'-- Generating done (0.7s)\n'}
[36.814014] (-) TimerEvent: {}
[36.870732] (explore_lite) StdoutLine: {'line': b'-- Build files have been written to: /home/rpd/Nav2/build/explore_lite\n'}
[36.916664] (-) TimerEvent: {}
[36.990644] (explore_lite) CommandEnded: {'returncode': 0}
[36.991285] (explore_lite) JobProgress: {'identifier': 'explore_lite', 'progress': 'build'}
[36.991339] (explore_lite) Command: {'cmd': ['/usr/bin/cmake', '--build', '/home/rpd/Nav2/build/explore_lite', '--', '-j4', '-l4'], 'cwd': '/home/rpd/Nav2/build/explore_lite', 'env': OrderedDict({'LESSOPEN': '| /usr/bin/lesspipe %s', 'USER': 'rpd', 'SSH_CLIENT': '192.168.20.51 43874 22', 'GZ_CONFIG_PATH': '/opt/ros/jazzy/opt/gz_sim_vendor/share/gz:/opt/ros/jazzy/opt/sdformat_vendor/share/gz:/opt/ros/jazzy/opt/gz_gui_vendor/share/gz:/opt/ros/jazzy/opt/gz_transport_vendor/share/gz:/opt/ros/jazzy/opt/gz_rendering_vendor/share/gz:/opt/ros/jazzy/opt/gz_plugin_vendor/share/gz:/opt/ros/jazzy/opt/gz_fuel_tools_vendor/share/gz:/opt/ros/jazzy/opt/gz_msgs_vendor/share/gz:/opt/ros/jazzy/opt/gz_common_vendor/share/gz', 'XDG_SESSION_TYPE': 'tty', 'SHLVL': '1', 'LD_LIBRARY_PATH': '/home/rpd/Nav2/install/explore_lite_msgs/lib:/opt/ros/jazzy/opt/gz_sim_vendor/lib:/opt/ros/jazzy/opt/gz_sensors_vendor/lib:/opt/ros/jazzy/opt/gz_physics_vendor/lib:/opt/ros/jazzy/opt/sdformat_vendor/lib:/opt/ros/jazzy/opt/rviz_ogre_vendor/lib:/opt/ros/jazzy/lib/aarch64-linux-gnu:/opt/ros/jazzy/opt/gz_gui_vendor/lib:/opt/ros/jazzy/opt/gz_transport_vendor/lib:/opt/ros/jazzy/opt/gz_rendering_vendor/lib:/opt/ros/jazzy/opt/gz_plugin_vendor/lib:/opt/ros/jazzy/opt/gz_fuel_tools_vendor/lib:/opt/ros/jazzy/opt/gz_msgs_vendor/lib:/opt/ros/jazzy/opt/gz_common_vendor/lib:/opt/ros/jazzy/opt/gz_math_vendor/lib:/opt/ros/jazzy/opt/gz_utils_vendor/lib:/opt/ros/jazzy/opt/gz_tools_vendor/lib:/opt/ros/jazzy/opt/gz_ogre_next_vendor/lib:/opt/ros/jazzy/opt/gz_dartsim_vendor/lib:/opt/ros/jazzy/opt/gz_cmake_vendor/lib:/opt/ros/jazzy/lib', 'HOME': '/home/rpd', 'OLDPWD': '/home/rpd/Nav2/src', 'SSH_TTY': '/dev/pts/0', 'ROS_PYTHON_VERSION': '3', 'DBUS_SESSION_BUS_ADDRESS': 'unix:path=/run/user/1000/bus', 'ROS_DISTRO': 'jazzy', 'LOGNAME': 'rpd', '_': '/usr/bin/colcon', 'ROS_VERSION': '2', 'XDG_SESSION_CLASS': 'user', 'TERM': 'xterm-256color', 'XDG_SESSION_ID': '5', 'PATH': '/home/rpd/.local/bin:/home/rpd/.local/bin:/opt/ros/jazzy/opt/gz_msgs_vendor/bin:/opt/ros/jazzy/opt/gz_tools_vendor/bin:/opt/ros/jazzy/opt/gz_ogre_next_vendor/bin:/opt/ros/jazzy/bin:/usr/local/sbin:/usr/local/bin:/usr/sbin:/usr/bin:/sbin:/bin:/usr/games:/usr/local/games:/snap/bin', 'XDG_RUNTIME_DIR': '/run/user/1000', 'DISPLAY': 'localhost:10.0', 'LANG': 'en_US.UTF-8', 'LS_COLORS': 'rs=0:di=01;34:ln=01;36:mh=00:pi=40;33:so=01;35:do=01;35:bd=40;33;01:cd=40;33;01:or=40;31;01:mi=00:su=37;41:sg=30;43:ca=00:tw=30;42:ow=34;42:st=37;44:ex=01;32:*.tar=01;31:*.tgz=01;31:*.arc=01;31:*.arj=01;31:*.taz=01;31:*.lha=01;31:*.lz4=01;31:*.lzh=01;31:*.lzma=01;31:*.tlz=01;31:*.txz=01;31:*.tzo=01;31:*.t7z=01;31:*.zip=01;31:*.z=01;31:*.dz=01;31:*.gz=01;31:*.lrz=01;31:*.lz=01;31:*.lzo=01;31:*.xz=01;31:*.zst=01;31:*.tzst=01;31:*.bz2=01;31:*.bz=01;31:*.tbz=01;31:*.tbz2=01;31:*.tz=01;31:*.deb=01;31:*.rpm=01;31:*.jar=01;31:*.war=01;31:*.ear=01;31:*.sar=01;31:*.rar=01;31:*.alz=01;31:*.ace=01;31:*.zoo=01;31:*.cpio=01;31:*.7z=01;31:*.rz=01;31:*.cab=01;31:*.wim=01;31:*.swm=01;31:*.dwm=01;31:*.esd=01;31:*.avif=01;35:*.jpg=01;35:*.jpeg=01;35:*.mjpg=01;35:*.mjpeg=01;35:*.gif=01;35:*.bmp=01;35:*.pbm=01;35:*.pgm=01;35:*.ppm=01;35:*.tga=01;35:*.xbm=01;35:*.xpm=01;35:*.tif=01;35:*.tiff=01;35:*.png=01;35:*.svg=01;35:*.svgz=01;35:*.mng=01;35:*.pcx=01;35:*.mov=01;35:*.mpg=01;35:*.mpeg=01;35:*.m2v=01;35:*.mkv=01;35:*.webm=01;35:*.webp=01;35:*.ogm=01;35:*.mp4=01;35:*.m4v=01;35:*.mp4v=01;35:*.vob=01;35:*.qt=01;35:*.nuv=01;35:*.wmv=01;35:*.asf=01;35:*.rm=01;35:*.rmvb=01;35:*.flc=01;35:*.avi=01;35:*.fli=01;35:*.flv=01;35:*.gl=01;35:*.dl=01;35:*.xcf=01;35:*.xwd=01;35:*.yuv=01;35:*.cgm=01;35:*.emf=01;35:*.ogv=01;35:*.ogx=01;35:*.aac=00;36:*.au=00;36:*.flac=00;36:*.m4a=00;36:*.mid=00;36:*.midi=00;36:*.mka=00;36:*.mp3=00;36:*.mpc=00;36:*.ogg=00;36:*.ra=00;36:*.wav=00;36:*.oga=00;36:*.opus=00;36:*.spx=00;36:*.xspf=00;36:*~=00;90:*#=00;90:*.bak=00;90:*.crdownload=00;90:*.dpkg-dist=00;90:*.dpkg-new=00;90:*.dpkg-old=00;90:*.dpkg-tmp=00;90:*.old=00;90:*.orig=00;90:*.part=00;90:*.rej=00;90:*.rpmnew=00;90:*.rpmorig=00;90:*.rpmsave=00;90:*.swp=00;90:*.tmp=00;90:*.ucf-dist=00;90:*.ucf-new=00;90:*.ucf-old=00;90:', 'ROS_DOMAIN_ID': '12', 'AMENT_PREFIX_PATH': '/home/rpd/Nav2/install/explore_lite_msgs:/opt/ros/jazzy', 'SHELL': '/bin/bash', 'LESSCLOSE': '/usr/bin/lesspipe %s %s', 'ROS_AUTOMATIC_DISCOVERY_RANGE': 'SUBNET', 'PWD': '/home/rpd/Nav2/build/explore_lite', 'LC_ALL': 'en_US.UTF-8', 'SSH_CONNECTION': '192.168.20.51 43874 192.168.22.22 22', 'XDG_DATA_DIRS': '/usr/local/share:/usr/share:/var/lib/snapd/desktop', 'PYTHONPATH': '/home/rpd/Nav2/install/explore_lite_msgs/lib/python3.12/site-packages:/opt/ros/jazzy/lib/python3.12/site-packages:/usr/local/lib:/usr/local/lib/python3/dist-packages:/usr/local/lib/python3.11/site-packages', 'COLCON': '1', 'CMAKE_PREFIX_PATH': '/home/rpd/Nav2/install/explore_lite_msgs:/opt/ros/jazzy/opt/gz_sim_vendor:/opt/ros/jazzy/opt/gz_sensors_vendor:/opt/ros/jazzy/opt/gz_physics_vendor:/opt/ros/jazzy/opt/sdformat_vendor:/opt/ros/jazzy/opt/gz_gui_vendor:/opt/ros/jazzy/opt/gz_transport_vendor:/opt/ros/jazzy/opt/gz_rendering_vendor:/opt/ros/jazzy/opt/gz_plugin_vendor:/opt/ros/jazzy/opt/gz_fuel_tools_vendor:/opt/ros/jazzy/opt/gz_msgs_vendor:/opt/ros/jazzy/opt/gz_common_vendor:/opt/ros/jazzy/opt/gz_math_vendor:/opt/ros/jazzy/opt/gz_utils_vendor:/opt/ros/jazzy/opt/gz_tools_vendor:/opt/ros/jazzy/opt/gz_ogre_next_vendor:/opt/ros/jazzy/opt/gz_dartsim_vendor:/opt/ros/jazzy/opt/gz_cmake_vendor:/opt/ros/jazzy'}), 'shell': False}
[36.992594] (rplidar_ros) StdoutLine: {'line': b'[ 68%] \x1b[32mBuilding CXX object CMakeFiles/rplidar_composition.dir/sdk/src/sl_async_transceiver.cpp.o\x1b[0m\n'}
[37.016832] (-) TimerEvent: {}
[37.043868] (rplidar_ros) StderrLine: {'line': b'In file included from \x1b[01m\x1b[K/home/rpd/Nav2/src/rplidar_ros/sdk/include/rplidar_protocol.h:36\x1b[m\x1b[K,\n'}
[37.044234] (rplidar_ros) StderrLine: {'line': b'                 from \x1b[01m\x1b[K/home/rpd/Nav2/src/rplidar_ros/sdk/include/rplidar.h:39\x1b[m\x1b[K,\n'}
[37.044394] (rplidar_ros) StderrLine: {'line': b'                 from \x1b[01m\x1b[K/home/rpd/Nav2/src/rplidar_ros/sdk/src/sdkcommon.h:49\x1b[m\x1b[K,\n'}
[37.044537] (rplidar_ros) StderrLine: {'line': b'                 from \x1b[01m\x1b[K/home/rpd/Nav2/src/rplidar_ros/sdk/src/rplidar_driver.cpp:33\x1b[m\x1b[K:\n'}
[37.044683] (rplidar_ros) StderrLine: {'line': b'\x1b[01m\x1b[K/home/rpd/Nav2/src/rplidar_ros/sdk/include/sl_lidar_protocol.h:66:16:\x1b[m\x1b[K \x1b[01;35m\x1b[Kwarning: \x1b[m\x1b[KISO C++ forbids zero-size array \xe2\x80\x98\x1b[01m\x1b[Kdata\x1b[m\x1b[K\xe2\x80\x99 [\x1b[01;35m\x1b[K\x1b]8;;https://gcc.gnu.org/onlinedocs/gcc/Warning-Options.html#index-Wpedantic\x07-Wpedantic\x1b]8;;\x07\x1b[m\x1b[K]\n'}
[37.044792] (rplidar_ros) StderrLine: {'line': b'   66 |     sl_u8 data[\x1b[01;35m\x1b[K0\x1b[m\x1b[K];\n'}
[37.044896] (rplidar_ros) StderrLine: {'line': b'      |                \x1b[01;35m\x1b[K^\x1b[m\x1b[K\n'}
[37.045015] (rplidar_ros) StderrLine: {'line': b'In file included from \x1b[01m\x1b[K/home/rpd/Nav2/src/rplidar_ros/sdk/include/rplidar_cmd.h:36\x1b[m\x1b[K,\n'}
[37.045186] (rplidar_ros) StderrLine: {'line': b'                 from \x1b[01m\x1b[K/home/rpd/Nav2/src/rplidar_ros/sdk/include/rplidar.h:40\x1b[m\x1b[K:\n'}
[37.045346] (rplidar_ros) StderrLine: {'line': b'\x1b[01m\x1b[K/home/rpd/Nav2/src/rplidar_ros/sdk/include/sl_lidar_cmd.h:324:20:\x1b[m\x1b[K \x1b[01;35m\x1b[Kwarning: \x1b[m\x1b[KISO C++ forbids zero-size array \xe2\x80\x98\x1b[01m\x1b[Kpayload\x1b[m\x1b[K\xe2\x80\x99 [\x1b[01;35m\x1b[K\x1b]8;;https://gcc.gnu.org/onlinedocs/gcc/Warning-Options.html#index-Wpedantic\x07-Wpedantic\x1b]8;;\x07\x1b[m\x1b[K]\n'}
[37.045477] (rplidar_ros) StderrLine: {'line': b'  324 |     sl_u8  payload[\x1b[01;35m\x1b[K0\x1b[m\x1b[K];\n'}
[37.045614] (rplidar_ros) StderrLine: {'line': b'      |                    \x1b[01;35m\x1b[K^\x1b[m\x1b[K\n'}
[37.124611] (-) TimerEvent: {}
[37.152805] (rplidar_ros) StderrLine: {'line': b'\x1b[01m\x1b[K/home/rpd/Nav2/src/rplidar_ros/sdk/src/rplidar_driver.cpp:\x1b[m\x1b[K In member function \xe2\x80\x98\x1b[01m\x1b[Ku_result rp::standalone::rplidar::RPlidarDriver::\x1b[01;32m\x1b[Kconnect\x1b[m\x1b[K(const char*, _u32, _u32)\x1b[m\x1b[K\xe2\x80\x99:\n'}
[37.153174] (rplidar_ros) StderrLine: {'line': b'\x1b[01m\x1b[K/home/rpd/Nav2/src/rplidar_ros/sdk/src/rplidar_driver.cpp:67:77:\x1b[m\x1b[K \x1b[01;35m\x1b[Kwarning: \x1b[m\x1b[Kunused parameter \xe2\x80\x98\x1b[01m\x1b[Kflag\x1b[m\x1b[K\xe2\x80\x99 [\x1b[01;35m\x1b[K\x1b]8;;https://gcc.gnu.org/onlinedocs/gcc/Warning-Options.html#index-Wunused-parameter\x07-Wunused-parameter\x1b]8;;\x07\x1b[m\x1b[K]\n'}
[37.153342] (rplidar_ros) StderrLine: {'line': b'   67 |     u_result RPlidarDriver::connect(const char *path, _u32 portOrBaud, \x1b[01;35m\x1b[K_u32 flag\x1b[m\x1b[K)\n'}
[37.153461] (rplidar_ros) StderrLine: {'line': b'      |                                                                        \x1b[01;35m\x1b[K~~~~~^~~~\x1b[m\x1b[K\n'}
[37.153633] (rplidar_ros) StderrLine: {'line': b'\x1b[01m\x1b[K/home/rpd/Nav2/src/rplidar_ros/sdk/src/rplidar_driver.cpp:\x1b[m\x1b[K In member function \xe2\x80\x98\x1b[01m\x1b[Ku_result rp::standalone::rplidar::RPlidarDriver::\x1b[01;32m\x1b[Kreset\x1b[m\x1b[K(_u32)\x1b[m\x1b[K\xe2\x80\x99:\n'}
[37.153811] (rplidar_ros) StderrLine: {'line': b'\x1b[01m\x1b[K/home/rpd/Nav2/src/rplidar_ros/sdk/src/rplidar_driver.cpp:101:40:\x1b[m\x1b[K \x1b[01;35m\x1b[Kwarning: \x1b[m\x1b[Kunused parameter \xe2\x80\x98\x1b[01m\x1b[Ktimeout\x1b[m\x1b[K\xe2\x80\x99 [\x1b[01;35m\x1b[K\x1b]8;;https://gcc.gnu.org/onlinedocs/gcc/Warning-Options.html#index-Wunused-parameter\x07-Wunused-parameter\x1b]8;;\x07\x1b[m\x1b[K]\n'}
[37.153944] (rplidar_ros) StderrLine: {'line': b'  101 |     u_result RPlidarDriver::reset(\x1b[01;35m\x1b[K_u32 timeout\x1b[m\x1b[K)\n'}
[37.154052] (rplidar_ros) StderrLine: {'line': b'      |                                   \x1b[01;35m\x1b[K~~~~~^~~~~~~\x1b[m\x1b[K\n'}
[37.154314] (rplidar_ros) StderrLine: {'line': b'\x1b[01m\x1b[K/home/rpd/Nav2/src/rplidar_ros/sdk/src/rplidar_driver.cpp:\x1b[m\x1b[K In member function \xe2\x80\x98\x1b[01m\x1b[Ku_result rp::standalone::rplidar::RPlidarDriver::\x1b[01;32m\x1b[KgetScanDataWithInterval\x1b[m\x1b[K(rplidar_response_measurement_node_t*, size_t&)\x1b[m\x1b[K\xe2\x80\x99:\n'}
[37.154563] (rplidar_ros) StderrLine: {'line': b'\x1b[01m\x1b[K/home/rpd/Nav2/src/rplidar_ros/sdk/src/rplidar_driver.cpp:180:91:\x1b[m\x1b[K \x1b[01;35m\x1b[Kwarning: \x1b[m\x1b[Kunused parameter \xe2\x80\x98\x1b[01m\x1b[Knodebuffer\x1b[m\x1b[K\xe2\x80\x99 [\x1b[01;35m\x1b[K\x1b]8;;https://gcc.gnu.org/onlinedocs/gcc/Warning-Options.html#index-Wunused-parameter\x07-Wunused-parameter\x1b]8;;\x07\x1b[m\x1b[K]\n'}
[37.154720] (rplidar_ros) StderrLine: {'line': b'  180 |     u_result RPlidarDriver::getScanDataWithInterval(\x1b[01;35m\x1b[Krplidar_response_measurement_node_t * nodebuffer\x1b[m\x1b[K, size_t & count)\n'}
[37.154824] (rplidar_ros) StderrLine: {'line': b'      |                                                     \x1b[01;35m\x1b[K~~~~~~~~~~~~~~~~~~~~~~~~~~~~~~~~~~~~~~^~~~~~~~~~\x1b[m\x1b[K\n'}
[37.154916] (rplidar_ros) StderrLine: {'line': b'\x1b[01m\x1b[K/home/rpd/Nav2/src/rplidar_ros/sdk/src/rplidar_driver.cpp:180:112:\x1b[m\x1b[K \x1b[01;35m\x1b[Kwarning: \x1b[m\x1b[Kunused parameter \xe2\x80\x98\x1b[01m\x1b[Kcount\x1b[m\x1b[K\xe2\x80\x99 [\x1b[01;35m\x1b[K\x1b]8;;https://gcc.gnu.org/onlinedocs/gcc/Warning-Options.html#index-Wunused-parameter\x07-Wunused-parameter\x1b]8;;\x07\x1b[m\x1b[K]\n'}
[37.155002] (rplidar_ros) StderrLine: {'line': b'  180 |     u_result RPlidarDriver::getScanDataWithInterval(rplidar_response_measurement_node_t * nodebuffer, \x1b[01;35m\x1b[Ksize_t & count\x1b[m\x1b[K)\n'}
[37.155081] (rplidar_ros) StderrLine: {'line': b'      |                                                                                                       \x1b[01;35m\x1b[K~~~~~~~~~^~~~~\x1b[m\x1b[K\n'}
[37.226957] (-) TimerEvent: {}
[37.257125] (explore_lite) StdoutLine: {'line': b'[ 10%] \x1b[32mBuilding CXX object CMakeFiles/explore.dir/src/explore.cpp.o\x1b[0m\n'}
[37.274490] (explore_lite) StdoutLine: {'line': b'[ 20%] \x1b[32mBuilding CXX object gtest/CMakeFiles/gtest.dir/src/gtest-all.cc.o\x1b[0m\n'}
[37.274896] (explore_lite) StdoutLine: {'line': b'[ 30%] \x1b[32mBuilding CXX object gtest/CMakeFiles/gtest_main.dir/src/gtest_main.cc.o\x1b[0m\n'}
[37.307650] (explore_lite) StdoutLine: {'line': b'[ 40%] \x1b[32mBuilding CXX object CMakeFiles/explore.dir/src/costmap_client.cpp.o\x1b[0m\n'}
[37.327105] (-) TimerEvent: {}
[37.429699] (-) TimerEvent: {}
[37.531621] (-) TimerEvent: {}
[37.632293] (-) TimerEvent: {}
[37.737651] (-) TimerEvent: {}
[37.838194] (-) TimerEvent: {}
[37.886688] (rplidar_ros) StdoutLine: {'line': b'[ 71%] \x1b[32mBuilding CXX object CMakeFiles/rplidar_composition.dir/sdk/src/sl_crc.cpp.o\x1b[0m\n'}
[37.939587] (-) TimerEvent: {}
[37.948272] (rplidar_ros) StderrLine: {'line': b'In file included from \x1b[01m\x1b[K/home/rpd/Nav2/src/rplidar_ros/sdk/include/sl_lidar_cmd.h:41\x1b[m\x1b[K,\n'}
[37.948613] (rplidar_ros) StderrLine: {'line': b'                 from \x1b[01m\x1b[K/home/rpd/Nav2/src/rplidar_ros/sdk/include/sl_crc.h:36\x1b[m\x1b[K,\n'}
[37.948748] (rplidar_ros) StderrLine: {'line': b'                 from \x1b[01m\x1b[K/home/rpd/Nav2/src/rplidar_ros/sdk/src/sl_crc.cpp:33\x1b[m\x1b[K:\n'}
[37.948901] (rplidar_ros) StderrLine: {'line': b'\x1b[01m\x1b[K/home/rpd/Nav2/src/rplidar_ros/sdk/include/sl_lidar_protocol.h:66:16:\x1b[m\x1b[K \x1b[01;35m\x1b[Kwarning: \x1b[m\x1b[KISO C++ forbids zero-size array \xe2\x80\x98\x1b[01m\x1b[Kdata\x1b[m\x1b[K\xe2\x80\x99 [\x1b[01;35m\x1b[K\x1b]8;;https://gcc.gnu.org/onlinedocs/gcc/Warning-Options.html#index-Wpedantic\x07-Wpedantic\x1b]8;;\x07\x1b[m\x1b[K]\n'}
[37.949029] (rplidar_ros) StderrLine: {'line': b'   66 |     sl_u8 data[\x1b[01;35m\x1b[K0\x1b[m\x1b[K];\n'}
[37.949119] (rplidar_ros) StderrLine: {'line': b'      |                \x1b[01;35m\x1b[K^\x1b[m\x1b[K\n'}
[37.961678] (rplidar_ros) StderrLine: {'line': b'\x1b[01m\x1b[K/home/rpd/Nav2/src/rplidar_ros/sdk/include/sl_lidar_cmd.h:324:20:\x1b[m\x1b[K \x1b[01;35m\x1b[Kwarning: \x1b[m\x1b[KISO C++ forbids zero-size array \xe2\x80\x98\x1b[01m\x1b[Kpayload\x1b[m\x1b[K\xe2\x80\x99 [\x1b[01;35m\x1b[K\x1b]8;;https://gcc.gnu.org/onlinedocs/gcc/Warning-Options.html#index-Wpedantic\x07-Wpedantic\x1b]8;;\x07\x1b[m\x1b[K]\n'}
[37.962154] (rplidar_ros) StderrLine: {'line': b'  324 |     sl_u8  payload[\x1b[01;35m\x1b[K0\x1b[m\x1b[K];\n'}
[37.962323] (rplidar_ros) StderrLine: {'line': b'      |                    \x1b[01;35m\x1b[K^\x1b[m\x1b[K\n'}
[38.003846] (rplidar_ros) StdoutLine: {'line': b'[ 73%] \x1b[32mBuilding CXX object CMakeFiles/rplidar_composition.dir/sdk/src/sl_lidar_driver.cpp.o\x1b[0m\n'}
[38.042606] (-) TimerEvent: {}
[38.143602] (-) TimerEvent: {}
[38.244102] (-) TimerEvent: {}
[38.342608] (rplidar_ros) StdoutLine: {'line': b'[ 76%] \x1b[32mBuilding CXX object CMakeFiles/rplidar_node.dir/sdk/src/sl_serial_channel.cpp.o\x1b[0m\n'}
[38.345631] (-) TimerEvent: {}
[38.446114] (-) TimerEvent: {}
[38.546791] (-) TimerEvent: {}
[38.647643] (-) TimerEvent: {}
[38.749690] (-) TimerEvent: {}
[38.850305] (-) TimerEvent: {}
[38.952658] (-) TimerEvent: {}
[39.054621] (-) TimerEvent: {}
[39.155140] (-) TimerEvent: {}
[39.256907] (-) TimerEvent: {}
[39.359878] (-) TimerEvent: {}
[39.460590] (-) TimerEvent: {}
[39.564026] (-) TimerEvent: {}
[39.634442] (rplidar_ros) StderrLine: {'line': b'In file included from \x1b[01m\x1b[K/home/rpd/Nav2/src/rplidar_ros/sdk/include/rplidar_protocol.h:36\x1b[m\x1b[K,\n'}
[39.634830] (rplidar_ros) StderrLine: {'line': b'                 from \x1b[01m\x1b[K/home/rpd/Nav2/src/rplidar_ros/sdk/include/rplidar.h:39\x1b[m\x1b[K,\n'}
[39.634979] (rplidar_ros) StderrLine: {'line': b'                 from \x1b[01m\x1b[K/home/rpd/Nav2/src/rplidar_ros/sdk/src/sdkcommon.h:49\x1b[m\x1b[K,\n'}
[39.635168] (rplidar_ros) StderrLine: {'line': b'                 from \x1b[01m\x1b[K/home/rpd/Nav2/src/rplidar_ros/sdk/src/sl_lidar_driver.cpp:33\x1b[m\x1b[K:\n'}
[39.635322] (rplidar_ros) StderrLine: {'line': b'\x1b[01m\x1b[K/home/rpd/Nav2/src/rplidar_ros/sdk/include/sl_lidar_protocol.h:66:16:\x1b[m\x1b[K \x1b[01;35m\x1b[Kwarning: \x1b[m\x1b[KISO C++ forbids zero-size array \xe2\x80\x98\x1b[01m\x1b[Kdata\x1b[m\x1b[K\xe2\x80\x99 [\x1b[01;35m\x1b[K\x1b]8;;https://gcc.gnu.org/onlinedocs/gcc/Warning-Options.html#index-Wpedantic\x07-Wpedantic\x1b]8;;\x07\x1b[m\x1b[K]\n'}
[39.635514] (rplidar_ros) StderrLine: {'line': b'   66 |     sl_u8 data[\x1b[01;35m\x1b[K0\x1b[m\x1b[K];\n'}
[39.635708] (rplidar_ros) StderrLine: {'line': b'      |                \x1b[01;35m\x1b[K^\x1b[m\x1b[K\n'}
[39.635985] (rplidar_ros) StderrLine: {'line': b'In file included from \x1b[01m\x1b[K/home/rpd/Nav2/src/rplidar_ros/sdk/include/rplidar_cmd.h:36\x1b[m\x1b[K,\n'}
[39.636167] (rplidar_ros) StderrLine: {'line': b'                 from \x1b[01m\x1b[K/home/rpd/Nav2/src/rplidar_ros/sdk/include/rplidar.h:40\x1b[m\x1b[K:\n'}
[39.636303] (rplidar_ros) StderrLine: {'line': b'\x1b[01m\x1b[K/home/rpd/Nav2/src/rplidar_ros/sdk/include/sl_lidar_cmd.h:324:20:\x1b[m\x1b[K \x1b[01;35m\x1b[Kwarning: \x1b[m\x1b[KISO C++ forbids zero-size array \xe2\x80\x98\x1b[01m\x1b[Kpayload\x1b[m\x1b[K\xe2\x80\x99 [\x1b[01;35m\x1b[K\x1b]8;;https://gcc.gnu.org/onlinedocs/gcc/Warning-Options.html#index-Wpedantic\x07-Wpedantic\x1b]8;;\x07\x1b[m\x1b[K]\n'}
[39.636487] (rplidar_ros) StderrLine: {'line': b'  324 |     sl_u8  payload[\x1b[01;35m\x1b[K0\x1b[m\x1b[K];\n'}
[39.636672] (rplidar_ros) StderrLine: {'line': b'      |                    \x1b[01;35m\x1b[K^\x1b[m\x1b[K\n'}
[39.664184] (-) TimerEvent: {}
[39.765915] (-) TimerEvent: {}
[39.771653] (rplidar_ros) StderrLine: {'line': b'In file included from \x1b[01m\x1b[K/home/rpd/Nav2/src/rplidar_ros/sdk/include/rplidar_protocol.h:36\x1b[m\x1b[K,\n'}
[39.775554] (rplidar_ros) StderrLine: {'line': b'                 from \x1b[01m\x1b[K/home/rpd/Nav2/src/rplidar_ros/sdk/include/rplidar.h:39\x1b[m\x1b[K,\n'}
[39.775920] (rplidar_ros) StderrLine: {'line': b'                 from \x1b[01m\x1b[K/home/rpd/Nav2/src/rplidar_ros/sdk/src/sdkcommon.h:49\x1b[m\x1b[K,\n'}
[39.776091] (rplidar_ros) StderrLine: {'line': b'                 from \x1b[01m\x1b[K/home/rpd/Nav2/src/rplidar_ros/sdk/src/sl_async_transceiver.cpp:35\x1b[m\x1b[K:\n'}
[39.776253] (rplidar_ros) StderrLine: {'line': b'\x1b[01m\x1b[K/home/rpd/Nav2/src/rplidar_ros/sdk/include/sl_lidar_protocol.h:66:16:\x1b[m\x1b[K \x1b[01;35m\x1b[Kwarning: \x1b[m\x1b[KISO C++ forbids zero-size array \xe2\x80\x98\x1b[01m\x1b[Kdata\x1b[m\x1b[K\xe2\x80\x99 [\x1b[01;35m\x1b[K\x1b]8;;https://gcc.gnu.org/onlinedocs/gcc/Warning-Options.html#index-Wpedantic\x07-Wpedantic\x1b]8;;\x07\x1b[m\x1b[K]\n'}
[39.776444] (rplidar_ros) StderrLine: {'line': b'   66 |     sl_u8 data[\x1b[01;35m\x1b[K0\x1b[m\x1b[K];\n'}
[39.776650] (rplidar_ros) StderrLine: {'line': b'      |                \x1b[01;35m\x1b[K^\x1b[m\x1b[K\n'}
[39.776786] (rplidar_ros) StderrLine: {'line': b'In file included from \x1b[01m\x1b[K/home/rpd/Nav2/src/rplidar_ros/sdk/include/rplidar_cmd.h:36\x1b[m\x1b[K,\n'}
[39.779028] (rplidar_ros) StderrLine: {'line': b'                 from \x1b[01m\x1b[K/home/rpd/Nav2/src/rplidar_ros/sdk/include/rplidar.h:40\x1b[m\x1b[K:\n'}
[39.782640] (rplidar_ros) StderrLine: {'line': b'\x1b[01m\x1b[K/home/rpd/Nav2/src/rplidar_ros/sdk/include/sl_lidar_cmd.h:324:20:\x1b[m\x1b[K \x1b[01;35m\x1b[Kwarning: \x1b[m\x1b[KISO C++ forbids zero-size array \xe2\x80\x98\x1b[01m\x1b[Kpayload\x1b[m\x1b[K\xe2\x80\x99 [\x1b[01;35m\x1b[K\x1b]8;;https://gcc.gnu.org/onlinedocs/gcc/Warning-Options.html#index-Wpedantic\x07-Wpedantic\x1b]8;;\x07\x1b[m\x1b[K]\n'}
[39.783005] (rplidar_ros) StderrLine: {'line': b'  324 |     sl_u8  payload[\x1b[01;35m\x1b[K0\x1b[m\x1b[K];\n'}
[39.783124] (rplidar_ros) StderrLine: {'line': b'      |                    \x1b[01;35m\x1b[K^\x1b[m\x1b[K\n'}
[39.818598] (rplidar_ros) StdoutLine: {'line': b'[ 78%] \x1b[32m\x1b[1mLinking CXX executable rplidar_client\x1b[0m\n'}
[39.868599] (-) TimerEvent: {}
[39.969055] (-) TimerEvent: {}
[40.072097] (-) TimerEvent: {}
[40.106658] (rplidar_ros) StderrLine: {'line': b'In file included from \x1b[01m\x1b[K/home/rpd/Nav2/src/rplidar_ros/sdk/src/sl_async_transceiver.cpp:44\x1b[m\x1b[K:\n'}
[40.107096] (rplidar_ros) StderrLine: {'line': b'\x1b[01m\x1b[K/home/rpd/Nav2/src/rplidar_ros/sdk/src/sl_async_transceiver.h:\x1b[m\x1b[K In member function \xe2\x80\x98\x1b[01m\x1b[Kvirtual void sl::internal::IAsyncProtocolCodec::\x1b[01;32m\x1b[KonChannelError\x1b[m\x1b[K(u_result)\x1b[m\x1b[K\xe2\x80\x99:\n'}
[40.107260] (rplidar_ros) StderrLine: {'line': b'\x1b[01m\x1b[K/home/rpd/Nav2/src/rplidar_ros/sdk/src/sl_async_transceiver.h:90:48:\x1b[m\x1b[K \x1b[01;35m\x1b[Kwarning: \x1b[m\x1b[Kunused parameter \xe2\x80\x98\x1b[01m\x1b[KerrCode\x1b[m\x1b[K\xe2\x80\x99 [\x1b[01;35m\x1b[K\x1b]8;;https://gcc.gnu.org/onlinedocs/gcc/Warning-Options.html#index-Wunused-parameter\x07-Wunused-parameter\x1b]8;;\x07\x1b[m\x1b[K]\n'}
[40.107406] (rplidar_ros) StderrLine: {'line': b'   90 |         virtual void   onChannelError(\x1b[01;35m\x1b[Ku_result errCode\x1b[m\x1b[K) {}\n'}
[40.107606] (rplidar_ros) StderrLine: {'line': b'      |                                       \x1b[01;35m\x1b[K~~~~~~~~~^~~~~~~\x1b[m\x1b[K\n'}
[40.160806] (rplidar_ros) StderrLine: {'line': b'In file included from \x1b[01m\x1b[K/home/rpd/Nav2/src/rplidar_ros/sdk/include/sl_lidar_cmd.h:41\x1b[m\x1b[K,\n'}
[40.161265] (rplidar_ros) StderrLine: {'line': b'                 from \x1b[01m\x1b[K/home/rpd/Nav2/src/rplidar_ros/sdk/include/sl_lidar_driver.h:54\x1b[m\x1b[K,\n'}
[40.161870] (rplidar_ros) StderrLine: {'line': b'                 from \x1b[01m\x1b[K/home/rpd/Nav2/src/rplidar_ros/sdk/src/sl_serial_channel.cpp:33\x1b[m\x1b[K:\n'}
[40.162240] (rplidar_ros) StderrLine: {'line': b'\x1b[01m\x1b[K/home/rpd/Nav2/src/rplidar_ros/sdk/include/sl_lidar_protocol.h:66:16:\x1b[m\x1b[K \x1b[01;35m\x1b[Kwarning: \x1b[m\x1b[KISO C++ forbids zero-size array \xe2\x80\x98\x1b[01m\x1b[Kdata\x1b[m\x1b[K\xe2\x80\x99 [\x1b[01;35m\x1b[K\x1b]8;;https://gcc.gnu.org/onlinedocs/gcc/Warning-Options.html#index-Wpedantic\x07-Wpedantic\x1b]8;;\x07\x1b[m\x1b[K]\n'}
[40.162380] (rplidar_ros) StderrLine: {'line': b'   66 |     sl_u8 data[\x1b[01;35m\x1b[K0\x1b[m\x1b[K];\n'}
[40.162490] (rplidar_ros) StderrLine: {'line': b'      |                \x1b[01;35m\x1b[K^\x1b[m\x1b[K\n'}
[40.162637] (rplidar_ros) StderrLine: {'line': b'\x1b[01m\x1b[K/home/rpd/Nav2/src/rplidar_ros/sdk/include/sl_lidar_cmd.h:324:20:\x1b[m\x1b[K \x1b[01;35m\x1b[Kwarning: \x1b[m\x1b[KISO C++ forbids zero-size array \xe2\x80\x98\x1b[01m\x1b[Kpayload\x1b[m\x1b[K\xe2\x80\x99 [\x1b[01;35m\x1b[K\x1b]8;;https://gcc.gnu.org/onlinedocs/gcc/Warning-Options.html#index-Wpedantic\x07-Wpedantic\x1b]8;;\x07\x1b[m\x1b[K]\n'}
[40.162750] (rplidar_ros) StderrLine: {'line': b'  324 |     sl_u8  payload[\x1b[01;35m\x1b[K0\x1b[m\x1b[K];\n'}
[40.162884] (rplidar_ros) StderrLine: {'line': b'      |                    \x1b[01;35m\x1b[K^\x1b[m\x1b[K\n'}
[40.186758] (-) TimerEvent: {}
[40.287293] (-) TimerEvent: {}
[40.375843] (rplidar_ros) StderrLine: {'line': b'In file included from \x1b[01m\x1b[K/home/rpd/Nav2/src/rplidar_ros/sdk/src/sl_lidar_driver.cpp:50\x1b[m\x1b[K:\n'}
[40.376379] (rplidar_ros) StderrLine: {'line': b'\x1b[01m\x1b[K/home/rpd/Nav2/src/rplidar_ros/sdk/src/dataunpacker/dataunpacker.h:\x1b[m\x1b[K In member function \xe2\x80\x98\x1b[01m\x1b[Kvirtual void sl::internal::LIDARSampleDataListener::\x1b[01;32m\x1b[KonCustomSampleDataDecoded\x1b[m\x1b[K(_u8, _u32, const void*, size_t)\x1b[m\x1b[K\xe2\x80\x99:\n'}
[40.376909] (rplidar_ros) StderrLine: {'line': b'\x1b[01m\x1b[K/home/rpd/Nav2/src/rplidar_ros/sdk/src/dataunpacker/dataunpacker.h:54:52:\x1b[m\x1b[K \x1b[01;35m\x1b[Kwarning: \x1b[m\x1b[Kunused parameter \xe2\x80\x98\x1b[01m\x1b[KansType\x1b[m\x1b[K\xe2\x80\x99 [\x1b[01;35m\x1b[K\x1b]8;;https://gcc.gnu.org/onlinedocs/gcc/Warning-Options.html#index-Wunused-parameter\x07-Wunused-parameter\x1b]8;;\x07\x1b[m\x1b[K]\n'}
[40.377633] (rplidar_ros) StderrLine: {'line': b'   54 |         virtual void onCustomSampleDataDecoded(\x1b[01;35m\x1b[K_u8 ansType\x1b[m\x1b[K, _u32 customCode, const void* data, size_t size) {}\n'}
[40.377964] (rplidar_ros) StderrLine: {'line': b'      |                                                \x1b[01;35m\x1b[K~~~~^~~~~~~\x1b[m\x1b[K\n'}
[40.378217] (rplidar_ros) StderrLine: {'line': b'\x1b[01m\x1b[K/home/rpd/Nav2/src/rplidar_ros/sdk/src/dataunpacker/dataunpacker.h:54:66:\x1b[m\x1b[K \x1b[01;35m\x1b[Kwarning: \x1b[m\x1b[Kunused parameter \xe2\x80\x98\x1b[01m\x1b[KcustomCode\x1b[m\x1b[K\xe2\x80\x99 [\x1b[01;35m\x1b[K\x1b]8;;https://gcc.gnu.org/onlinedocs/gcc/Warning-Options.html#index-Wunused-parameter\x07-Wunused-parameter\x1b]8;;\x07\x1b[m\x1b[K]\n'}
[40.381732] (rplidar_ros) StderrLine: {'line': b'   54 |         virtual void onCustomSampleDataDecoded(_u8 ansType, \x1b[01;35m\x1b[K_u32 customCode\x1b[m\x1b[K, const void* data, size_t size) {}\n'}
[40.382839] (rplidar_ros) StderrLine: {'line': b'      |                                                             \x1b[01;35m\x1b[K~~~~~^~~~~~~~~~\x1b[m\x1b[K\n'}
[40.383574] (rplidar_ros) StderrLine: {'line': b'\x1b[01m\x1b[K/home/rpd/Nav2/src/rplidar_ros/sdk/src/dataunpacker/dataunpacker.h:54:90:\x1b[m\x1b[K \x1b[01;35m\x1b[Kwarning: \x1b[m\x1b[Kunused parameter \xe2\x80\x98\x1b[01m\x1b[Kdata\x1b[m\x1b[K\xe2\x80\x99 [\x1b[01;35m\x1b[K\x1b]8;;https://gcc.gnu.org/onlinedocs/gcc/Warning-Options.html#index-Wunused-parameter\x07-Wunused-parameter\x1b]8;;\x07\x1b[m\x1b[K]\n'}
[40.384271] (rplidar_ros) StderrLine: {'line': b'   54 |         virtual void onCustomSampleDataDecoded(_u8 ansType, _u32 customCode, \x1b[01;35m\x1b[Kconst void* data\x1b[m\x1b[K, size_t size) {}\n'}
[40.384426] (rplidar_ros) StderrLine: {'line': b'      |                                                                              \x1b[01;35m\x1b[K~~~~~~~~~~~~^~~~\x1b[m\x1b[K\n'}
[40.387868] (-) TimerEvent: {}
[40.388164] (rplidar_ros) StderrLine: {'line': b'\x1b[01m\x1b[K/home/rpd/Nav2/src/rplidar_ros/sdk/src/dataunpacker/dataunpacker.h:54:103:\x1b[m\x1b[K \x1b[01;35m\x1b[Kwarning: \x1b[m\x1b[Kunused parameter \xe2\x80\x98\x1b[01m\x1b[Ksize\x1b[m\x1b[K\xe2\x80\x99 [\x1b[01;35m\x1b[K\x1b]8;;https://gcc.gnu.org/onlinedocs/gcc/Warning-Options.html#index-Wunused-parameter\x07-Wunused-parameter\x1b]8;;\x07\x1b[m\x1b[K]\n'}
[40.388361] (rplidar_ros) StderrLine: {'line': b'   54 |         virtual void onCustomSampleDataDecoded(_u8 ansType, _u32 customCode, const void* data, \x1b[01;35m\x1b[Ksize_t size\x1b[m\x1b[K) {}\n'}
[40.388539] (rplidar_ros) StderrLine: {'line': b'      |                                                                                                \x1b[01;35m\x1b[K~~~~~~~^~~~\x1b[m\x1b[K\n'}
[40.388727] (rplidar_ros) StderrLine: {'line': b'\x1b[01m\x1b[K/home/rpd/Nav2/src/rplidar_ros/sdk/src/dataunpacker/dataunpacker.h:\x1b[m\x1b[K In member function \xe2\x80\x98\x1b[01m\x1b[Kvirtual void sl::internal::LIDARSampleDataListener::\x1b[01;32m\x1b[KonDecodingError\x1b[m\x1b[K(int, _u8, const void*, size_t)\x1b[m\x1b[K\xe2\x80\x99:\n'}
[40.388876] (rplidar_ros) StderrLine: {'line': b'\x1b[01m\x1b[K/home/rpd/Nav2/src/rplidar_ros/sdk/src/dataunpacker/dataunpacker.h:56:42:\x1b[m\x1b[K \x1b[01;35m\x1b[Kwarning: \x1b[m\x1b[Kunused parameter \xe2\x80\x98\x1b[01m\x1b[KerrMsg\x1b[m\x1b[K\xe2\x80\x99 [\x1b[01;35m\x1b[K\x1b]8;;https://gcc.gnu.org/onlinedocs/gcc/Warning-Options.html#index-Wunused-parameter\x07-Wunused-parameter\x1b]8;;\x07\x1b[m\x1b[K]\n'}
[40.389013] (rplidar_ros) StderrLine: {'line': b'   56 |         virtual void onDecodingError(\x1b[01;35m\x1b[Kint errMsg\x1b[m\x1b[K, _u8 ansType, const void* payload, size_t size) {}\n'}
[40.389138] (rplidar_ros) StderrLine: {'line': b'      |                                      \x1b[01;35m\x1b[K~~~~^~~~~~\x1b[m\x1b[K\n'}
[40.389266] (rplidar_ros) StderrLine: {'line': b'\x1b[01m\x1b[K/home/rpd/Nav2/src/rplidar_ros/sdk/src/dataunpacker/dataunpacker.h:56:54:\x1b[m\x1b[K \x1b[01;35m\x1b[Kwarning: \x1b[m\x1b[Kunused parameter \xe2\x80\x98\x1b[01m\x1b[KansType\x1b[m\x1b[K\xe2\x80\x99 [\x1b[01;35m\x1b[K\x1b]8;;https://gcc.gnu.org/onlinedocs/gcc/Warning-Options.html#index-Wunused-parameter\x07-Wunused-parameter\x1b]8;;\x07\x1b[m\x1b[K]\n'}
[40.389393] (rplidar_ros) StderrLine: {'line': b'   56 |         virtual void onDecodingError(int errMsg, \x1b[01;35m\x1b[K_u8 ansType\x1b[m\x1b[K, const void* payload, size_t size) {}\n'}
[40.389624] (rplidar_ros) StderrLine: {'line': b'      |                                                  \x1b[01;35m\x1b[K~~~~^~~~~~~\x1b[m\x1b[K\n'}
[40.389796] (rplidar_ros) StderrLine: {'line': b'\x1b[01m\x1b[K/home/rpd/Nav2/src/rplidar_ros/sdk/src/dataunpacker/dataunpacker.h:56:75:\x1b[m\x1b[K \x1b[01;35m\x1b[Kwarning: \x1b[m\x1b[Kunused parameter \xe2\x80\x98\x1b[01m\x1b[Kpayload\x1b[m\x1b[K\xe2\x80\x99 [\x1b[01;35m\x1b[K\x1b]8;;https://gcc.gnu.org/onlinedocs/gcc/Warning-Options.html#index-Wunused-parameter\x07-Wunused-parameter\x1b]8;;\x07\x1b[m\x1b[K]\n'}
[40.389982] (rplidar_ros) StderrLine: {'line': b'   56 |         virtual void onDecodingError(int errMsg, _u8 ansType, \x1b[01;35m\x1b[Kconst void* payload\x1b[m\x1b[K, size_t size) {}\n'}
[40.390154] (rplidar_ros) StderrLine: {'line': b'      |                                                               \x1b[01;35m\x1b[K~~~~~~~~~~~~^~~~~~~\x1b[m\x1b[K\n'}
[40.390268] (rplidar_ros) StderrLine: {'line': b'\x1b[01m\x1b[K/home/rpd/Nav2/src/rplidar_ros/sdk/src/dataunpacker/dataunpacker.h:56:91:\x1b[m\x1b[K \x1b[01;35m\x1b[Kwarning: \x1b[m\x1b[Kunused parameter \xe2\x80\x98\x1b[01m\x1b[Ksize\x1b[m\x1b[K\xe2\x80\x99 [\x1b[01;35m\x1b[K\x1b]8;;https://gcc.gnu.org/onlinedocs/gcc/Warning-Options.html#index-Wunused-parameter\x07-Wunused-parameter\x1b]8;;\x07\x1b[m\x1b[K]\n'}
[40.390381] (rplidar_ros) StderrLine: {'line': b'   56 |         virtual void onDecodingError(int errMsg, _u8 ansType, const void* payload, \x1b[01;35m\x1b[Ksize_t size\x1b[m\x1b[K) {}\n'}
[40.390480] (rplidar_ros) StderrLine: {'line': b'      |                                                                                    \x1b[01;35m\x1b[K~~~~~~~^~~~\x1b[m\x1b[K\n'}
[40.423943] (rplidar_ros) StderrLine: {'line': b'In file included from \x1b[01m\x1b[K/home/rpd/Nav2/src/rplidar_ros/sdk/src/sl_lidar_driver.cpp:51\x1b[m\x1b[K:\n'}
[40.426304] (rplidar_ros) StderrLine: {'line': b'\x1b[01m\x1b[K/home/rpd/Nav2/src/rplidar_ros/sdk/src/sl_async_transceiver.h:\x1b[m\x1b[K In member function \xe2\x80\x98\x1b[01m\x1b[Kvirtual void sl::internal::IAsyncProtocolCodec::\x1b[01;32m\x1b[KonChannelError\x1b[m\x1b[K(u_result)\x1b[m\x1b[K\xe2\x80\x99:\n'}
[40.428619] (rplidar_ros) StderrLine: {'line': b'\x1b[01m\x1b[K/home/rpd/Nav2/src/rplidar_ros/sdk/src/sl_async_transceiver.h:90:48:\x1b[m\x1b[K \x1b[01;35m\x1b[Kwarning: \x1b[m\x1b[Kunused parameter \xe2\x80\x98\x1b[01m\x1b[KerrCode\x1b[m\x1b[K\xe2\x80\x99 [\x1b[01;35m\x1b[K\x1b]8;;https://gcc.gnu.org/onlinedocs/gcc/Warning-Options.html#index-Wunused-parameter\x07-Wunused-parameter\x1b]8;;\x07\x1b[m\x1b[K]\n'}
[40.429034] (rplidar_ros) StderrLine: {'line': b'   90 |         virtual void   onChannelError(\x1b[01;35m\x1b[Ku_result errCode\x1b[m\x1b[K) {}\n'}
[40.429187] (rplidar_ros) StderrLine: {'line': b'      |                                       \x1b[01;35m\x1b[K~~~~~~~~~^~~~~~~\x1b[m\x1b[K\n'}
[40.492854] (rplidar_ros) StdoutLine: {'line': b'[ 81%] \x1b[32mBuilding CXX object CMakeFiles/rplidar_composition.dir/sdk/src/sl_lidarprotocol_codec.cpp.o\x1b[0m\n'}
[40.493253] (-) TimerEvent: {}
[40.577328] (rplidar_ros) StderrLine: {'line': b'\x1b[01m\x1b[K/home/rpd/Nav2/src/rplidar_ros/sdk/src/sl_lidar_driver.cpp:\x1b[m\x1b[K In member function \xe2\x80\x98\x1b[01m\x1b[Kvirtual sl_result sl::SlamtecLidarDriver::\x1b[01;32m\x1b[Kreset\x1b[m\x1b[K(sl_u32)\x1b[m\x1b[K\xe2\x80\x99:\n'}
[40.580639] (rplidar_ros) StderrLine: {'line': b'\x1b[01m\x1b[K/home/rpd/Nav2/src/rplidar_ros/sdk/src/sl_lidar_driver.cpp:511:32:\x1b[m\x1b[K \x1b[01;35m\x1b[Kwarning: \x1b[m\x1b[Kunused parameter \xe2\x80\x98\x1b[01m\x1b[KtimeoutInMs\x1b[m\x1b[K\xe2\x80\x99 [\x1b[01;35m\x1b[K\x1b]8;;https://gcc.gnu.org/onlinedocs/gcc/Warning-Options.html#index-Wunused-parameter\x07-Wunused-parameter\x1b]8;;\x07\x1b[m\x1b[K]\n'}
[40.580978] (rplidar_ros) StderrLine: {'line': b'  511 |         sl_result reset(\x1b[01;35m\x1b[Ksl_u32 timeoutInMs = DEFAULT_TIMEOUT\x1b[m\x1b[K)\n'}
[40.581093] (rplidar_ros) StderrLine: {'line': b'      |                         \x1b[01;35m\x1b[K~~~~~~~^~~~~~~~~~~~~~~~~~~~~~~~~~~~~\x1b[m\x1b[K\n'}
[40.595775] (-) TimerEvent: {}
[40.600971] (rplidar_ros) StderrLine: {'line': b'\x1b[01m\x1b[K/home/rpd/Nav2/src/rplidar_ros/sdk/src/sl_lidar_driver.cpp:\x1b[m\x1b[K In member function \xe2\x80\x98\x1b[01m\x1b[Kvirtual sl_result sl::SlamtecLidarDriver::\x1b[01;32m\x1b[KstartScan\x1b[m\x1b[K(bool, bool, sl_u32, sl::LidarScanMode*)\x1b[m\x1b[K\xe2\x80\x99:\n'}
[40.601285] (rplidar_ros) StderrLine: {'line': b'\x1b[01m\x1b[K/home/rpd/Nav2/src/rplidar_ros/sdk/src/sl_lidar_driver.cpp:586:69:\x1b[m\x1b[K \x1b[01;35m\x1b[Kwarning: \x1b[m\x1b[Kunused parameter \xe2\x80\x98\x1b[01m\x1b[Koptions\x1b[m\x1b[K\xe2\x80\x99 [\x1b[01;35m\x1b[K\x1b]8;;https://gcc.gnu.org/onlinedocs/gcc/Warning-Options.html#index-Wunused-parameter\x07-Wunused-parameter\x1b]8;;\x07\x1b[m\x1b[K]\n'}
[40.601407] (rplidar_ros) StderrLine: {'line': b'  586 |         sl_result startScan(bool force, bool useTypicalScan, \x1b[01;35m\x1b[Ksl_u32 options = 0\x1b[m\x1b[K, LidarScanMode* outUsedScanMode = nullptr)\n'}
[40.601536] (rplidar_ros) StderrLine: {'line': b'      |                                                              \x1b[01;35m\x1b[K~~~~~~~^~~~~~~~~~~\x1b[m\x1b[K\n'}
[40.613618] (rplidar_ros) StderrLine: {'line': b'\x1b[01m\x1b[K/home/rpd/Nav2/src/rplidar_ros/sdk/src/sl_lidar_driver.cpp:\x1b[m\x1b[K In member function \xe2\x80\x98\x1b[01m\x1b[Kvirtual sl_result sl::SlamtecLidarDriver::\x1b[01;32m\x1b[Kstop\x1b[m\x1b[K(sl_u32)\x1b[m\x1b[K\xe2\x80\x99:\n'}
[40.614023] (rplidar_ros) StderrLine: {'line': b'\x1b[01m\x1b[K/home/rpd/Nav2/src/rplidar_ros/sdk/src/sl_lidar_driver.cpp:763:31:\x1b[m\x1b[K \x1b[01;35m\x1b[Kwarning: \x1b[m\x1b[Kunused parameter \xe2\x80\x98\x1b[01m\x1b[Ktimeout\x1b[m\x1b[K\xe2\x80\x99 [\x1b[01;35m\x1b[K\x1b]8;;https://gcc.gnu.org/onlinedocs/gcc/Warning-Options.html#index-Wunused-parameter\x07-Wunused-parameter\x1b]8;;\x07\x1b[m\x1b[K]\n'}
[40.614190] (rplidar_ros) StderrLine: {'line': b'  763 |         sl_result stop(\x1b[01;35m\x1b[Ksl_u32 timeout = DEFAULT_TIMEOUT\x1b[m\x1b[K)\n'}
[40.614320] (rplidar_ros) StderrLine: {'line': b'      |                        \x1b[01;35m\x1b[K~~~~~~~^~~~~~~~~~~~~~~~~~~~~~~~~\x1b[m\x1b[K\n'}
[40.620626] (rplidar_ros) StderrLine: {'line': b'\x1b[01m\x1b[K/home/rpd/Nav2/src/rplidar_ros/sdk/src/sl_lidar_driver.cpp:\x1b[m\x1b[K In member function \xe2\x80\x98\x1b[01m\x1b[Kvirtual sl_result sl::SlamtecLidarDriver::\x1b[01;32m\x1b[KgetFrequency\x1b[m\x1b[K(const sl::LidarScanMode&, const sl_lidar_response_measurement_node_hq_t*, size_t, float&)\x1b[m\x1b[K\xe2\x80\x99:\n'}
[40.621055] (rplidar_ros) StderrLine: {'line': b'\x1b[01m\x1b[K/home/rpd/Nav2/src/rplidar_ros/sdk/src/sl_lidar_driver.cpp:880:110:\x1b[m\x1b[K \x1b[01;35m\x1b[Kwarning: \x1b[m\x1b[Kunused parameter \xe2\x80\x98\x1b[01m\x1b[Knodes\x1b[m\x1b[K\xe2\x80\x99 [\x1b[01;35m\x1b[K\x1b]8;;https://gcc.gnu.org/onlinedocs/gcc/Warning-Options.html#index-Wunused-parameter\x07-Wunused-parameter\x1b]8;;\x07\x1b[m\x1b[K]\n'}
[40.621260] (rplidar_ros) StderrLine: {'line': b'  880 |         sl_result getFrequency(const LidarScanMode& scanMode, \x1b[01;35m\x1b[Kconst sl_lidar_response_measurement_node_hq_t* nodes\x1b[m\x1b[K, size_t count, float& frequency)\n'}
[40.621428] (rplidar_ros) StderrLine: {'line': b'      |                                                               \x1b[01;35m\x1b[K~~~~~~~~~~~~~~~~~~~~~~~~~~~~~~~~~~~~~~~~~~~~~~~^~~~~\x1b[m\x1b[K\n'}
[40.633642] (rplidar_ros) StderrLine: {'line': b'\x1b[01m\x1b[K/home/rpd/Nav2/src/rplidar_ros/sdk/src/sl_lidar_driver.cpp:\x1b[m\x1b[K In member function \xe2\x80\x98\x1b[01m\x1b[Kvirtual sl_result sl::SlamtecLidarDriver::\x1b[01;32m\x1b[KgetMotorInfo\x1b[m\x1b[K(sl::LidarMotorInfo&, sl_u32)\x1b[m\x1b[K\xe2\x80\x99:\n'}
[40.636639] (rplidar_ros) StderrLine: {'line': b'\x1b[01m\x1b[K/home/rpd/Nav2/src/rplidar_ros/sdk/src/sl_lidar_driver.cpp:1023:66:\x1b[m\x1b[K \x1b[01;35m\x1b[Kwarning: \x1b[m\x1b[Kunused parameter \xe2\x80\x98\x1b[01m\x1b[KtimeoutInMs\x1b[m\x1b[K\xe2\x80\x99 [\x1b[01;35m\x1b[K\x1b]8;;https://gcc.gnu.org/onlinedocs/gcc/Warning-Options.html#index-Wunused-parameter\x07-Wunused-parameter\x1b]8;;\x07\x1b[m\x1b[K]\n'}
[40.637009] (rplidar_ros) StderrLine: {'line': b' 1023 |         sl_result getMotorInfo(LidarMotorInfo &motorInfo, \x1b[01;35m\x1b[Ksl_u32 timeoutInMs\x1b[m\x1b[K)\n'}
[40.637186] (rplidar_ros) StderrLine: {'line': b'      |                                                           \x1b[01;35m\x1b[K~~~~~~~^~~~~~~~~~~\x1b[m\x1b[K\n'}
[40.653666] (rplidar_ros) StderrLine: {'line': b'\x1b[01m\x1b[K/home/rpd/Nav2/src/rplidar_ros/sdk/src/sl_lidar_driver.cpp:\x1b[m\x1b[K In member function \xe2\x80\x98\x1b[01m\x1b[Ku_result sl::SlamtecLidarDriver::\x1b[01;32m\x1b[KgetScanModeCount\x1b[m\x1b[K(sl_u16&, sl_u32)\x1b[m\x1b[K\xe2\x80\x99:\n'}
[40.654104] (rplidar_ros) StderrLine: {'line': b'\x1b[01m\x1b[K/home/rpd/Nav2/src/rplidar_ros/sdk/src/sl_lidar_driver.cpp:1199:61:\x1b[m\x1b[K \x1b[01;35m\x1b[Kwarning: \x1b[m\x1b[Kunused parameter \xe2\x80\x98\x1b[01m\x1b[KtimeoutInMs\x1b[m\x1b[K\xe2\x80\x99 [\x1b[01;35m\x1b[K\x1b]8;;https://gcc.gnu.org/onlinedocs/gcc/Warning-Options.html#index-Wunused-parameter\x07-Wunused-parameter\x1b]8;;\x07\x1b[m\x1b[K]\n'}
[40.654324] (rplidar_ros) StderrLine: {'line': b' 1199 |         u_result getScanModeCount(sl_u16& modeCount, \x1b[01;35m\x1b[Ksl_u32 timeoutInMs = DEFAULT_TIMEOUT\x1b[m\x1b[K)\n'}
[40.654447] (rplidar_ros) StderrLine: {'line': b'      |                                                      \x1b[01;35m\x1b[K~~~~~~~^~~~~~~~~~~~~~~~~~~~~~~~~~~~~\x1b[m\x1b[K\n'}
[40.699642] (-) TimerEvent: {}
[40.800396] (-) TimerEvent: {}
[40.837744] (rplidar_ros) StdoutLine: {'line': b'[ 84%] \x1b[32mBuilding CXX object CMakeFiles/rplidar_node.dir/sdk/src/sl_tcp_channel.cpp.o\x1b[0m\n'}
[40.901665] (-) TimerEvent: {}
[41.007726] (-) TimerEvent: {}
[41.073306] (rplidar_ros) StderrLine: {'line': b'/home/rpd/Nav2/src/rplidar_ros/sdk/src/sl_lidar_driver.cpp: In instantiation of \xe2\x80\x98\x1b[01m\x1b[Kvoid sl::RawSampleNodeHolder<T>::\x1b[01;32m\x1b[KpushNode\x1b[m\x1b[K(_u64, const T*) \x1b[35m\x1b[K[with T = sl_lidar_response_measurement_node_hq_t; _u64 = long unsigned int]\x1b[m\x1b[K\x1b[m\x1b[K\xe2\x80\x99:\n'}
[41.073693] (rplidar_ros) StderrLine: {'line': b'\x1b[01m\x1b[K/home/rpd/Nav2/src/rplidar_ros/sdk/src/sl_lidar_driver.cpp:1648:42:\x1b[m\x1b[K   required from here\n'}
[41.073881] (rplidar_ros) StderrLine: {'line': b'\x1b[01m\x1b[K/home/rpd/Nav2/src/rplidar_ros/sdk/src/sl_lidar_driver.cpp:202:28:\x1b[m\x1b[K \x1b[01;35m\x1b[Kwarning: \x1b[m\x1b[Kunused parameter \xe2\x80\x98\x1b[01m\x1b[Ktimestamp_uS\x1b[m\x1b[K\xe2\x80\x99 [\x1b[01;35m\x1b[K\x1b]8;;https://gcc.gnu.org/onlinedocs/gcc/Warning-Options.html#index-Wunused-parameter\x07-Wunused-parameter\x1b]8;;\x07\x1b[m\x1b[K]\n'}
[41.074027] (rplidar_ros) StderrLine: {'line': b'  202 |         void pushNode(\x1b[01;35m\x1b[K_u64 timestamp_uS\x1b[m\x1b[K, const T* node)\n'}
[41.074147] (rplidar_ros) StderrLine: {'line': b'      |                       \x1b[01;35m\x1b[K~~~~~^~~~~~~~~~~~\x1b[m\x1b[K\n'}
[41.109655] (-) TimerEvent: {}
[41.212696] (-) TimerEvent: {}
[41.318723] (-) TimerEvent: {}
[41.419419] (-) TimerEvent: {}
[41.522624] (-) TimerEvent: {}
[41.623338] (-) TimerEvent: {}
[41.686550] (explore_lite) StdoutLine: {'line': b'[ 50%] \x1b[32m\x1b[1mLinking CXX static library libgtest_main.a\x1b[0m\n'}
[41.725641] (-) TimerEvent: {}
[41.826196] (-) TimerEvent: {}
[41.919661] (rplidar_ros) StderrLine: {'line': b'In file included from \x1b[01m\x1b[K/home/rpd/Nav2/src/rplidar_ros/sdk/include/sl_lidar_cmd.h:41\x1b[m\x1b[K,\n'}
[41.926510] (rplidar_ros) StderrLine: {'line': b'                 from \x1b[01m\x1b[K/home/rpd/Nav2/src/rplidar_ros/sdk/include/sl_lidar_driver.h:54\x1b[m\x1b[K,\n'}
[41.926851] (-) TimerEvent: {}
[41.927312] (rplidar_ros) StderrLine: {'line': b'                 from \x1b[01m\x1b[K/home/rpd/Nav2/src/rplidar_ros/sdk/src/sl_tcp_channel.cpp:33\x1b[m\x1b[K:\n'}
[41.927570] (rplidar_ros) StderrLine: {'line': b'\x1b[01m\x1b[K/home/rpd/Nav2/src/rplidar_ros/sdk/include/sl_lidar_protocol.h:66:16:\x1b[m\x1b[K \x1b[01;35m\x1b[Kwarning: \x1b[m\x1b[KISO C++ forbids zero-size array \xe2\x80\x98\x1b[01m\x1b[Kdata\x1b[m\x1b[K\xe2\x80\x99 [\x1b[01;35m\x1b[K\x1b]8;;https://gcc.gnu.org/onlinedocs/gcc/Warning-Options.html#index-Wpedantic\x07-Wpedantic\x1b]8;;\x07\x1b[m\x1b[K]\n'}
[41.927729] (rplidar_ros) StderrLine: {'line': b'   66 |     sl_u8 data[\x1b[01;35m\x1b[K0\x1b[m\x1b[K];\n'}
[41.927854] (rplidar_ros) StderrLine: {'line': b'      |                \x1b[01;35m\x1b[K^\x1b[m\x1b[K\n'}
[41.927956] (rplidar_ros) StderrLine: {'line': b'\x1b[01m\x1b[K/home/rpd/Nav2/src/rplidar_ros/sdk/include/sl_lidar_cmd.h:324:20:\x1b[m\x1b[K \x1b[01;35m\x1b[Kwarning: \x1b[m\x1b[KISO C++ forbids zero-size array \xe2\x80\x98\x1b[01m\x1b[Kpayload\x1b[m\x1b[K\xe2\x80\x99 [\x1b[01;35m\x1b[K\x1b]8;;https://gcc.gnu.org/onlinedocs/gcc/Warning-Options.html#index-Wpedantic\x07-Wpedantic\x1b]8;;\x07\x1b[m\x1b[K]\n'}
[41.928096] (rplidar_ros) StderrLine: {'line': b'  324 |     sl_u8  payload[\x1b[01;35m\x1b[K0\x1b[m\x1b[K];\n'}
[41.928244] (rplidar_ros) StderrLine: {'line': b'      |                    \x1b[01;35m\x1b[K^\x1b[m\x1b[K\n'}
[41.952678] (explore_lite) StdoutLine: {'line': b'[ 50%] Built target gtest_main\n'}
[41.953167] (rplidar_ros) StderrLine: {'line': b'\x1b[01m\x1b[K/home/rpd/Nav2/src/rplidar_ros/sdk/src/sl_tcp_channel.cpp:\x1b[m\x1b[K In member function \xe2\x80\x98\x1b[01m\x1b[Kvoid sl::TcpChannel::\x1b[01;32m\x1b[KsetStatus\x1b[m\x1b[K(_u32)\x1b[m\x1b[K\xe2\x80\x99:\n'}
[41.957620] (rplidar_ros) StderrLine: {'line': b'\x1b[01m\x1b[K/home/rpd/Nav2/src/rplidar_ros/sdk/src/sl_tcp_channel.cpp:109:29:\x1b[m\x1b[K \x1b[01;35m\x1b[Kwarning: \x1b[m\x1b[Kunused parameter \xe2\x80\x98\x1b[01m\x1b[Kflag\x1b[m\x1b[K\xe2\x80\x99 [\x1b[01;35m\x1b[K\x1b]8;;https://gcc.gnu.org/onlinedocs/gcc/Warning-Options.html#index-Wunused-parameter\x07-Wunused-parameter\x1b]8;;\x07\x1b[m\x1b[K]\n'}
[41.957988] (rplidar_ros) StderrLine: {'line': b'  109 |         void setStatus(\x1b[01;35m\x1b[K_u32 flag\x1b[m\x1b[K){}\n'}
[41.958191] (rplidar_ros) StderrLine: {'line': b'      |                        \x1b[01;35m\x1b[K~~~~~^~~~\x1b[m\x1b[K\n'}
[41.982693] (explore_lite) StdoutLine: {'line': b'[ 60%] \x1b[32mBuilding CXX object CMakeFiles/explore.dir/src/frontier_search.cpp.o\x1b[0m\n'}
[42.029668] (-) TimerEvent: {}
[42.033731] (rplidar_ros) StderrLine: {'line': b'\x1b[01m\x1b[K/home/rpd/Nav2/src/rplidar_ros/sdk/src/sl_lidar_driver.cpp:\x1b[m\x1b[K At global scope:\n'}
[42.034620] (rplidar_ros) StderrLine: {'line': b'\x1b[01m\x1b[K/home/rpd/Nav2/src/rplidar_ros/sdk/src/sl_lidar_driver.cpp:83:17:\x1b[m\x1b[K \x1b[01;35m\x1b[Kwarning: \x1b[m\x1b[K\xe2\x80\x98\x1b[01m\x1b[Kvoid sl::\x1b[01;32m\x1b[Kconvert\x1b[m\x1b[K(const sl_lidar_response_measurement_node_hq_t&, sl_lidar_response_measurement_node_t&)\x1b[m\x1b[K\xe2\x80\x99 defined but not used [\x1b[01;35m\x1b[K\x1b]8;;https://gcc.gnu.org/onlinedocs/gcc/Warning-Options.html#index-Wunused-function\x07-Wunused-function\x1b]8;;\x07\x1b[m\x1b[K]\n'}
[42.034829] (rplidar_ros) StderrLine: {'line': b'   83 |     static void \x1b[01;35m\x1b[Kconvert\x1b[m\x1b[K(const sl_lidar_response_measurement_node_hq_t& from, sl_lidar_response_measurement_node_t& to)\n'}
[42.034959] (rplidar_ros) StderrLine: {'line': b'      |                 \x1b[01;35m\x1b[K^~~~~~~\x1b[m\x1b[K\n'}
[42.035097] (rplidar_ros) StderrLine: {'line': b'\x1b[01m\x1b[K/home/rpd/Nav2/src/rplidar_ros/sdk/src/sl_lidar_driver.cpp:75:17:\x1b[m\x1b[K \x1b[01;35m\x1b[Kwarning: \x1b[m\x1b[K\xe2\x80\x98\x1b[01m\x1b[Kvoid sl::\x1b[01;32m\x1b[Kconvert\x1b[m\x1b[K(const sl_lidar_response_measurement_node_t&, sl_lidar_response_measurement_node_hq_t&)\x1b[m\x1b[K\xe2\x80\x99 defined but not used [\x1b[01;35m\x1b[K\x1b]8;;https://gcc.gnu.org/onlinedocs/gcc/Warning-Options.html#index-Wunused-function\x07-Wunused-function\x1b]8;;\x07\x1b[m\x1b[K]\n'}
[42.035235] (rplidar_ros) StderrLine: {'line': b'   75 |     static void \x1b[01;35m\x1b[Kconvert\x1b[m\x1b[K(const sl_lidar_response_measurement_node_t& from, sl_lidar_response_measurement_node_hq_t& to)\n'}
[42.035416] (rplidar_ros) StderrLine: {'line': b'      |                 \x1b[01;35m\x1b[K^~~~~~~\x1b[m\x1b[K\n'}
[42.044844] (rplidar_ros) StderrLine: {'line': b'\x1b[01m\x1b[K/home/rpd/Nav2/src/rplidar_ros/sdk/src/sl_lidar_driver.cpp:70:17:\x1b[m\x1b[K \x1b[01;35m\x1b[Kwarning: \x1b[m\x1b[K\xe2\x80\x98\x1b[01m\x1b[Kvoid sl::\x1b[01;32m\x1b[KprintDeprecationWarn\x1b[m\x1b[K(const char*, const char*)\x1b[m\x1b[K\xe2\x80\x99 defined but not used [\x1b[01;35m\x1b[K\x1b]8;;https://gcc.gnu.org/onlinedocs/gcc/Warning-Options.html#index-Wunused-function\x07-Wunused-function\x1b]8;;\x07\x1b[m\x1b[K]\n'}
[42.045151] (rplidar_ros) StderrLine: {'line': b'   70 |     static void \x1b[01;35m\x1b[KprintDeprecationWarn\x1b[m\x1b[K(const char* fn, const char* replacement)\n'}
[42.045321] (rplidar_ros) StderrLine: {'line': b'      |                 \x1b[01;35m\x1b[K^~~~~~~~~~~~~~~~~~~~\x1b[m\x1b[K\n'}
[42.129810] (-) TimerEvent: {}
[42.233628] (-) TimerEvent: {}
[42.337631] (-) TimerEvent: {}
[42.422545] (rplidar_ros) StdoutLine: {'line': b'[ 86%] \x1b[32mBuilding CXX object CMakeFiles/rplidar_node.dir/sdk/src/sl_udp_channel.cpp.o\x1b[0m\n'}
[42.437782] (-) TimerEvent: {}
[42.538628] (-) TimerEvent: {}
[42.639962] (-) TimerEvent: {}
[42.742903] (-) TimerEvent: {}
[42.843865] (-) TimerEvent: {}
[42.945921] (-) TimerEvent: {}
[43.048909] (-) TimerEvent: {}
[43.154605] (-) TimerEvent: {}
[43.256615] (-) TimerEvent: {}
[43.326949] (rplidar_ros) StdoutLine: {'line': b'[ 86%] Built target rplidar_client\n'}
[43.359616] (-) TimerEvent: {}
[43.460319] (-) TimerEvent: {}
[43.463627] (rplidar_ros) StderrLine: {'line': b'In file included from \x1b[01m\x1b[K/home/rpd/Nav2/src/rplidar_ros/sdk/include/rplidar_protocol.h:36\x1b[m\x1b[K,\n'}
[43.467570] (rplidar_ros) StderrLine: {'line': b'                 from \x1b[01m\x1b[K/home/rpd/Nav2/src/rplidar_ros/sdk/include/rplidar.h:39\x1b[m\x1b[K,\n'}
[43.467908] (rplidar_ros) StderrLine: {'line': b'                 from \x1b[01m\x1b[K/home/rpd/Nav2/src/rplidar_ros/sdk/src/sdkcommon.h:49\x1b[m\x1b[K,\n'}
[43.468043] (rplidar_ros) StderrLine: {'line': b'                 from \x1b[01m\x1b[K/home/rpd/Nav2/src/rplidar_ros/sdk/src/sl_lidarprotocol_codec.cpp:35\x1b[m\x1b[K:\n'}
[43.468153] (rplidar_ros) StderrLine: {'line': b'\x1b[01m\x1b[K/home/rpd/Nav2/src/rplidar_ros/sdk/include/sl_lidar_protocol.h:66:16:\x1b[m\x1b[K \x1b[01;35m\x1b[Kwarning: \x1b[m\x1b[KISO C++ forbids zero-size array \xe2\x80\x98\x1b[01m\x1b[Kdata\x1b[m\x1b[K\xe2\x80\x99 [\x1b[01;35m\x1b[K\x1b]8;;https://gcc.gnu.org/onlinedocs/gcc/Warning-Options.html#index-Wpedantic\x07-Wpedantic\x1b]8;;\x07\x1b[m\x1b[K]\n'}
[43.468268] (rplidar_ros) StderrLine: {'line': b'   66 |     sl_u8 data[\x1b[01;35m\x1b[K0\x1b[m\x1b[K];\n'}
[43.468378] (rplidar_ros) StderrLine: {'line': b'      |                \x1b[01;35m\x1b[K^\x1b[m\x1b[K\n'}
[43.468481] (rplidar_ros) StderrLine: {'line': b'In file included from \x1b[01m\x1b[K/home/rpd/Nav2/src/rplidar_ros/sdk/include/rplidar_cmd.h:36\x1b[m\x1b[K,\n'}
[43.468773] (rplidar_ros) StderrLine: {'line': b'                 from \x1b[01m\x1b[K/home/rpd/Nav2/src/rplidar_ros/sdk/include/rplidar.h:40\x1b[m\x1b[K:\n'}
[43.471720] (rplidar_ros) StderrLine: {'line': b'\x1b[01m\x1b[K/home/rpd/Nav2/src/rplidar_ros/sdk/include/sl_lidar_cmd.h:324:20:\x1b[m\x1b[K \x1b[01;35m\x1b[Kwarning: \x1b[m\x1b[KISO C++ forbids zero-size array \xe2\x80\x98\x1b[01m\x1b[Kpayload\x1b[m\x1b[K\xe2\x80\x99 [\x1b[01;35m\x1b[K\x1b]8;;https://gcc.gnu.org/onlinedocs/gcc/Warning-Options.html#index-Wpedantic\x07-Wpedantic\x1b]8;;\x07\x1b[m\x1b[K]\n'}
[43.472073] (rplidar_ros) StderrLine: {'line': b'  324 |     sl_u8  payload[\x1b[01;35m\x1b[K0\x1b[m\x1b[K];\n'}
[43.472208] (rplidar_ros) StderrLine: {'line': b'      |                    \x1b[01;35m\x1b[K^\x1b[m\x1b[K\n'}
[43.564642] (-) TimerEvent: {}
[43.644082] (rplidar_ros) StderrLine: {'line': b'In file included from \x1b[01m\x1b[K/home/rpd/Nav2/src/rplidar_ros/sdk/include/sl_lidar_cmd.h:41\x1b[m\x1b[K,\n'}
[43.644445] (rplidar_ros) StderrLine: {'line': b'                 from \x1b[01m\x1b[K/home/rpd/Nav2/src/rplidar_ros/sdk/include/sl_lidar_driver.h:54\x1b[m\x1b[K,\n'}
[43.644587] (rplidar_ros) StderrLine: {'line': b'                 from \x1b[01m\x1b[K/home/rpd/Nav2/src/rplidar_ros/sdk/src/sl_udp_channel.cpp:33\x1b[m\x1b[K:\n'}
[43.644684] (rplidar_ros) StderrLine: {'line': b'\x1b[01m\x1b[K/home/rpd/Nav2/src/rplidar_ros/sdk/include/sl_lidar_protocol.h:66:16:\x1b[m\x1b[K \x1b[01;35m\x1b[Kwarning: \x1b[m\x1b[KISO C++ forbids zero-size array \xe2\x80\x98\x1b[01m\x1b[Kdata\x1b[m\x1b[K\xe2\x80\x99 [\x1b[01;35m\x1b[K\x1b]8;;https://gcc.gnu.org/onlinedocs/gcc/Warning-Options.html#index-Wpedantic\x07-Wpedantic\x1b]8;;\x07\x1b[m\x1b[K]\n'}
[43.644781] (rplidar_ros) StderrLine: {'line': b'   66 |     sl_u8 data[\x1b[01;35m\x1b[K0\x1b[m\x1b[K];\n'}
[43.644885] (rplidar_ros) StderrLine: {'line': b'      |                \x1b[01;35m\x1b[K^\x1b[m\x1b[K\n'}
[43.645113] (rplidar_ros) StderrLine: {'line': b'\x1b[01m\x1b[K/home/rpd/Nav2/src/rplidar_ros/sdk/include/sl_lidar_cmd.h:324:20:\x1b[m\x1b[K \x1b[01;35m\x1b[Kwarning: \x1b[m\x1b[KISO C++ forbids zero-size array \xe2\x80\x98\x1b[01m\x1b[Kpayload\x1b[m\x1b[K\xe2\x80\x99 [\x1b[01;35m\x1b[K\x1b]8;;https://gcc.gnu.org/onlinedocs/gcc/Warning-Options.html#index-Wpedantic\x07-Wpedantic\x1b]8;;\x07\x1b[m\x1b[K]\n'}
[43.645349] (rplidar_ros) StderrLine: {'line': b'  324 |     sl_u8  payload[\x1b[01;35m\x1b[K0\x1b[m\x1b[K];\n'}
[43.645487] (rplidar_ros) StderrLine: {'line': b'      |                    \x1b[01;35m\x1b[K^\x1b[m\x1b[K\n'}
[43.654604] (rplidar_ros) StderrLine: {'line': b'\x1b[01m\x1b[K/home/rpd/Nav2/src/rplidar_ros/sdk/src/sl_udp_channel.cpp:\x1b[m\x1b[K In member function \xe2\x80\x98\x1b[01m\x1b[Kvoid sl::UdpChannel::\x1b[01;32m\x1b[KsetStatus\x1b[m\x1b[K(_u32)\x1b[m\x1b[K\xe2\x80\x99:\n'}
[43.654986] (rplidar_ros) StderrLine: {'line': b'\x1b[01m\x1b[K/home/rpd/Nav2/src/rplidar_ros/sdk/src/sl_udp_channel.cpp:112:29:\x1b[m\x1b[K \x1b[01;35m\x1b[Kwarning: \x1b[m\x1b[Kunused parameter \xe2\x80\x98\x1b[01m\x1b[Kflag\x1b[m\x1b[K\xe2\x80\x99 [\x1b[01;35m\x1b[K\x1b]8;;https://gcc.gnu.org/onlinedocs/gcc/Warning-Options.html#index-Wunused-parameter\x07-Wunused-parameter\x1b]8;;\x07\x1b[m\x1b[K]\n'}
[43.655125] (rplidar_ros) StderrLine: {'line': b'  112 |         void setStatus(\x1b[01;35m\x1b[K_u32 flag\x1b[m\x1b[K){}\n'}
[43.655233] (rplidar_ros) StderrLine: {'line': b'      |                        \x1b[01;35m\x1b[K~~~~~^~~~\x1b[m\x1b[K\n'}
[43.666616] (-) TimerEvent: {}
[43.770630] (-) TimerEvent: {}
[43.812753] (rplidar_ros) StdoutLine: {'line': b'[ 89%] \x1b[32m\x1b[1mLinking CXX executable rplidar_node\x1b[0m\n'}
[43.870768] (-) TimerEvent: {}
[43.971510] (-) TimerEvent: {}
[44.074673] (-) TimerEvent: {}
[44.175731] (-) TimerEvent: {}
[44.277074] (-) TimerEvent: {}
[44.382701] (-) TimerEvent: {}
[44.419971] (rplidar_ros) StderrLine: {'line': b'In file included from \x1b[01m\x1b[K/home/rpd/Nav2/src/rplidar_ros/sdk/src/sl_lidarprotocol_codec.cpp:49\x1b[m\x1b[K:\n'}
[44.420571] (rplidar_ros) StderrLine: {'line': b'\x1b[01m\x1b[K/home/rpd/Nav2/src/rplidar_ros/sdk/src/sl_async_transceiver.h:\x1b[m\x1b[K In member function \xe2\x80\x98\x1b[01m\x1b[Kvirtual void sl::internal::IAsyncProtocolCodec::\x1b[01;32m\x1b[KonChannelError\x1b[m\x1b[K(u_result)\x1b[m\x1b[K\xe2\x80\x99:\n'}
[44.420981] (rplidar_ros) StderrLine: {'line': b'\x1b[01m\x1b[K/home/rpd/Nav2/src/rplidar_ros/sdk/src/sl_async_transceiver.h:90:48:\x1b[m\x1b[K \x1b[01;35m\x1b[Kwarning: \x1b[m\x1b[Kunused parameter \xe2\x80\x98\x1b[01m\x1b[KerrCode\x1b[m\x1b[K\xe2\x80\x99 [\x1b[01;35m\x1b[K\x1b]8;;https://gcc.gnu.org/onlinedocs/gcc/Warning-Options.html#index-Wunused-parameter\x07-Wunused-parameter\x1b]8;;\x07\x1b[m\x1b[K]\n'}
[44.421259] (rplidar_ros) StderrLine: {'line': b'   90 |         virtual void   onChannelError(\x1b[01;35m\x1b[Ku_result errCode\x1b[m\x1b[K) {}\n'}
[44.421524] (rplidar_ros) StderrLine: {'line': b'      |                                       \x1b[01;35m\x1b[K~~~~~~~~~^~~~~~~\x1b[m\x1b[K\n'}
[44.482897] (-) TimerEvent: {}
[44.587632] (-) TimerEvent: {}
[44.688377] (-) TimerEvent: {}
[44.791657] (-) TimerEvent: {}
[44.845977] (rplidar_ros) StdoutLine: {'line': b'[ 92%] \x1b[32mBuilding CXX object CMakeFiles/rplidar_composition.dir/sdk/src/sl_tcp_channel.cpp.o\x1b[0m\n'}
[44.891839] (-) TimerEvent: {}
[45.001620] (-) TimerEvent: {}
[45.102133] (-) TimerEvent: {}
[45.205618] (-) TimerEvent: {}
[45.259590] (rplidar_ros) StdoutLine: {'line': b'[ 92%] Built target rplidar_node\n'}
[45.305764] (-) TimerEvent: {}
[45.406570] (-) TimerEvent: {}
[45.509628] (-) TimerEvent: {}
[45.611650] (-) TimerEvent: {}
[45.717653] (-) TimerEvent: {}
[45.820613] (-) TimerEvent: {}
[45.922623] (-) TimerEvent: {}
[46.023145] (-) TimerEvent: {}
[46.126652] (-) TimerEvent: {}
[46.227193] (-) TimerEvent: {}
[46.330633] (-) TimerEvent: {}
[46.348761] (rplidar_ros) StderrLine: {'line': b'In file included from \x1b[01m\x1b[K/home/rpd/Nav2/src/rplidar_ros/sdk/include/sl_lidar_cmd.h:41\x1b[m\x1b[K,\n'}
[46.349131] (rplidar_ros) StderrLine: {'line': b'                 from \x1b[01m\x1b[K/home/rpd/Nav2/src/rplidar_ros/sdk/include/sl_lidar_driver.h:54\x1b[m\x1b[K,\n'}
[46.349278] (rplidar_ros) StderrLine: {'line': b'                 from \x1b[01m\x1b[K/home/rpd/Nav2/src/rplidar_ros/sdk/src/sl_tcp_channel.cpp:33\x1b[m\x1b[K:\n'}
[46.349427] (rplidar_ros) StderrLine: {'line': b'\x1b[01m\x1b[K/home/rpd/Nav2/src/rplidar_ros/sdk/include/sl_lidar_protocol.h:66:16:\x1b[m\x1b[K \x1b[01;35m\x1b[Kwarning: \x1b[m\x1b[KISO C++ forbids zero-size array \xe2\x80\x98\x1b[01m\x1b[Kdata\x1b[m\x1b[K\xe2\x80\x99 [\x1b[01;35m\x1b[K\x1b]8;;https://gcc.gnu.org/onlinedocs/gcc/Warning-Options.html#index-Wpedantic\x07-Wpedantic\x1b]8;;\x07\x1b[m\x1b[K]\n'}
[46.349604] (rplidar_ros) StderrLine: {'line': b'   66 |     sl_u8 data[\x1b[01;35m\x1b[K0\x1b[m\x1b[K];\n'}
[46.349744] (rplidar_ros) StderrLine: {'line': b'      |                \x1b[01;35m\x1b[K^\x1b[m\x1b[K\n'}
[46.349858] (rplidar_ros) StderrLine: {'line': b'\x1b[01m\x1b[K/home/rpd/Nav2/src/rplidar_ros/sdk/include/sl_lidar_cmd.h:324:20:\x1b[m\x1b[K \x1b[01;35m\x1b[Kwarning: \x1b[m\x1b[KISO C++ forbids zero-size array \xe2\x80\x98\x1b[01m\x1b[Kpayload\x1b[m\x1b[K\xe2\x80\x99 [\x1b[01;35m\x1b[K\x1b]8;;https://gcc.gnu.org/onlinedocs/gcc/Warning-Options.html#index-Wpedantic\x07-Wpedantic\x1b]8;;\x07\x1b[m\x1b[K]\n'}
[46.350003] (rplidar_ros) StderrLine: {'line': b'  324 |     sl_u8  payload[\x1b[01;35m\x1b[K0\x1b[m\x1b[K];\n'}
[46.350140] (rplidar_ros) StderrLine: {'line': b'      |                    \x1b[01;35m\x1b[K^\x1b[m\x1b[K\n'}
[46.364117] (rplidar_ros) StderrLine: {'line': b'\x1b[01m\x1b[K/home/rpd/Nav2/src/rplidar_ros/sdk/src/sl_tcp_channel.cpp:\x1b[m\x1b[K In member function \xe2\x80\x98\x1b[01m\x1b[Kvoid sl::TcpChannel::\x1b[01;32m\x1b[KsetStatus\x1b[m\x1b[K(_u32)\x1b[m\x1b[K\xe2\x80\x99:\n'}
[46.370743] (rplidar_ros) StderrLine: {'line': b'\x1b[01m\x1b[K/home/rpd/Nav2/src/rplidar_ros/sdk/src/sl_tcp_channel.cpp:109:29:\x1b[m\x1b[K \x1b[01;35m\x1b[Kwarning: \x1b[m\x1b[Kunused parameter \xe2\x80\x98\x1b[01m\x1b[Kflag\x1b[m\x1b[K\xe2\x80\x99 [\x1b[01;35m\x1b[K\x1b]8;;https://gcc.gnu.org/onlinedocs/gcc/Warning-Options.html#index-Wunused-parameter\x07-Wunused-parameter\x1b]8;;\x07\x1b[m\x1b[K]\n'}
[46.371098] (rplidar_ros) StderrLine: {'line': b'  109 |         void setStatus(\x1b[01;35m\x1b[K_u32 flag\x1b[m\x1b[K){}\n'}
[46.371245] (rplidar_ros) StderrLine: {'line': b'      |                        \x1b[01;35m\x1b[K~~~~~^~~~\x1b[m\x1b[K\n'}
[46.433664] (-) TimerEvent: {}
[46.534344] (-) TimerEvent: {}
[46.634968] (-) TimerEvent: {}
[46.668530] (rplidar_ros) StdoutLine: {'line': b'[ 94%] \x1b[32mBuilding CXX object CMakeFiles/rplidar_composition.dir/sdk/src/sl_udp_channel.cpp.o\x1b[0m\n'}
[46.740628] (-) TimerEvent: {}
[46.841424] (-) TimerEvent: {}
[46.944637] (-) TimerEvent: {}
[47.046623] (-) TimerEvent: {}
[47.147444] (-) TimerEvent: {}
[47.249633] (-) TimerEvent: {}
[47.350466] (-) TimerEvent: {}
[47.454854] (-) TimerEvent: {}
[47.557651] (-) TimerEvent: {}
[47.658281] (-) TimerEvent: {}
[47.759131] (-) TimerEvent: {}
[47.792365] (rplidar_ros) StderrLine: {'line': b'In file included from \x1b[01m\x1b[K/home/rpd/Nav2/src/rplidar_ros/sdk/include/sl_lidar_cmd.h:41\x1b[m\x1b[K,\n'}
[47.796938] (rplidar_ros) StderrLine: {'line': b'                 from \x1b[01m\x1b[K/home/rpd/Nav2/src/rplidar_ros/sdk/include/sl_lidar_driver.h:54\x1b[m\x1b[K,\n'}
[47.797311] (rplidar_ros) StderrLine: {'line': b'                 from \x1b[01m\x1b[K/home/rpd/Nav2/src/rplidar_ros/sdk/src/sl_udp_channel.cpp:33\x1b[m\x1b[K:\n'}
[47.797451] (rplidar_ros) StderrLine: {'line': b'\x1b[01m\x1b[K/home/rpd/Nav2/src/rplidar_ros/sdk/include/sl_lidar_protocol.h:66:16:\x1b[m\x1b[K \x1b[01;35m\x1b[Kwarning: \x1b[m\x1b[KISO C++ forbids zero-size array \xe2\x80\x98\x1b[01m\x1b[Kdata\x1b[m\x1b[K\xe2\x80\x99 [\x1b[01;35m\x1b[K\x1b]8;;https://gcc.gnu.org/onlinedocs/gcc/Warning-Options.html#index-Wpedantic\x07-Wpedantic\x1b]8;;\x07\x1b[m\x1b[K]\n'}
[47.797640] (rplidar_ros) StderrLine: {'line': b'   66 |     sl_u8 data[\x1b[01;35m\x1b[K0\x1b[m\x1b[K];\n'}
[47.797785] (rplidar_ros) StderrLine: {'line': b'      |                \x1b[01;35m\x1b[K^\x1b[m\x1b[K\n'}
[47.797947] (rplidar_ros) StderrLine: {'line': b'\x1b[01m\x1b[K/home/rpd/Nav2/src/rplidar_ros/sdk/include/sl_lidar_cmd.h:324:20:\x1b[m\x1b[K \x1b[01;35m\x1b[Kwarning: \x1b[m\x1b[KISO C++ forbids zero-size array \xe2\x80\x98\x1b[01m\x1b[Kpayload\x1b[m\x1b[K\xe2\x80\x99 [\x1b[01;35m\x1b[K\x1b]8;;https://gcc.gnu.org/onlinedocs/gcc/Warning-Options.html#index-Wpedantic\x07-Wpedantic\x1b]8;;\x07\x1b[m\x1b[K]\n'}
[47.800644] (rplidar_ros) StderrLine: {'line': b'  324 |     sl_u8  payload[\x1b[01;35m\x1b[K0\x1b[m\x1b[K];\n'}
[47.801080] (rplidar_ros) StderrLine: {'line': b'      |                    \x1b[01;35m\x1b[K^\x1b[m\x1b[K\n'}
[47.816288] (rplidar_ros) StderrLine: {'line': b'\x1b[01m\x1b[K/home/rpd/Nav2/src/rplidar_ros/sdk/src/sl_udp_channel.cpp:\x1b[m\x1b[K In member function \xe2\x80\x98\x1b[01m\x1b[Kvoid sl::UdpChannel::\x1b[01;32m\x1b[KsetStatus\x1b[m\x1b[K(_u32)\x1b[m\x1b[K\xe2\x80\x99:\n'}
[47.816863] (rplidar_ros) StderrLine: {'line': b'\x1b[01m\x1b[K/home/rpd/Nav2/src/rplidar_ros/sdk/src/sl_udp_channel.cpp:112:29:\x1b[m\x1b[K \x1b[01;35m\x1b[Kwarning: \x1b[m\x1b[Kunused parameter \xe2\x80\x98\x1b[01m\x1b[Kflag\x1b[m\x1b[K\xe2\x80\x99 [\x1b[01;35m\x1b[K\x1b]8;;https://gcc.gnu.org/onlinedocs/gcc/Warning-Options.html#index-Wunused-parameter\x07-Wunused-parameter\x1b]8;;\x07\x1b[m\x1b[K]\n'}
[47.817280] (rplidar_ros) StderrLine: {'line': b'  112 |         void setStatus(\x1b[01;35m\x1b[K_u32 flag\x1b[m\x1b[K){}\n'}
[47.818641] (rplidar_ros) StderrLine: {'line': b'      |                        \x1b[01;35m\x1b[K~~~~~^~~~\x1b[m\x1b[K\n'}
[47.859284] (-) TimerEvent: {}
[47.966646] (-) TimerEvent: {}
[48.067632] (-) TimerEvent: {}
[48.168136] (-) TimerEvent: {}
[48.268633] (-) TimerEvent: {}
[48.369384] (-) TimerEvent: {}
[48.447613] (rplidar_ros) StdoutLine: {'line': b'[ 97%] \x1b[32mBuilding CXX object CMakeFiles/rplidar_composition.dir/sdk/src/sl_serial_channel.cpp.o\x1b[0m\n'}
[48.470669] (-) TimerEvent: {}
[48.573624] (-) TimerEvent: {}
[48.674378] (-) TimerEvent: {}
[48.775165] (-) TimerEvent: {}
[48.875953] (-) TimerEvent: {}
[48.978876] (-) TimerEvent: {}
[49.077205] (rplidar_ros) StderrLine: {'line': b'In file included from \x1b[01m\x1b[K/home/rpd/Nav2/src/rplidar_ros/sdk/include/sl_lidar_cmd.h:41\x1b[m\x1b[K,\n'}
[49.077648] (rplidar_ros) StderrLine: {'line': b'                 from \x1b[01m\x1b[K/home/rpd/Nav2/src/rplidar_ros/sdk/include/sl_lidar_driver.h:54\x1b[m\x1b[K,\n'}
[49.077808] (rplidar_ros) StderrLine: {'line': b'                 from \x1b[01m\x1b[K/home/rpd/Nav2/src/rplidar_ros/sdk/src/sl_serial_channel.cpp:33\x1b[m\x1b[K:\n'}
[49.077926] (rplidar_ros) StderrLine: {'line': b'\x1b[01m\x1b[K/home/rpd/Nav2/src/rplidar_ros/sdk/include/sl_lidar_protocol.h:66:16:\x1b[m\x1b[K \x1b[01;35m\x1b[Kwarning: \x1b[m\x1b[KISO C++ forbids zero-size array \xe2\x80\x98\x1b[01m\x1b[Kdata\x1b[m\x1b[K\xe2\x80\x99 [\x1b[01;35m\x1b[K\x1b]8;;https://gcc.gnu.org/onlinedocs/gcc/Warning-Options.html#index-Wpedantic\x07-Wpedantic\x1b]8;;\x07\x1b[m\x1b[K]\n'}
[49.078088] (rplidar_ros) StderrLine: {'line': b'   66 |     sl_u8 data[\x1b[01;35m\x1b[K0\x1b[m\x1b[K];\n'}
[49.078216] (rplidar_ros) StderrLine: {'line': b'      |                \x1b[01;35m\x1b[K^\x1b[m\x1b[K\n'}
[49.078323] (rplidar_ros) StderrLine: {'line': b'\x1b[01m\x1b[K/home/rpd/Nav2/src/rplidar_ros/sdk/include/sl_lidar_cmd.h:324:20:\x1b[m\x1b[K \x1b[01;35m\x1b[Kwarning: \x1b[m\x1b[KISO C++ forbids zero-size array \xe2\x80\x98\x1b[01m\x1b[Kpayload\x1b[m\x1b[K\xe2\x80\x99 [\x1b[01;35m\x1b[K\x1b]8;;https://gcc.gnu.org/onlinedocs/gcc/Warning-Options.html#index-Wpedantic\x07-Wpedantic\x1b]8;;\x07\x1b[m\x1b[K]\n'}
[49.078433] (rplidar_ros) StderrLine: {'line': b'  324 |     sl_u8  payload[\x1b[01;35m\x1b[K0\x1b[m\x1b[K];\n'}
[49.078568] (rplidar_ros) StderrLine: {'line': b'      |                    \x1b[01;35m\x1b[K^\x1b[m\x1b[K\n'}
[49.083662] (-) TimerEvent: {}
[49.184246] (-) TimerEvent: {}
[49.255648] (rplidar_ros) StdoutLine: {'line': b'[100%] \x1b[32m\x1b[1mLinking CXX executable rplidar_composition\x1b[0m\n'}
[49.284429] (-) TimerEvent: {}
[49.388639] (-) TimerEvent: {}
[49.489313] (-) TimerEvent: {}
[49.590100] (-) TimerEvent: {}
[49.696800] (-) TimerEvent: {}
[49.799640] (-) TimerEvent: {}
[49.900283] (-) TimerEvent: {}
[50.003649] (-) TimerEvent: {}
[50.104274] (-) TimerEvent: {}
[50.207642] (-) TimerEvent: {}
[50.308579] (-) TimerEvent: {}
[50.414713] (-) TimerEvent: {}
[50.515231] (-) TimerEvent: {}
[50.616017] (-) TimerEvent: {}
[50.718918] (-) TimerEvent: {}
[50.822081] (-) TimerEvent: {}
[50.922882] (-) TimerEvent: {}
[51.023700] (-) TimerEvent: {}
[51.124528] (-) TimerEvent: {}
[51.227629] (-) TimerEvent: {}
[51.306756] (multirobot_map_merge) StdoutLine: {'line': b'[ 58%] \x1b[32m\x1b[1mLinking CXX static library libgtest.a\x1b[0m\n'}
[51.333628] (-) TimerEvent: {}
[51.434124] (-) TimerEvent: {}
[51.536623] (-) TimerEvent: {}
[51.556131] (rplidar_ros) StdoutLine: {'line': b'[100%] Built target rplidar_composition\n'}
[51.636770] (-) TimerEvent: {}
[51.914883] (rplidar_ros) CommandEnded: {'returncode': 0}
[51.915748] (-) TimerEvent: {}
[51.916053] (rplidar_ros) JobProgress: {'identifier': 'rplidar_ros', 'progress': 'install'}
[51.916105] (rplidar_ros) Command: {'cmd': ['/usr/bin/cmake', '--install', '/home/rpd/Nav2/build/rplidar_ros'], 'cwd': '/home/rpd/Nav2/build/rplidar_ros', 'env': OrderedDict({'LESSOPEN': '| /usr/bin/lesspipe %s', 'USER': 'rpd', 'SSH_CLIENT': '192.168.20.51 43874 22', 'GZ_CONFIG_PATH': '/opt/ros/jazzy/opt/gz_sim_vendor/share/gz:/opt/ros/jazzy/opt/sdformat_vendor/share/gz:/opt/ros/jazzy/opt/gz_gui_vendor/share/gz:/opt/ros/jazzy/opt/gz_transport_vendor/share/gz:/opt/ros/jazzy/opt/gz_rendering_vendor/share/gz:/opt/ros/jazzy/opt/gz_plugin_vendor/share/gz:/opt/ros/jazzy/opt/gz_fuel_tools_vendor/share/gz:/opt/ros/jazzy/opt/gz_msgs_vendor/share/gz:/opt/ros/jazzy/opt/gz_common_vendor/share/gz', 'XDG_SESSION_TYPE': 'tty', 'SHLVL': '1', 'LD_LIBRARY_PATH': '/opt/ros/jazzy/opt/gz_sim_vendor/lib:/opt/ros/jazzy/opt/gz_sensors_vendor/lib:/opt/ros/jazzy/opt/gz_physics_vendor/lib:/opt/ros/jazzy/opt/sdformat_vendor/lib:/opt/ros/jazzy/opt/rviz_ogre_vendor/lib:/opt/ros/jazzy/lib/aarch64-linux-gnu:/opt/ros/jazzy/opt/gz_gui_vendor/lib:/opt/ros/jazzy/opt/gz_transport_vendor/lib:/opt/ros/jazzy/opt/gz_rendering_vendor/lib:/opt/ros/jazzy/opt/gz_plugin_vendor/lib:/opt/ros/jazzy/opt/gz_fuel_tools_vendor/lib:/opt/ros/jazzy/opt/gz_msgs_vendor/lib:/opt/ros/jazzy/opt/gz_common_vendor/lib:/opt/ros/jazzy/opt/gz_math_vendor/lib:/opt/ros/jazzy/opt/gz_utils_vendor/lib:/opt/ros/jazzy/opt/gz_tools_vendor/lib:/opt/ros/jazzy/opt/gz_ogre_next_vendor/lib:/opt/ros/jazzy/opt/gz_dartsim_vendor/lib:/opt/ros/jazzy/opt/gz_cmake_vendor/lib:/opt/ros/jazzy/lib', 'HOME': '/home/rpd', 'OLDPWD': '/home/rpd/Nav2/src', 'SSH_TTY': '/dev/pts/0', 'ROS_PYTHON_VERSION': '3', 'DBUS_SESSION_BUS_ADDRESS': 'unix:path=/run/user/1000/bus', 'ROS_DISTRO': 'jazzy', 'LOGNAME': 'rpd', '_': '/usr/bin/colcon', 'ROS_VERSION': '2', 'XDG_SESSION_CLASS': 'user', 'TERM': 'xterm-256color', 'XDG_SESSION_ID': '5', 'PATH': '/home/rpd/.local/bin:/home/rpd/.local/bin:/opt/ros/jazzy/opt/gz_msgs_vendor/bin:/opt/ros/jazzy/opt/gz_tools_vendor/bin:/opt/ros/jazzy/opt/gz_ogre_next_vendor/bin:/opt/ros/jazzy/bin:/usr/local/sbin:/usr/local/bin:/usr/sbin:/usr/bin:/sbin:/bin:/usr/games:/usr/local/games:/snap/bin', 'XDG_RUNTIME_DIR': '/run/user/1000', 'DISPLAY': 'localhost:10.0', 'LANG': 'en_US.UTF-8', 'LS_COLORS': 'rs=0:di=01;34:ln=01;36:mh=00:pi=40;33:so=01;35:do=01;35:bd=40;33;01:cd=40;33;01:or=40;31;01:mi=00:su=37;41:sg=30;43:ca=00:tw=30;42:ow=34;42:st=37;44:ex=01;32:*.tar=01;31:*.tgz=01;31:*.arc=01;31:*.arj=01;31:*.taz=01;31:*.lha=01;31:*.lz4=01;31:*.lzh=01;31:*.lzma=01;31:*.tlz=01;31:*.txz=01;31:*.tzo=01;31:*.t7z=01;31:*.zip=01;31:*.z=01;31:*.dz=01;31:*.gz=01;31:*.lrz=01;31:*.lz=01;31:*.lzo=01;31:*.xz=01;31:*.zst=01;31:*.tzst=01;31:*.bz2=01;31:*.bz=01;31:*.tbz=01;31:*.tbz2=01;31:*.tz=01;31:*.deb=01;31:*.rpm=01;31:*.jar=01;31:*.war=01;31:*.ear=01;31:*.sar=01;31:*.rar=01;31:*.alz=01;31:*.ace=01;31:*.zoo=01;31:*.cpio=01;31:*.7z=01;31:*.rz=01;31:*.cab=01;31:*.wim=01;31:*.swm=01;31:*.dwm=01;31:*.esd=01;31:*.avif=01;35:*.jpg=01;35:*.jpeg=01;35:*.mjpg=01;35:*.mjpeg=01;35:*.gif=01;35:*.bmp=01;35:*.pbm=01;35:*.pgm=01;35:*.ppm=01;35:*.tga=01;35:*.xbm=01;35:*.xpm=01;35:*.tif=01;35:*.tiff=01;35:*.png=01;35:*.svg=01;35:*.svgz=01;35:*.mng=01;35:*.pcx=01;35:*.mov=01;35:*.mpg=01;35:*.mpeg=01;35:*.m2v=01;35:*.mkv=01;35:*.webm=01;35:*.webp=01;35:*.ogm=01;35:*.mp4=01;35:*.m4v=01;35:*.mp4v=01;35:*.vob=01;35:*.qt=01;35:*.nuv=01;35:*.wmv=01;35:*.asf=01;35:*.rm=01;35:*.rmvb=01;35:*.flc=01;35:*.avi=01;35:*.fli=01;35:*.flv=01;35:*.gl=01;35:*.dl=01;35:*.xcf=01;35:*.xwd=01;35:*.yuv=01;35:*.cgm=01;35:*.emf=01;35:*.ogv=01;35:*.ogx=01;35:*.aac=00;36:*.au=00;36:*.flac=00;36:*.m4a=00;36:*.mid=00;36:*.midi=00;36:*.mka=00;36:*.mp3=00;36:*.mpc=00;36:*.ogg=00;36:*.ra=00;36:*.wav=00;36:*.oga=00;36:*.opus=00;36:*.spx=00;36:*.xspf=00;36:*~=00;90:*#=00;90:*.bak=00;90:*.crdownload=00;90:*.dpkg-dist=00;90:*.dpkg-new=00;90:*.dpkg-old=00;90:*.dpkg-tmp=00;90:*.old=00;90:*.orig=00;90:*.part=00;90:*.rej=00;90:*.rpmnew=00;90:*.rpmorig=00;90:*.rpmsave=00;90:*.swp=00;90:*.tmp=00;90:*.ucf-dist=00;90:*.ucf-new=00;90:*.ucf-old=00;90:', 'ROS_DOMAIN_ID': '12', 'AMENT_PREFIX_PATH': '/opt/ros/jazzy', 'SHELL': '/bin/bash', 'LESSCLOSE': '/usr/bin/lesspipe %s %s', 'ROS_AUTOMATIC_DISCOVERY_RANGE': 'SUBNET', 'PWD': '/home/rpd/Nav2/build/rplidar_ros', 'LC_ALL': 'en_US.UTF-8', 'SSH_CONNECTION': '192.168.20.51 43874 192.168.22.22 22', 'XDG_DATA_DIRS': '/usr/local/share:/usr/share:/var/lib/snapd/desktop', 'PYTHONPATH': '/opt/ros/jazzy/lib/python3.12/site-packages:/usr/local/lib:/usr/local/lib/python3/dist-packages:/usr/local/lib/python3.11/site-packages', 'COLCON': '1', 'CMAKE_PREFIX_PATH': '/opt/ros/jazzy/opt/gz_sim_vendor:/opt/ros/jazzy/opt/gz_sensors_vendor:/opt/ros/jazzy/opt/gz_physics_vendor:/opt/ros/jazzy/opt/sdformat_vendor:/opt/ros/jazzy/opt/gz_gui_vendor:/opt/ros/jazzy/opt/gz_transport_vendor:/opt/ros/jazzy/opt/gz_rendering_vendor:/opt/ros/jazzy/opt/gz_plugin_vendor:/opt/ros/jazzy/opt/gz_fuel_tools_vendor:/opt/ros/jazzy/opt/gz_msgs_vendor:/opt/ros/jazzy/opt/gz_common_vendor:/opt/ros/jazzy/opt/gz_math_vendor:/opt/ros/jazzy/opt/gz_utils_vendor:/opt/ros/jazzy/opt/gz_tools_vendor:/opt/ros/jazzy/opt/gz_ogre_next_vendor:/opt/ros/jazzy/opt/gz_dartsim_vendor:/opt/ros/jazzy/opt/gz_cmake_vendor:/opt/ros/jazzy'}), 'shell': False}
[51.974689] (rplidar_ros) StdoutLine: {'line': b'-- Install configuration: ""\n'}
[51.975075] (rplidar_ros) StdoutLine: {'line': b'-- Installing: /home/rpd/Nav2/install/rplidar_ros/share/rplidar_ros/launch\n'}
[51.975237] (rplidar_ros) StdoutLine: {'line': b'-- Installing: /home/rpd/Nav2/install/rplidar_ros/share/rplidar_ros/launch/view_rplidar_s2e_launch.py\n'}
[51.975373] (rplidar_ros) StdoutLine: {'line': b'-- Installing: /home/rpd/Nav2/install/rplidar_ros/share/rplidar_ros/launch/view_rplidar_s3_launch.py\n'}
[51.975524] (rplidar_ros) StdoutLine: {'line': b'-- Installing: /home/rpd/Nav2/install/rplidar_ros/share/rplidar_ros/launch/rplidar_s2e_launch.py\n'}
[51.978591] (rplidar_ros) StdoutLine: {'line': b'-- Installing: /home/rpd/Nav2/install/rplidar_ros/share/rplidar_ros/launch/rplidar_a3_launch.py\n'}
[51.978922] (rplidar_ros) StdoutLine: {'line': b'-- Installing: /home/rpd/Nav2/install/rplidar_ros/share/rplidar_ros/launch/view_rplidar_a1_launch.py\n'}
[51.979070] (rplidar_ros) StdoutLine: {'line': b'-- Installing: /home/rpd/Nav2/install/rplidar_ros/share/rplidar_ros/launch/view_rplidar_a2m8_launch.py\n'}
[51.979193] (rplidar_ros) StdoutLine: {'line': b'-- Installing: /home/rpd/Nav2/install/rplidar_ros/share/rplidar_ros/launch/view_rplidar_s1_launch.py\n'}
[51.979309] (rplidar_ros) StdoutLine: {'line': b'-- Installing: /home/rpd/Nav2/install/rplidar_ros/share/rplidar_ros/launch/view_rplidar_t1_launch.py\n'}
[51.979433] (rplidar_ros) StdoutLine: {'line': b'-- Installing: /home/rpd/Nav2/install/rplidar_ros/share/rplidar_ros/launch/rplidar_c1_launch.py\n'}
[51.979609] (rplidar_ros) StdoutLine: {'line': b'-- Installing: /home/rpd/Nav2/install/rplidar_ros/share/rplidar_ros/launch/rplidar_a2m7_launch.py\n'}
[51.979743] (rplidar_ros) StdoutLine: {'line': b'-- Installing: /home/rpd/Nav2/install/rplidar_ros/share/rplidar_ros/launch/view_rplidar_a2m12_launch.py\n'}
[51.979868] (rplidar_ros) StdoutLine: {'line': b'-- Installing: /home/rpd/Nav2/install/rplidar_ros/share/rplidar_ros/launch/rplidar_a1_launch.py\n'}
[51.980033] (rplidar_ros) StdoutLine: {'line': b'-- Installing: /home/rpd/Nav2/install/rplidar_ros/share/rplidar_ros/launch/view_rplidar_s2_launch.py\n'}
[51.980172] (rplidar_ros) StdoutLine: {'line': b'-- Installing: /home/rpd/Nav2/install/rplidar_ros/share/rplidar_ros/launch/rplidar_a2m8_launch.py\n'}
[51.980296] (rplidar_ros) StdoutLine: {'line': b'-- Installing: /home/rpd/Nav2/install/rplidar_ros/share/rplidar_ros/launch/view_rplidar_a2m7_launch.py\n'}
[51.980425] (rplidar_ros) StdoutLine: {'line': b'-- Installing: /home/rpd/Nav2/install/rplidar_ros/share/rplidar_ros/launch/rplidar_t1_launch.py\n'}
[51.983979] (rplidar_ros) StdoutLine: {'line': b'-- Installing: /home/rpd/Nav2/install/rplidar_ros/share/rplidar_ros/launch/rplidar_a2m12_launch.py\n'}
[51.984363] (rplidar_ros) StdoutLine: {'line': b'-- Installing: /home/rpd/Nav2/install/rplidar_ros/share/rplidar_ros/launch/view_rplidar_s1_tcp_launch.py\n'}
[51.984610] (rplidar_ros) StdoutLine: {'line': b'-- Installing: /home/rpd/Nav2/install/rplidar_ros/share/rplidar_ros/launch/view_rplidar_c1_launch.py\n'}
[51.984833] (rplidar_ros) StdoutLine: {'line': b'-- Installing: /home/rpd/Nav2/install/rplidar_ros/share/rplidar_ros/launch/view_rplidar_a3_launch.py\n'}
[51.984993] (rplidar_ros) StdoutLine: {'line': b'-- Installing: /home/rpd/Nav2/install/rplidar_ros/share/rplidar_ros/launch/rplidar_s2_launch.py\n'}
[51.985137] (rplidar_ros) StdoutLine: {'line': b'-- Installing: /home/rpd/Nav2/install/rplidar_ros/share/rplidar_ros/launch/rplidar_s1_launch.py\n'}
[51.985296] (rplidar_ros) StdoutLine: {'line': b'-- Installing: /home/rpd/Nav2/install/rplidar_ros/share/rplidar_ros/launch/rplidar_s3_launch.py\n'}
[51.985439] (rplidar_ros) StdoutLine: {'line': b'-- Installing: /home/rpd/Nav2/install/rplidar_ros/share/rplidar_ros/launch/rplidar_s1_tcp_launch.py\n'}
[51.985654] (rplidar_ros) StdoutLine: {'line': b'-- Installing: /home/rpd/Nav2/install/rplidar_ros/share/rplidar_ros/rviz\n'}
[51.985818] (rplidar_ros) StdoutLine: {'line': b'-- Installing: /home/rpd/Nav2/install/rplidar_ros/share/rplidar_ros/rviz/rplidar_ros.rviz\n'}
[51.988745] (rplidar_ros) StdoutLine: {'line': b'-- Installing: /home/rpd/Nav2/install/rplidar_ros/lib/rplidar_ros/rplidar_node\n'}
[51.997669] (rplidar_ros) StdoutLine: {'line': b'-- Set non-toolchain portion of runtime path of "/home/rpd/Nav2/install/rplidar_ros/lib/rplidar_ros/rplidar_node" to ""\n'}
[52.000636] (rplidar_ros) StdoutLine: {'line': b'-- Installing: /home/rpd/Nav2/install/rplidar_ros/lib/rplidar_ros/rplidar_composition\n'}
[52.007640] (rplidar_ros) StdoutLine: {'line': b'-- Set non-toolchain portion of runtime path of "/home/rpd/Nav2/install/rplidar_ros/lib/rplidar_ros/rplidar_composition" to ""\n'}
[52.012695] (rplidar_ros) StdoutLine: {'line': b'-- Installing: /home/rpd/Nav2/install/rplidar_ros/lib/rplidar_ros/rplidar_client\n'}
[52.016014] (-) TimerEvent: {}
[52.030190] (rplidar_ros) StdoutLine: {'line': b'-- Set non-toolchain portion of runtime path of "/home/rpd/Nav2/install/rplidar_ros/lib/rplidar_ros/rplidar_client" to ""\n'}
[52.030707] (rplidar_ros) StdoutLine: {'line': b'-- Installing: /home/rpd/Nav2/install/rplidar_ros/share/ament_index/resource_index/package_run_dependencies/rplidar_ros\n'}
[52.030967] (rplidar_ros) StdoutLine: {'line': b'-- Installing: /home/rpd/Nav2/install/rplidar_ros/share/ament_index/resource_index/parent_prefix_path/rplidar_ros\n'}
[52.031376] (rplidar_ros) StdoutLine: {'line': b'-- Installing: /home/rpd/Nav2/install/rplidar_ros/share/rplidar_ros/environment/ament_prefix_path.sh\n'}
[52.033236] (rplidar_ros) StdoutLine: {'line': b'-- Installing: /home/rpd/Nav2/install/rplidar_ros/share/rplidar_ros/environment/ament_prefix_path.dsv\n'}
[52.033711] (rplidar_ros) StdoutLine: {'line': b'-- Installing: /home/rpd/Nav2/install/rplidar_ros/share/rplidar_ros/environment/path.sh\n'}
[52.035012] (rplidar_ros) StdoutLine: {'line': b'-- Installing: /home/rpd/Nav2/install/rplidar_ros/share/rplidar_ros/environment/path.dsv\n'}
[52.035773] (rplidar_ros) StdoutLine: {'line': b'-- Installing: /home/rpd/Nav2/install/rplidar_ros/share/rplidar_ros/local_setup.bash\n'}
[52.035972] (rplidar_ros) StdoutLine: {'line': b'-- Installing: /home/rpd/Nav2/install/rplidar_ros/share/rplidar_ros/local_setup.sh\n'}
[52.037470] (rplidar_ros) StdoutLine: {'line': b'-- Installing: /home/rpd/Nav2/install/rplidar_ros/share/rplidar_ros/local_setup.zsh\n'}
[52.038868] (rplidar_ros) StdoutLine: {'line': b'-- Installing: /home/rpd/Nav2/install/rplidar_ros/share/rplidar_ros/local_setup.dsv\n'}
[52.039206] (rplidar_ros) StdoutLine: {'line': b'-- Installing: /home/rpd/Nav2/install/rplidar_ros/share/rplidar_ros/package.dsv\n'}
[52.043639] (rplidar_ros) StdoutLine: {'line': b'-- Installing: /home/rpd/Nav2/install/rplidar_ros/share/ament_index/resource_index/packages/rplidar_ros\n'}
[52.044044] (rplidar_ros) StdoutLine: {'line': b'-- Installing: /home/rpd/Nav2/install/rplidar_ros/share/rplidar_ros/cmake/ament_cmake_export_dependencies-extras.cmake\n'}
[52.044214] (rplidar_ros) StdoutLine: {'line': b'-- Installing: /home/rpd/Nav2/install/rplidar_ros/share/rplidar_ros/cmake/ament_cmake_export_include_directories-extras.cmake\n'}
[52.044361] (rplidar_ros) StdoutLine: {'line': b'-- Installing: /home/rpd/Nav2/install/rplidar_ros/share/rplidar_ros/cmake/rplidar_rosConfig.cmake\n'}
[52.044540] (rplidar_ros) StdoutLine: {'line': b'-- Installing: /home/rpd/Nav2/install/rplidar_ros/share/rplidar_ros/cmake/rplidar_rosConfig-version.cmake\n'}
[52.044728] (rplidar_ros) StdoutLine: {'line': b'-- Installing: /home/rpd/Nav2/install/rplidar_ros/share/rplidar_ros/package.xml\n'}
[52.055605] (rplidar_ros) CommandEnded: {'returncode': 0}
[52.116145] (-) TimerEvent: {}
[52.128217] (multirobot_map_merge) StdoutLine: {'line': b'[ 58%] Built target gtest\n'}
[52.138932] (rplidar_ros) JobEnded: {'identifier': 'rplidar_ros', 'rc': 0}
[52.217631] (-) TimerEvent: {}
[52.318321] (-) TimerEvent: {}
[52.421857] (-) TimerEvent: {}
[52.522637] (-) TimerEvent: {}
[52.624624] (-) TimerEvent: {}
[52.725378] (-) TimerEvent: {}
[52.826244] (-) TimerEvent: {}
[52.928876] (-) TimerEvent: {}
[53.032641] (-) TimerEvent: {}
[53.133205] (-) TimerEvent: {}
[53.234037] (-) TimerEvent: {}
[53.335870] (-) TimerEvent: {}
[53.438860] (-) TimerEvent: {}
[53.539608] (-) TimerEvent: {}
[53.641915] (-) TimerEvent: {}
[53.742718] (-) TimerEvent: {}
[53.844896] (-) TimerEvent: {}
[53.947878] (-) TimerEvent: {}
[54.048690] (-) TimerEvent: {}
[54.151626] (-) TimerEvent: {}
[54.252400] (-) TimerEvent: {}
[54.353189] (-) TimerEvent: {}
[54.453910] (-) TimerEvent: {}
[54.554631] (-) TimerEvent: {}
[54.657630] (multirobot_map_merge) StdoutLine: {'line': b'[ 66%] \x1b[32m\x1b[1mLinking CXX static library libcombine_grids.a\x1b[0m\n'}
[54.658018] (-) TimerEvent: {}
[54.758434] (-) TimerEvent: {}
[54.859229] (-) TimerEvent: {}
[54.931542] (multirobot_map_merge) StdoutLine: {'line': b'[ 66%] Built target combine_grids\n'}
[54.959389] (-) TimerEvent: {}
[54.984650] (explore_lite) StdoutLine: {'line': b'[ 70%] \x1b[32m\x1b[1mLinking CXX static library libgtest.a\x1b[0m\n'}
[55.037456] (multirobot_map_merge) StdoutLine: {'line': b'[ 75%] \x1b[32mBuilding CXX object CMakeFiles/map_merge.dir/src/map_merge.cpp.o\x1b[0m\n'}
[55.059568] (-) TimerEvent: {}
[55.162854] (-) TimerEvent: {}
[55.263306] (-) TimerEvent: {}
[55.363974] (-) TimerEvent: {}
[55.405220] (explore_lite) StdoutLine: {'line': b'[ 70%] Built target gtest\n'}
[55.464122] (-) TimerEvent: {}
[55.564872] (-) TimerEvent: {}
[55.669049] (-) TimerEvent: {}
[55.769581] (-) TimerEvent: {}
[55.870357] (-) TimerEvent: {}
[55.971129] (-) TimerEvent: {}
[56.073835] (-) TimerEvent: {}
[56.174571] (-) TimerEvent: {}
[56.277618] (-) TimerEvent: {}
[56.379395] (-) TimerEvent: {}
[56.481850] (-) TimerEvent: {}
[56.582567] (-) TimerEvent: {}
[56.684625] (-) TimerEvent: {}
[56.785102] (-) TimerEvent: {}
[56.885817] (-) TimerEvent: {}
[56.987866] (-) TimerEvent: {}
[57.089641] (-) TimerEvent: {}
[57.190207] (-) TimerEvent: {}
[57.291764] (-) TimerEvent: {}
[57.392272] (-) TimerEvent: {}
[57.495776] (-) TimerEvent: {}
[57.596241] (-) TimerEvent: {}
[57.696729] (-) TimerEvent: {}
[57.797248] (-) TimerEvent: {}
[57.897823] (-) TimerEvent: {}
[57.998369] (-) TimerEvent: {}
[58.098945] (-) TimerEvent: {}
[58.200915] (-) TimerEvent: {}
[58.302882] (-) TimerEvent: {}
[58.403522] (-) TimerEvent: {}
[58.504071] (-) TimerEvent: {}
[58.607648] (-) TimerEvent: {}
[58.708173] (-) TimerEvent: {}
[58.808731] (-) TimerEvent: {}
[58.909223] (-) TimerEvent: {}
[59.009739] (-) TimerEvent: {}
[59.110402] (-) TimerEvent: {}
[59.210899] (-) TimerEvent: {}
[59.311351] (-) TimerEvent: {}
[59.412043] (-) TimerEvent: {}
[59.512506] (-) TimerEvent: {}
[59.612975] (-) TimerEvent: {}
[59.713704] (-) TimerEvent: {}
[59.814407] (-) TimerEvent: {}
[59.915085] (-) TimerEvent: {}
[60.015559] (-) TimerEvent: {}
[60.116010] (-) TimerEvent: {}
[60.216732] (-) TimerEvent: {}
[60.317256] (-) TimerEvent: {}
[60.418209] (-) TimerEvent: {}
[60.518639] (-) TimerEvent: {}
[60.619102] (-) TimerEvent: {}
[60.719791] (-) TimerEvent: {}
[60.820235] (-) TimerEvent: {}
[60.920942] (-) TimerEvent: {}
[61.021438] (-) TimerEvent: {}
[61.121901] (-) TimerEvent: {}
[61.222546] (-) TimerEvent: {}
[61.323008] (-) TimerEvent: {}
[61.423623] (-) TimerEvent: {}
[61.524044] (-) TimerEvent: {}
[61.624523] (-) TimerEvent: {}
[61.725155] (-) TimerEvent: {}
[61.825598] (-) TimerEvent: {}
[61.926218] (-) TimerEvent: {}
[62.026688] (-) TimerEvent: {}
[62.127326] (-) TimerEvent: {}
[62.227816] (-) TimerEvent: {}
[62.328437] (-) TimerEvent: {}
[62.428892] (-) TimerEvent: {}
[62.529340] (-) TimerEvent: {}
[62.629871] (-) TimerEvent: {}
[62.730652] (-) TimerEvent: {}
[62.831128] (-) TimerEvent: {}
[62.931811] (-) TimerEvent: {}
[63.032277] (-) TimerEvent: {}
[63.132950] (-) TimerEvent: {}
[63.233414] (-) TimerEvent: {}
[63.334027] (-) TimerEvent: {}
[63.434489] (-) TimerEvent: {}
[63.535244] (-) TimerEvent: {}
[63.635973] (-) TimerEvent: {}
[63.736791] (-) TimerEvent: {}
[63.837492] (-) TimerEvent: {}
[63.938287] (-) TimerEvent: {}
[64.038747] (-) TimerEvent: {}
[64.139354] (-) TimerEvent: {}
[64.239845] (-) TimerEvent: {}
[64.340489] (-) TimerEvent: {}
[64.441009] (-) TimerEvent: {}
[64.541730] (-) TimerEvent: {}
[64.642223] (-) TimerEvent: {}
[64.742738] (-) TimerEvent: {}
[64.843315] (-) TimerEvent: {}
[64.944146] (-) TimerEvent: {}
[65.044728] (-) TimerEvent: {}
[65.145475] (-) TimerEvent: {}
[65.246212] (-) TimerEvent: {}
[65.346741] (-) TimerEvent: {}
[65.447484] (-) TimerEvent: {}
[65.547977] (-) TimerEvent: {}
[65.648693] (-) TimerEvent: {}
[65.749169] (-) TimerEvent: {}
[65.849873] (-) TimerEvent: {}
[65.950370] (-) TimerEvent: {}
[66.051133] (-) TimerEvent: {}
[66.151808] (-) TimerEvent: {}
[66.252708] (-) TimerEvent: {}
[66.353227] (-) TimerEvent: {}
[66.453979] (-) TimerEvent: {}
[66.554508] (-) TimerEvent: {}
[66.655271] (-) TimerEvent: {}
[66.755757] (-) TimerEvent: {}
[66.856488] (-) TimerEvent: {}
[66.957014] (-) TimerEvent: {}
[67.057768] (-) TimerEvent: {}
[67.158278] (-) TimerEvent: {}
[67.258771] (-) TimerEvent: {}
[67.359576] (-) TimerEvent: {}
[67.460070] (-) TimerEvent: {}
[67.560793] (-) TimerEvent: {}
[67.661264] (-) TimerEvent: {}
[67.761724] (-) TimerEvent: {}
[67.862433] (-) TimerEvent: {}
[67.962965] (-) TimerEvent: {}
[68.063698] (-) TimerEvent: {}
[68.164222] (-) TimerEvent: {}
[68.264966] (-) TimerEvent: {}
[68.365487] (-) TimerEvent: {}
[68.466250] (-) TimerEvent: {}
[68.566817] (-) TimerEvent: {}
[68.667586] (-) TimerEvent: {}
[68.768090] (-) TimerEvent: {}
[68.868883] (-) TimerEvent: {}
[68.969482] (-) TimerEvent: {}
[69.070006] (-) TimerEvent: {}
[69.170815] (-) TimerEvent: {}
[69.271302] (-) TimerEvent: {}
[69.371950] (-) TimerEvent: {}
[69.472454] (-) TimerEvent: {}
[69.573205] (-) TimerEvent: {}
[69.673764] (-) TimerEvent: {}
[69.774274] (-) TimerEvent: {}
[69.874705] (-) TimerEvent: {}
[69.975111] (-) TimerEvent: {}
[70.075489] (-) TimerEvent: {}
[70.175886] (-) TimerEvent: {}
[70.276279] (-) TimerEvent: {}
[70.376716] (-) TimerEvent: {}
[70.477182] (-) TimerEvent: {}
[70.577756] (-) TimerEvent: {}
[70.678216] (-) TimerEvent: {}
[70.778678] (-) TimerEvent: {}
[70.879138] (-) TimerEvent: {}
[70.979633] (-) TimerEvent: {}
[71.080057] (-) TimerEvent: {}
[71.180546] (-) TimerEvent: {}
[71.281159] (-) TimerEvent: {}
[71.381847] (-) TimerEvent: {}
[71.482354] (-) TimerEvent: {}
[71.582906] (-) TimerEvent: {}
[71.683436] (-) TimerEvent: {}
[71.784050] (-) TimerEvent: {}
[71.884604] (-) TimerEvent: {}
[71.985178] (-) TimerEvent: {}
[72.085619] (-) TimerEvent: {}
[72.185992] (-) TimerEvent: {}
[72.286563] (-) TimerEvent: {}
[72.387162] (-) TimerEvent: {}
[72.487590] (-) TimerEvent: {}
[72.587992] (-) TimerEvent: {}
[72.688379] (-) TimerEvent: {}
[72.788928] (-) TimerEvent: {}
[72.889339] (-) TimerEvent: {}
[72.989836] (-) TimerEvent: {}
[73.090210] (-) TimerEvent: {}
[73.190592] (-) TimerEvent: {}
[73.290928] (-) TimerEvent: {}
[73.391265] (-) TimerEvent: {}
[73.491628] (-) TimerEvent: {}
[73.592139] (-) TimerEvent: {}
[73.692550] (-) TimerEvent: {}
[73.793145] (-) TimerEvent: {}
[73.893554] (-) TimerEvent: {}
[73.994025] (-) TimerEvent: {}
[74.094436] (-) TimerEvent: {}
[74.194865] (-) TimerEvent: {}
[74.295263] (-) TimerEvent: {}
[74.395674] (-) TimerEvent: {}
[74.496131] (-) TimerEvent: {}
[74.596672] (-) TimerEvent: {}
[74.697245] (-) TimerEvent: {}
[74.797667] (-) TimerEvent: {}
[74.898142] (-) TimerEvent: {}
[74.998701] (-) TimerEvent: {}
[75.057117] (explore_lite) StdoutLine: {'line': b'[ 80%] \x1b[32m\x1b[1mLinking CXX executable explore\x1b[0m\n'}
[75.098892] (-) TimerEvent: {}
[75.199412] (-) TimerEvent: {}
[75.300020] (-) TimerEvent: {}
[75.400599] (-) TimerEvent: {}
[75.501601] (-) TimerEvent: {}
[75.602449] (-) TimerEvent: {}
[75.702865] (-) TimerEvent: {}
[75.803201] (-) TimerEvent: {}
[75.903727] (-) TimerEvent: {}
[76.004603] (-) TimerEvent: {}
[76.105099] (-) TimerEvent: {}
[76.205639] (-) TimerEvent: {}
[76.306649] (-) TimerEvent: {}
[76.407019] (-) TimerEvent: {}
[76.507381] (-) TimerEvent: {}
[76.607845] (-) TimerEvent: {}
[76.708344] (-) TimerEvent: {}
[76.808877] (-) TimerEvent: {}
[76.909441] (-) TimerEvent: {}
[77.010021] (-) TimerEvent: {}
[77.110578] (-) TimerEvent: {}
[77.211138] (-) TimerEvent: {}
[77.311759] (-) TimerEvent: {}
[77.412712] (-) TimerEvent: {}
[77.513642] (-) TimerEvent: {}
[77.614279] (-) TimerEvent: {}
[77.715332] (-) TimerEvent: {}
[77.816189] (-) TimerEvent: {}
[77.916849] (-) TimerEvent: {}
[78.017438] (-) TimerEvent: {}
[78.117931] (-) TimerEvent: {}
[78.218367] (-) TimerEvent: {}
[78.318786] (-) TimerEvent: {}
[78.419146] (-) TimerEvent: {}
[78.519548] (-) TimerEvent: {}
[78.594277] (explore_lite) StdoutLine: {'line': b'[ 80%] Built target explore\n'}
[78.619693] (-) TimerEvent: {}
[78.635449] (explore_lite) StdoutLine: {'line': b'[ 90%] \x1b[32mBuilding CXX object CMakeFiles/test_explore.dir/test/test_explore.cpp.o\x1b[0m\n'}
[78.719811] (-) TimerEvent: {}
[78.820203] (-) TimerEvent: {}
[78.920601] (-) TimerEvent: {}
[79.020971] (-) TimerEvent: {}
[79.121332] (-) TimerEvent: {}
[79.221735] (-) TimerEvent: {}
[79.322125] (-) TimerEvent: {}
[79.422479] (-) TimerEvent: {}
[79.522845] (-) TimerEvent: {}
[79.623195] (-) TimerEvent: {}
[79.723557] (-) TimerEvent: {}
[79.823905] (-) TimerEvent: {}
[79.924256] (-) TimerEvent: {}
[80.024658] (-) TimerEvent: {}
[80.125027] (-) TimerEvent: {}
[80.150043] (explore_lite) StdoutLine: {'line': b'[100%] \x1b[32m\x1b[1mLinking CXX executable test_explore\x1b[0m\n'}
[80.225180] (-) TimerEvent: {}
[80.325684] (-) TimerEvent: {}
[80.426130] (-) TimerEvent: {}
[80.510405] (explore_lite) StdoutLine: {'line': b'[100%] Built target test_explore\n'}
[80.526272] (-) TimerEvent: {}
[80.626690] (-) TimerEvent: {}
[80.727091] (-) TimerEvent: {}
[80.827450] (-) TimerEvent: {}
[80.927808] (-) TimerEvent: {}
[80.957739] (explore_lite) CommandEnded: {'returncode': 0}
[80.958607] (explore_lite) JobProgress: {'identifier': 'explore_lite', 'progress': 'install'}
[80.958997] (explore_lite) Command: {'cmd': ['/usr/bin/cmake', '--install', '/home/rpd/Nav2/build/explore_lite'], 'cwd': '/home/rpd/Nav2/build/explore_lite', 'env': OrderedDict({'LESSOPEN': '| /usr/bin/lesspipe %s', 'USER': 'rpd', 'SSH_CLIENT': '192.168.20.51 43874 22', 'GZ_CONFIG_PATH': '/opt/ros/jazzy/opt/gz_sim_vendor/share/gz:/opt/ros/jazzy/opt/sdformat_vendor/share/gz:/opt/ros/jazzy/opt/gz_gui_vendor/share/gz:/opt/ros/jazzy/opt/gz_transport_vendor/share/gz:/opt/ros/jazzy/opt/gz_rendering_vendor/share/gz:/opt/ros/jazzy/opt/gz_plugin_vendor/share/gz:/opt/ros/jazzy/opt/gz_fuel_tools_vendor/share/gz:/opt/ros/jazzy/opt/gz_msgs_vendor/share/gz:/opt/ros/jazzy/opt/gz_common_vendor/share/gz', 'XDG_SESSION_TYPE': 'tty', 'SHLVL': '1', 'LD_LIBRARY_PATH': '/home/rpd/Nav2/install/explore_lite_msgs/lib:/opt/ros/jazzy/opt/gz_sim_vendor/lib:/opt/ros/jazzy/opt/gz_sensors_vendor/lib:/opt/ros/jazzy/opt/gz_physics_vendor/lib:/opt/ros/jazzy/opt/sdformat_vendor/lib:/opt/ros/jazzy/opt/rviz_ogre_vendor/lib:/opt/ros/jazzy/lib/aarch64-linux-gnu:/opt/ros/jazzy/opt/gz_gui_vendor/lib:/opt/ros/jazzy/opt/gz_transport_vendor/lib:/opt/ros/jazzy/opt/gz_rendering_vendor/lib:/opt/ros/jazzy/opt/gz_plugin_vendor/lib:/opt/ros/jazzy/opt/gz_fuel_tools_vendor/lib:/opt/ros/jazzy/opt/gz_msgs_vendor/lib:/opt/ros/jazzy/opt/gz_common_vendor/lib:/opt/ros/jazzy/opt/gz_math_vendor/lib:/opt/ros/jazzy/opt/gz_utils_vendor/lib:/opt/ros/jazzy/opt/gz_tools_vendor/lib:/opt/ros/jazzy/opt/gz_ogre_next_vendor/lib:/opt/ros/jazzy/opt/gz_dartsim_vendor/lib:/opt/ros/jazzy/opt/gz_cmake_vendor/lib:/opt/ros/jazzy/lib', 'HOME': '/home/rpd', 'OLDPWD': '/home/rpd/Nav2/src', 'SSH_TTY': '/dev/pts/0', 'ROS_PYTHON_VERSION': '3', 'DBUS_SESSION_BUS_ADDRESS': 'unix:path=/run/user/1000/bus', 'ROS_DISTRO': 'jazzy', 'LOGNAME': 'rpd', '_': '/usr/bin/colcon', 'ROS_VERSION': '2', 'XDG_SESSION_CLASS': 'user', 'TERM': 'xterm-256color', 'XDG_SESSION_ID': '5', 'PATH': '/home/rpd/.local/bin:/home/rpd/.local/bin:/opt/ros/jazzy/opt/gz_msgs_vendor/bin:/opt/ros/jazzy/opt/gz_tools_vendor/bin:/opt/ros/jazzy/opt/gz_ogre_next_vendor/bin:/opt/ros/jazzy/bin:/usr/local/sbin:/usr/local/bin:/usr/sbin:/usr/bin:/sbin:/bin:/usr/games:/usr/local/games:/snap/bin', 'XDG_RUNTIME_DIR': '/run/user/1000', 'DISPLAY': 'localhost:10.0', 'LANG': 'en_US.UTF-8', 'LS_COLORS': 'rs=0:di=01;34:ln=01;36:mh=00:pi=40;33:so=01;35:do=01;35:bd=40;33;01:cd=40;33;01:or=40;31;01:mi=00:su=37;41:sg=30;43:ca=00:tw=30;42:ow=34;42:st=37;44:ex=01;32:*.tar=01;31:*.tgz=01;31:*.arc=01;31:*.arj=01;31:*.taz=01;31:*.lha=01;31:*.lz4=01;31:*.lzh=01;31:*.lzma=01;31:*.tlz=01;31:*.txz=01;31:*.tzo=01;31:*.t7z=01;31:*.zip=01;31:*.z=01;31:*.dz=01;31:*.gz=01;31:*.lrz=01;31:*.lz=01;31:*.lzo=01;31:*.xz=01;31:*.zst=01;31:*.tzst=01;31:*.bz2=01;31:*.bz=01;31:*.tbz=01;31:*.tbz2=01;31:*.tz=01;31:*.deb=01;31:*.rpm=01;31:*.jar=01;31:*.war=01;31:*.ear=01;31:*.sar=01;31:*.rar=01;31:*.alz=01;31:*.ace=01;31:*.zoo=01;31:*.cpio=01;31:*.7z=01;31:*.rz=01;31:*.cab=01;31:*.wim=01;31:*.swm=01;31:*.dwm=01;31:*.esd=01;31:*.avif=01;35:*.jpg=01;35:*.jpeg=01;35:*.mjpg=01;35:*.mjpeg=01;35:*.gif=01;35:*.bmp=01;35:*.pbm=01;35:*.pgm=01;35:*.ppm=01;35:*.tga=01;35:*.xbm=01;35:*.xpm=01;35:*.tif=01;35:*.tiff=01;35:*.png=01;35:*.svg=01;35:*.svgz=01;35:*.mng=01;35:*.pcx=01;35:*.mov=01;35:*.mpg=01;35:*.mpeg=01;35:*.m2v=01;35:*.mkv=01;35:*.webm=01;35:*.webp=01;35:*.ogm=01;35:*.mp4=01;35:*.m4v=01;35:*.mp4v=01;35:*.vob=01;35:*.qt=01;35:*.nuv=01;35:*.wmv=01;35:*.asf=01;35:*.rm=01;35:*.rmvb=01;35:*.flc=01;35:*.avi=01;35:*.fli=01;35:*.flv=01;35:*.gl=01;35:*.dl=01;35:*.xcf=01;35:*.xwd=01;35:*.yuv=01;35:*.cgm=01;35:*.emf=01;35:*.ogv=01;35:*.ogx=01;35:*.aac=00;36:*.au=00;36:*.flac=00;36:*.m4a=00;36:*.mid=00;36:*.midi=00;36:*.mka=00;36:*.mp3=00;36:*.mpc=00;36:*.ogg=00;36:*.ra=00;36:*.wav=00;36:*.oga=00;36:*.opus=00;36:*.spx=00;36:*.xspf=00;36:*~=00;90:*#=00;90:*.bak=00;90:*.crdownload=00;90:*.dpkg-dist=00;90:*.dpkg-new=00;90:*.dpkg-old=00;90:*.dpkg-tmp=00;90:*.old=00;90:*.orig=00;90:*.part=00;90:*.rej=00;90:*.rpmnew=00;90:*.rpmorig=00;90:*.rpmsave=00;90:*.swp=00;90:*.tmp=00;90:*.ucf-dist=00;90:*.ucf-new=00;90:*.ucf-old=00;90:', 'ROS_DOMAIN_ID': '12', 'AMENT_PREFIX_PATH': '/home/rpd/Nav2/install/explore_lite_msgs:/opt/ros/jazzy', 'SHELL': '/bin/bash', 'LESSCLOSE': '/usr/bin/lesspipe %s %s', 'ROS_AUTOMATIC_DISCOVERY_RANGE': 'SUBNET', 'PWD': '/home/rpd/Nav2/build/explore_lite', 'LC_ALL': 'en_US.UTF-8', 'SSH_CONNECTION': '192.168.20.51 43874 192.168.22.22 22', 'XDG_DATA_DIRS': '/usr/local/share:/usr/share:/var/lib/snapd/desktop', 'PYTHONPATH': '/home/rpd/Nav2/install/explore_lite_msgs/lib/python3.12/site-packages:/opt/ros/jazzy/lib/python3.12/site-packages:/usr/local/lib:/usr/local/lib/python3/dist-packages:/usr/local/lib/python3.11/site-packages', 'COLCON': '1', 'CMAKE_PREFIX_PATH': '/home/rpd/Nav2/install/explore_lite_msgs:/opt/ros/jazzy/opt/gz_sim_vendor:/opt/ros/jazzy/opt/gz_sensors_vendor:/opt/ros/jazzy/opt/gz_physics_vendor:/opt/ros/jazzy/opt/sdformat_vendor:/opt/ros/jazzy/opt/gz_gui_vendor:/opt/ros/jazzy/opt/gz_transport_vendor:/opt/ros/jazzy/opt/gz_rendering_vendor:/opt/ros/jazzy/opt/gz_plugin_vendor:/opt/ros/jazzy/opt/gz_fuel_tools_vendor:/opt/ros/jazzy/opt/gz_msgs_vendor:/opt/ros/jazzy/opt/gz_common_vendor:/opt/ros/jazzy/opt/gz_math_vendor:/opt/ros/jazzy/opt/gz_utils_vendor:/opt/ros/jazzy/opt/gz_tools_vendor:/opt/ros/jazzy/opt/gz_ogre_next_vendor:/opt/ros/jazzy/opt/gz_dartsim_vendor:/opt/ros/jazzy/opt/gz_cmake_vendor:/opt/ros/jazzy'}), 'shell': False}
[80.975458] (explore_lite) StdoutLine: {'line': b'-- Install configuration: ""\n'}
[80.975831] (explore_lite) StdoutLine: {'line': b'-- Installing: /home/rpd/Nav2/install/explore_lite/include/explore/\n'}
[80.975964] (explore_lite) StdoutLine: {'line': b'-- Installing: /home/rpd/Nav2/install/explore_lite/include/explore//costmap_client.h\n'}
[80.976107] (explore_lite) StdoutLine: {'line': b'-- Installing: /home/rpd/Nav2/install/explore_lite/include/explore//explore.h\n'}
[80.976229] (explore_lite) StdoutLine: {'line': b'-- Installing: /home/rpd/Nav2/install/explore_lite/include/explore//costmap_tools.h\n'}
[80.976361] (explore_lite) StdoutLine: {'line': b'-- Installing: /home/rpd/Nav2/install/explore_lite/include/explore//frontier_search.h\n'}
[80.976491] (explore_lite) StdoutLine: {'line': b'-- Installing: /home/rpd/Nav2/install/explore_lite/share/explore_lite/config\n'}
[80.976633] (explore_lite) StdoutLine: {'line': b'-- Installing: /home/rpd/Nav2/install/explore_lite/share/explore_lite/config/params_costmap.yaml\n'}
[80.977435] (explore_lite) StdoutLine: {'line': b'-- Installing: /home/rpd/Nav2/install/explore_lite/share/explore_lite/config/params.yaml\n'}
[80.977938] (explore_lite) StdoutLine: {'line': b'-- Installing: /home/rpd/Nav2/install/explore_lite/share/explore_lite/launch\n'}
[80.978087] (explore_lite) StdoutLine: {'line': b'-- Installing: /home/rpd/Nav2/install/explore_lite/share/explore_lite/launch/explore.launch.py\n'}
[80.978947] (explore_lite) StdoutLine: {'line': b'-- Installing: /home/rpd/Nav2/install/explore_lite/lib/explore_lite/explore\n'}
[81.001242] (explore_lite) StdoutLine: {'line': b'-- Set non-toolchain portion of runtime path of "/home/rpd/Nav2/install/explore_lite/lib/explore_lite/explore" to ""\n'}
[81.001552] (explore_lite) StdoutLine: {'line': b'-- Installing: /home/rpd/Nav2/install/explore_lite/share/ament_index/resource_index/package_run_dependencies/explore_lite\n'}
[81.001858] (explore_lite) StdoutLine: {'line': b'-- Installing: /home/rpd/Nav2/install/explore_lite/share/ament_index/resource_index/parent_prefix_path/explore_lite\n'}
[81.002120] (explore_lite) StdoutLine: {'line': b'-- Installing: /home/rpd/Nav2/install/explore_lite/share/explore_lite/environment/ament_prefix_path.sh\n'}
[81.002317] (explore_lite) StdoutLine: {'line': b'-- Installing: /home/rpd/Nav2/install/explore_lite/share/explore_lite/environment/ament_prefix_path.dsv\n'}
[81.002514] (explore_lite) StdoutLine: {'line': b'-- Installing: /home/rpd/Nav2/install/explore_lite/share/explore_lite/environment/path.sh\n'}
[81.002701] (explore_lite) StdoutLine: {'line': b'-- Installing: /home/rpd/Nav2/install/explore_lite/share/explore_lite/environment/path.dsv\n'}
[81.002885] (explore_lite) StdoutLine: {'line': b'-- Installing: /home/rpd/Nav2/install/explore_lite/share/explore_lite/local_setup.bash\n'}
[81.003069] (explore_lite) StdoutLine: {'line': b'-- Installing: /home/rpd/Nav2/install/explore_lite/share/explore_lite/local_setup.sh\n'}
[81.003248] (explore_lite) StdoutLine: {'line': b'-- Installing: /home/rpd/Nav2/install/explore_lite/share/explore_lite/local_setup.zsh\n'}
[81.003424] (explore_lite) StdoutLine: {'line': b'-- Installing: /home/rpd/Nav2/install/explore_lite/share/explore_lite/local_setup.dsv\n'}
[81.003605] (explore_lite) StdoutLine: {'line': b'-- Installing: /home/rpd/Nav2/install/explore_lite/share/explore_lite/package.dsv\n'}
[81.003853] (explore_lite) StdoutLine: {'line': b'-- Installing: /home/rpd/Nav2/install/explore_lite/share/ament_index/resource_index/packages/explore_lite\n'}
[81.004080] (explore_lite) StdoutLine: {'line': b'-- Installing: /home/rpd/Nav2/install/explore_lite/share/explore_lite/cmake/ament_cmake_export_dependencies-extras.cmake\n'}
[81.004254] (explore_lite) StdoutLine: {'line': b'-- Installing: /home/rpd/Nav2/install/explore_lite/share/explore_lite/cmake/ament_cmake_export_include_directories-extras.cmake\n'}
[81.004443] (explore_lite) StdoutLine: {'line': b'-- Installing: /home/rpd/Nav2/install/explore_lite/share/explore_lite/cmake/explore_liteConfig.cmake\n'}
[81.004597] (explore_lite) StdoutLine: {'line': b'-- Installing: /home/rpd/Nav2/install/explore_lite/share/explore_lite/cmake/explore_liteConfig-version.cmake\n'}
[81.004778] (explore_lite) StdoutLine: {'line': b'-- Installing: /home/rpd/Nav2/install/explore_lite/share/explore_lite/package.xml\n'}
[81.008377] (explore_lite) CommandEnded: {'returncode': 0}
[81.027897] (-) TimerEvent: {}
[81.031392] (explore_lite) JobEnded: {'identifier': 'explore_lite', 'rc': 0}
[81.128004] (-) TimerEvent: {}
[81.228313] (-) TimerEvent: {}
[81.328679] (-) TimerEvent: {}
[81.429048] (-) TimerEvent: {}
[81.529395] (-) TimerEvent: {}
[81.629770] (-) TimerEvent: {}
[81.730081] (-) TimerEvent: {}
[81.830380] (-) TimerEvent: {}
[81.930729] (-) TimerEvent: {}
[82.031099] (-) TimerEvent: {}
[82.070614] (multirobot_map_merge) StdoutLine: {'line': b'[ 83%] \x1b[32m\x1b[1mLinking CXX executable map_merge\x1b[0m\n'}
[82.131225] (-) TimerEvent: {}
[82.231604] (-) TimerEvent: {}
[82.332027] (-) TimerEvent: {}
[82.432378] (-) TimerEvent: {}
[82.532639] (-) TimerEvent: {}
[82.632956] (-) TimerEvent: {}
[82.733315] (-) TimerEvent: {}
[82.833691] (-) TimerEvent: {}
[82.934147] (-) TimerEvent: {}
[83.034572] (-) TimerEvent: {}
[83.135022] (-) TimerEvent: {}
[83.235581] (-) TimerEvent: {}
[83.335958] (-) TimerEvent: {}
[83.436524] (-) TimerEvent: {}
[83.536891] (-) TimerEvent: {}
[83.637313] (-) TimerEvent: {}
[83.737868] (-) TimerEvent: {}
[83.838227] (-) TimerEvent: {}
[83.938605] (-) TimerEvent: {}
[84.039150] (-) TimerEvent: {}
[84.139713] (-) TimerEvent: {}
[84.240252] (-) TimerEvent: {}
[84.340641] (-) TimerEvent: {}
[84.440974] (-) TimerEvent: {}
[84.541276] (-) TimerEvent: {}
[84.641564] (-) TimerEvent: {}
[84.741883] (-) TimerEvent: {}
[84.842212] (-) TimerEvent: {}
[84.942518] (-) TimerEvent: {}
[85.042805] (-) TimerEvent: {}
[85.143120] (-) TimerEvent: {}
[85.243408] (-) TimerEvent: {}
[85.275366] (multirobot_map_merge) StdoutLine: {'line': b'[ 83%] Built target map_merge\n'}
[85.317363] (multirobot_map_merge) StdoutLine: {'line': b'[ 91%] \x1b[32mBuilding CXX object CMakeFiles/test_merging_pipeline.dir/test/test_merging_pipeline.cpp.o\x1b[0m\n'}
[85.343539] (-) TimerEvent: {}
[85.443867] (-) TimerEvent: {}
[85.544153] (-) TimerEvent: {}
[85.644437] (-) TimerEvent: {}
[85.744718] (-) TimerEvent: {}
[85.844991] (-) TimerEvent: {}
[85.945310] (-) TimerEvent: {}
[86.045655] (-) TimerEvent: {}
[86.145978] (-) TimerEvent: {}
[86.246277] (-) TimerEvent: {}
[86.346559] (-) TimerEvent: {}
[86.446834] (-) TimerEvent: {}
[86.547108] (-) TimerEvent: {}
[86.647378] (-) TimerEvent: {}
[86.747658] (-) TimerEvent: {}
[86.847950] (-) TimerEvent: {}
[86.948249] (-) TimerEvent: {}
[87.048581] (-) TimerEvent: {}
[87.148914] (-) TimerEvent: {}
[87.249230] (-) TimerEvent: {}
[87.349508] (-) TimerEvent: {}
[87.449794] (-) TimerEvent: {}
[87.550052] (-) TimerEvent: {}
[87.650346] (-) TimerEvent: {}
[87.750655] (-) TimerEvent: {}
[87.850903] (-) TimerEvent: {}
[87.951129] (-) TimerEvent: {}
[88.051366] (-) TimerEvent: {}
[88.151667] (-) TimerEvent: {}
[88.251963] (-) TimerEvent: {}
[88.352227] (-) TimerEvent: {}
[88.452524] (-) TimerEvent: {}
[88.552809] (-) TimerEvent: {}
[88.653088] (-) TimerEvent: {}
[88.753365] (-) TimerEvent: {}
[88.853650] (-) TimerEvent: {}
[88.953954] (-) TimerEvent: {}
[89.054272] (-) TimerEvent: {}
[89.154596] (-) TimerEvent: {}
[89.254888] (-) TimerEvent: {}
[89.355164] (-) TimerEvent: {}
[89.455435] (-) TimerEvent: {}
[89.555720] (-) TimerEvent: {}
[89.656007] (-) TimerEvent: {}
[89.756273] (-) TimerEvent: {}
[89.856551] (-) TimerEvent: {}
[89.956836] (-) TimerEvent: {}
[90.057118] (-) TimerEvent: {}
[90.157399] (-) TimerEvent: {}
[90.257692] (-) TimerEvent: {}
[90.357999] (-) TimerEvent: {}
[90.458278] (-) TimerEvent: {}
[90.558545] (-) TimerEvent: {}
[90.658823] (-) TimerEvent: {}
[90.759085] (-) TimerEvent: {}
[90.859341] (-) TimerEvent: {}
[90.959610] (-) TimerEvent: {}
[91.059888] (-) TimerEvent: {}
[91.160200] (-) TimerEvent: {}
[91.260468] (-) TimerEvent: {}
[91.360766] (-) TimerEvent: {}
[91.461115] (-) TimerEvent: {}
[91.561464] (-) TimerEvent: {}
[91.661816] (-) TimerEvent: {}
[91.762129] (-) TimerEvent: {}
[91.862466] (-) TimerEvent: {}
[91.962787] (-) TimerEvent: {}
[92.078241] (-) TimerEvent: {}
[92.178570] (-) TimerEvent: {}
[92.278874] (-) TimerEvent: {}
[92.379207] (-) TimerEvent: {}
[92.479570] (-) TimerEvent: {}
[92.579912] (-) TimerEvent: {}
[92.581661] (multirobot_map_merge) StdoutLine: {'line': b'[100%] \x1b[32m\x1b[1mLinking CXX executable test_merging_pipeline\x1b[0m\n'}
[92.680052] (-) TimerEvent: {}
[92.780463] (-) TimerEvent: {}
[92.880876] (-) TimerEvent: {}
[92.981334] (-) TimerEvent: {}
[93.081829] (-) TimerEvent: {}
[93.182322] (-) TimerEvent: {}
[93.282811] (-) TimerEvent: {}
[93.383250] (-) TimerEvent: {}
[93.483777] (-) TimerEvent: {}
[93.584457] (-) TimerEvent: {}
[93.684901] (-) TimerEvent: {}
[93.785202] (-) TimerEvent: {}
[93.885527] (-) TimerEvent: {}
[93.985868] (-) TimerEvent: {}
[94.086215] (-) TimerEvent: {}
[94.104279] (multirobot_map_merge) StdoutLine: {'line': b'[100%] Built target test_merging_pipeline\n'}
[94.127062] (multirobot_map_merge) CommandEnded: {'returncode': 0}
[94.127873] (multirobot_map_merge) JobProgress: {'identifier': 'multirobot_map_merge', 'progress': 'install'}
[94.128430] (multirobot_map_merge) Command: {'cmd': ['/usr/bin/cmake', '--install', '/home/rpd/Nav2/build/multirobot_map_merge'], 'cwd': '/home/rpd/Nav2/build/multirobot_map_merge', 'env': OrderedDict({'LESSOPEN': '| /usr/bin/lesspipe %s', 'USER': 'rpd', 'SSH_CLIENT': '192.168.20.51 43874 22', 'GZ_CONFIG_PATH': '/opt/ros/jazzy/opt/gz_sim_vendor/share/gz:/opt/ros/jazzy/opt/sdformat_vendor/share/gz:/opt/ros/jazzy/opt/gz_gui_vendor/share/gz:/opt/ros/jazzy/opt/gz_transport_vendor/share/gz:/opt/ros/jazzy/opt/gz_rendering_vendor/share/gz:/opt/ros/jazzy/opt/gz_plugin_vendor/share/gz:/opt/ros/jazzy/opt/gz_fuel_tools_vendor/share/gz:/opt/ros/jazzy/opt/gz_msgs_vendor/share/gz:/opt/ros/jazzy/opt/gz_common_vendor/share/gz', 'XDG_SESSION_TYPE': 'tty', 'SHLVL': '1', 'LD_LIBRARY_PATH': '/opt/ros/jazzy/opt/gz_sim_vendor/lib:/opt/ros/jazzy/opt/gz_sensors_vendor/lib:/opt/ros/jazzy/opt/gz_physics_vendor/lib:/opt/ros/jazzy/opt/sdformat_vendor/lib:/opt/ros/jazzy/opt/rviz_ogre_vendor/lib:/opt/ros/jazzy/lib/aarch64-linux-gnu:/opt/ros/jazzy/opt/gz_gui_vendor/lib:/opt/ros/jazzy/opt/gz_transport_vendor/lib:/opt/ros/jazzy/opt/gz_rendering_vendor/lib:/opt/ros/jazzy/opt/gz_plugin_vendor/lib:/opt/ros/jazzy/opt/gz_fuel_tools_vendor/lib:/opt/ros/jazzy/opt/gz_msgs_vendor/lib:/opt/ros/jazzy/opt/gz_common_vendor/lib:/opt/ros/jazzy/opt/gz_math_vendor/lib:/opt/ros/jazzy/opt/gz_utils_vendor/lib:/opt/ros/jazzy/opt/gz_tools_vendor/lib:/opt/ros/jazzy/opt/gz_ogre_next_vendor/lib:/opt/ros/jazzy/opt/gz_dartsim_vendor/lib:/opt/ros/jazzy/opt/gz_cmake_vendor/lib:/opt/ros/jazzy/lib', 'HOME': '/home/rpd', 'OLDPWD': '/home/rpd/Nav2/src', 'SSH_TTY': '/dev/pts/0', 'ROS_PYTHON_VERSION': '3', 'DBUS_SESSION_BUS_ADDRESS': 'unix:path=/run/user/1000/bus', 'ROS_DISTRO': 'jazzy', 'LOGNAME': 'rpd', '_': '/usr/bin/colcon', 'ROS_VERSION': '2', 'XDG_SESSION_CLASS': 'user', 'TERM': 'xterm-256color', 'XDG_SESSION_ID': '5', 'PATH': '/home/rpd/.local/bin:/home/rpd/.local/bin:/opt/ros/jazzy/opt/gz_msgs_vendor/bin:/opt/ros/jazzy/opt/gz_tools_vendor/bin:/opt/ros/jazzy/opt/gz_ogre_next_vendor/bin:/opt/ros/jazzy/bin:/usr/local/sbin:/usr/local/bin:/usr/sbin:/usr/bin:/sbin:/bin:/usr/games:/usr/local/games:/snap/bin', 'XDG_RUNTIME_DIR': '/run/user/1000', 'DISPLAY': 'localhost:10.0', 'LANG': 'en_US.UTF-8', 'LS_COLORS': 'rs=0:di=01;34:ln=01;36:mh=00:pi=40;33:so=01;35:do=01;35:bd=40;33;01:cd=40;33;01:or=40;31;01:mi=00:su=37;41:sg=30;43:ca=00:tw=30;42:ow=34;42:st=37;44:ex=01;32:*.tar=01;31:*.tgz=01;31:*.arc=01;31:*.arj=01;31:*.taz=01;31:*.lha=01;31:*.lz4=01;31:*.lzh=01;31:*.lzma=01;31:*.tlz=01;31:*.txz=01;31:*.tzo=01;31:*.t7z=01;31:*.zip=01;31:*.z=01;31:*.dz=01;31:*.gz=01;31:*.lrz=01;31:*.lz=01;31:*.lzo=01;31:*.xz=01;31:*.zst=01;31:*.tzst=01;31:*.bz2=01;31:*.bz=01;31:*.tbz=01;31:*.tbz2=01;31:*.tz=01;31:*.deb=01;31:*.rpm=01;31:*.jar=01;31:*.war=01;31:*.ear=01;31:*.sar=01;31:*.rar=01;31:*.alz=01;31:*.ace=01;31:*.zoo=01;31:*.cpio=01;31:*.7z=01;31:*.rz=01;31:*.cab=01;31:*.wim=01;31:*.swm=01;31:*.dwm=01;31:*.esd=01;31:*.avif=01;35:*.jpg=01;35:*.jpeg=01;35:*.mjpg=01;35:*.mjpeg=01;35:*.gif=01;35:*.bmp=01;35:*.pbm=01;35:*.pgm=01;35:*.ppm=01;35:*.tga=01;35:*.xbm=01;35:*.xpm=01;35:*.tif=01;35:*.tiff=01;35:*.png=01;35:*.svg=01;35:*.svgz=01;35:*.mng=01;35:*.pcx=01;35:*.mov=01;35:*.mpg=01;35:*.mpeg=01;35:*.m2v=01;35:*.mkv=01;35:*.webm=01;35:*.webp=01;35:*.ogm=01;35:*.mp4=01;35:*.m4v=01;35:*.mp4v=01;35:*.vob=01;35:*.qt=01;35:*.nuv=01;35:*.wmv=01;35:*.asf=01;35:*.rm=01;35:*.rmvb=01;35:*.flc=01;35:*.avi=01;35:*.fli=01;35:*.flv=01;35:*.gl=01;35:*.dl=01;35:*.xcf=01;35:*.xwd=01;35:*.yuv=01;35:*.cgm=01;35:*.emf=01;35:*.ogv=01;35:*.ogx=01;35:*.aac=00;36:*.au=00;36:*.flac=00;36:*.m4a=00;36:*.mid=00;36:*.midi=00;36:*.mka=00;36:*.mp3=00;36:*.mpc=00;36:*.ogg=00;36:*.ra=00;36:*.wav=00;36:*.oga=00;36:*.opus=00;36:*.spx=00;36:*.xspf=00;36:*~=00;90:*#=00;90:*.bak=00;90:*.crdownload=00;90:*.dpkg-dist=00;90:*.dpkg-new=00;90:*.dpkg-old=00;90:*.dpkg-tmp=00;90:*.old=00;90:*.orig=00;90:*.part=00;90:*.rej=00;90:*.rpmnew=00;90:*.rpmorig=00;90:*.rpmsave=00;90:*.swp=00;90:*.tmp=00;90:*.ucf-dist=00;90:*.ucf-new=00;90:*.ucf-old=00;90:', 'ROS_DOMAIN_ID': '12', 'AMENT_PREFIX_PATH': '/opt/ros/jazzy', 'SHELL': '/bin/bash', 'LESSCLOSE': '/usr/bin/lesspipe %s %s', 'ROS_AUTOMATIC_DISCOVERY_RANGE': 'SUBNET', 'PWD': '/home/rpd/Nav2/build/multirobot_map_merge', 'LC_ALL': 'en_US.UTF-8', 'SSH_CONNECTION': '192.168.20.51 43874 192.168.22.22 22', 'XDG_DATA_DIRS': '/usr/local/share:/usr/share:/var/lib/snapd/desktop', 'PYTHONPATH': '/opt/ros/jazzy/lib/python3.12/site-packages:/usr/local/lib:/usr/local/lib/python3/dist-packages:/usr/local/lib/python3.11/site-packages', 'COLCON': '1', 'CMAKE_PREFIX_PATH': '/opt/ros/jazzy/opt/gz_sim_vendor:/opt/ros/jazzy/opt/gz_sensors_vendor:/opt/ros/jazzy/opt/gz_physics_vendor:/opt/ros/jazzy/opt/sdformat_vendor:/opt/ros/jazzy/opt/gz_gui_vendor:/opt/ros/jazzy/opt/gz_transport_vendor:/opt/ros/jazzy/opt/gz_rendering_vendor:/opt/ros/jazzy/opt/gz_plugin_vendor:/opt/ros/jazzy/opt/gz_fuel_tools_vendor:/opt/ros/jazzy/opt/gz_msgs_vendor:/opt/ros/jazzy/opt/gz_common_vendor:/opt/ros/jazzy/opt/gz_math_vendor:/opt/ros/jazzy/opt/gz_utils_vendor:/opt/ros/jazzy/opt/gz_tools_vendor:/opt/ros/jazzy/opt/gz_ogre_next_vendor:/opt/ros/jazzy/opt/gz_dartsim_vendor:/opt/ros/jazzy/opt/gz_cmake_vendor:/opt/ros/jazzy'}), 'shell': False}
[94.145551] (multirobot_map_merge) StdoutLine: {'line': b'-- Install configuration: ""\n'}
[94.145809] (multirobot_map_merge) StdoutLine: {'line': b'-- Installing: /home/rpd/Nav2/install/multirobot_map_merge/include/map_merge/\n'}
[94.145966] (multirobot_map_merge) StdoutLine: {'line': b'-- Installing: /home/rpd/Nav2/install/multirobot_map_merge/include/map_merge//ros1_names.hpp\n'}
[94.146096] (multirobot_map_merge) StdoutLine: {'line': b'-- Installing: /home/rpd/Nav2/install/multirobot_map_merge/include/map_merge//map_merge.h\n'}
[94.146246] (multirobot_map_merge) StdoutLine: {'line': b'-- Installing: /home/rpd/Nav2/install/multirobot_map_merge/share/multirobot_map_merge/launch\n'}
[94.146418] (multirobot_map_merge) StdoutLine: {'line': b'-- Installing: /home/rpd/Nav2/install/multirobot_map_merge/share/multirobot_map_merge/launch/map_merge.launch.py\n'}
[94.147237] (multirobot_map_merge) StdoutLine: {'line': b'-- Installing: /home/rpd/Nav2/install/multirobot_map_merge/share/multirobot_map_merge/launch/from_map_server.launch.py\n'}
[94.147738] (multirobot_map_merge) StdoutLine: {'line': b'-- Installing: /home/rpd/Nav2/install/multirobot_map_merge/share/multirobot_map_merge/launch/tb3_simulation\n'}
[94.147865] (multirobot_map_merge) StdoutLine: {'line': b'-- Installing: /home/rpd/Nav2/install/multirobot_map_merge/share/multirobot_map_merge/launch/tb3_simulation/bringup_launch.py\n'}
[94.148372] (multirobot_map_merge) StdoutLine: {'line': b'-- Installing: /home/rpd/Nav2/install/multirobot_map_merge/share/multirobot_map_merge/launch/tb3_simulation/worlds\n'}
[94.148541] (multirobot_map_merge) StdoutLine: {'line': b'-- Installing: /home/rpd/Nav2/install/multirobot_map_merge/share/multirobot_map_merge/launch/tb3_simulation/worlds/world_only.model\n'}
[94.149202] (multirobot_map_merge) StdoutLine: {'line': b'-- Installing: /home/rpd/Nav2/install/multirobot_map_merge/share/multirobot_map_merge/launch/tb3_simulation/multi_tb3_simulation_launch.py\n'}
[94.149818] (multirobot_map_merge) StdoutLine: {'line': b'-- Installing: /home/rpd/Nav2/install/multirobot_map_merge/share/multirobot_map_merge/launch/tb3_simulation/config\n'}
[94.149944] (multirobot_map_merge) StdoutLine: {'line': b'-- Installing: /home/rpd/Nav2/install/multirobot_map_merge/share/multirobot_map_merge/launch/tb3_simulation/config/nav2_multirobot_params_1.yaml\n'}
[94.150418] (multirobot_map_merge) StdoutLine: {'line': b'-- Installing: /home/rpd/Nav2/install/multirobot_map_merge/share/multirobot_map_merge/launch/tb3_simulation/config/nav2_multirobot_params_2.yaml\n'}
[94.150928] (multirobot_map_merge) StdoutLine: {'line': b'-- Installing: /home/rpd/Nav2/install/multirobot_map_merge/share/multirobot_map_merge/launch/tb3_simulation/tb3_simulation_launch.py\n'}
[94.151476] (multirobot_map_merge) StdoutLine: {'line': b'-- Installing: /home/rpd/Nav2/install/multirobot_map_merge/share/multirobot_map_merge/launch/tb3_simulation/slam_toolbox.py\n'}
[94.151929] (multirobot_map_merge) StdoutLine: {'line': b'-- Installing: /home/rpd/Nav2/install/multirobot_map_merge/share/multirobot_map_merge/launch/map_merge.rviz\n'}
[94.152418] (multirobot_map_merge) StdoutLine: {'line': b'-- Installing: /home/rpd/Nav2/install/multirobot_map_merge/share/multirobot_map_merge/config\n'}
[94.152533] (multirobot_map_merge) StdoutLine: {'line': b'-- Installing: /home/rpd/Nav2/install/multirobot_map_merge/share/multirobot_map_merge/config/params.yaml\n'}
[94.153219] (multirobot_map_merge) StdoutLine: {'line': b'-- Installing: /home/rpd/Nav2/install/multirobot_map_merge/lib/libcombine_grids.a\n'}
[94.154833] (multirobot_map_merge) StdoutLine: {'line': b'-- Installing: /home/rpd/Nav2/install/multirobot_map_merge/lib/multirobot_map_merge/map_merge\n'}
[94.169556] (multirobot_map_merge) StdoutLine: {'line': b'-- Set non-toolchain portion of runtime path of "/home/rpd/Nav2/install/multirobot_map_merge/lib/multirobot_map_merge/map_merge" to ""\n'}
[94.169790] (multirobot_map_merge) StdoutLine: {'line': b'-- Installing: /home/rpd/Nav2/install/multirobot_map_merge/share/multirobot_map_merge/environment/library_path.sh\n'}
[94.170011] (multirobot_map_merge) StdoutLine: {'line': b'-- Installing: /home/rpd/Nav2/install/multirobot_map_merge/share/multirobot_map_merge/environment/library_path.dsv\n'}
[94.170343] (multirobot_map_merge) StdoutLine: {'line': b'-- Installing: /home/rpd/Nav2/install/multirobot_map_merge/share/ament_index/resource_index/package_run_dependencies/multirobot_map_merge\n'}
[94.170642] (multirobot_map_merge) StdoutLine: {'line': b'-- Installing: /home/rpd/Nav2/install/multirobot_map_merge/share/ament_index/resource_index/parent_prefix_path/multirobot_map_merge\n'}
[94.170846] (multirobot_map_merge) StdoutLine: {'line': b'-- Installing: /home/rpd/Nav2/install/multirobot_map_merge/share/multirobot_map_merge/environment/ament_prefix_path.sh\n'}
[94.171039] (multirobot_map_merge) StdoutLine: {'line': b'-- Installing: /home/rpd/Nav2/install/multirobot_map_merge/share/multirobot_map_merge/environment/ament_prefix_path.dsv\n'}
[94.171234] (multirobot_map_merge) StdoutLine: {'line': b'-- Installing: /home/rpd/Nav2/install/multirobot_map_merge/share/multirobot_map_merge/environment/path.sh\n'}
[94.171417] (multirobot_map_merge) StdoutLine: {'line': b'-- Installing: /home/rpd/Nav2/install/multirobot_map_merge/share/multirobot_map_merge/environment/path.dsv\n'}
[94.171617] (multirobot_map_merge) StdoutLine: {'line': b'-- Installing: /home/rpd/Nav2/install/multirobot_map_merge/share/multirobot_map_merge/local_setup.bash\n'}
[94.171812] (multirobot_map_merge) StdoutLine: {'line': b'-- Installing: /home/rpd/Nav2/install/multirobot_map_merge/share/multirobot_map_merge/local_setup.sh\n'}
[94.172014] (multirobot_map_merge) StdoutLine: {'line': b'-- Installing: /home/rpd/Nav2/install/multirobot_map_merge/share/multirobot_map_merge/local_setup.zsh\n'}
[94.172199] (multirobot_map_merge) StdoutLine: {'line': b'-- Installing: /home/rpd/Nav2/install/multirobot_map_merge/share/multirobot_map_merge/local_setup.dsv\n'}
[94.172385] (multirobot_map_merge) StdoutLine: {'line': b'-- Installing: /home/rpd/Nav2/install/multirobot_map_merge/share/multirobot_map_merge/package.dsv\n'}
[94.172642] (multirobot_map_merge) StdoutLine: {'line': b'-- Installing: /home/rpd/Nav2/install/multirobot_map_merge/share/ament_index/resource_index/packages/multirobot_map_merge\n'}
[94.172886] (multirobot_map_merge) StdoutLine: {'line': b'-- Installing: /home/rpd/Nav2/install/multirobot_map_merge/share/multirobot_map_merge/cmake/ament_cmake_export_include_directories-extras.cmake\n'}
[94.173065] (multirobot_map_merge) StdoutLine: {'line': b'-- Installing: /home/rpd/Nav2/install/multirobot_map_merge/share/multirobot_map_merge/cmake/ament_cmake_export_libraries-extras.cmake\n'}
[94.173270] (multirobot_map_merge) StdoutLine: {'line': b'-- Installing: /home/rpd/Nav2/install/multirobot_map_merge/share/multirobot_map_merge/cmake/multirobot_map_mergeConfig.cmake\n'}
[94.173405] (multirobot_map_merge) StdoutLine: {'line': b'-- Installing: /home/rpd/Nav2/install/multirobot_map_merge/share/multirobot_map_merge/cmake/multirobot_map_mergeConfig-version.cmake\n'}
[94.173571] (multirobot_map_merge) StdoutLine: {'line': b'-- Installing: /home/rpd/Nav2/install/multirobot_map_merge/share/multirobot_map_merge/package.xml\n'}
[94.176559] (multirobot_map_merge) CommandEnded: {'returncode': 0}
[94.186394] (-) TimerEvent: {}
[94.194991] (multirobot_map_merge) JobEnded: {'identifier': 'multirobot_map_merge', 'rc': 0}
[94.198073] (-) EventReactorShutdown: {}
