[0.277s] DEBUG:colcon:Command line arguments: ['/usr/bin/colcon', 'build', '--packages-select', 'my_robot/']
[0.277s] DEBUG:colcon:Parsed command line arguments: Namespace(log_base=None, log_level=None, verb_name='build', build_base='build', install_base='install', merge_install=False, symlink_install=False, test_result_base=None, continue_on_error=False, executor='parallel', parallel_workers=4, event_handlers=None, ignore_user_meta=False, metas=['./colcon.meta'], base_paths=['.'], packages_ignore=None, packages_ignore_regex=None, paths=None, packages_up_to=None, packages_up_to_regex=None, packages_above=None, packages_above_and_dependencies=None, packages_above_depth=None, packages_select_by_dep=None, packages_skip_by_dep=None, packages_skip_up_to=None, packages_select_build_failed=False, packages_skip_build_finished=False, packages_select_test_failures=False, packages_skip_test_passed=False, packages_select=['my_robot/'], packages_skip=None, packages_select_regex=None, packages_skip_regex=None, packages_start=None, packages_end=None, allow_overriding=[], cmake_args=None, cmake_target=None, cmake_target_skip_unavailable=False, cmake_clean_cache=False, cmake_clean_first=False, cmake_force_configure=False, ament_cmake_args=None, catkin_cmake_args=None, catkin_skip_building_tests=False, verb_parser=<colcon_defaults.argument_parser.defaults.DefaultArgumentsDecorator object at 0xffff8389ba70>, verb_extension=<colcon_core.verb.build.BuildVerb object at 0xffff83a84530>, main=<bound method BuildVerb.main of <colcon_core.verb.build.BuildVerb object at 0xffff83a84530>>)
[0.403s] Level 1:colcon.colcon_core.package_discovery:discover_packages(colcon_meta) check parameters
[0.403s] Level 1:colcon.colcon_core.package_discovery:discover_packages(recursive) check parameters
[0.403s] Level 1:colcon.colcon_core.package_discovery:discover_packages(ignore) check parameters
[0.403s] Level 1:colcon.colcon_core.package_discovery:discover_packages(path) check parameters
[0.403s] Level 1:colcon.colcon_core.package_discovery:discover_packages(colcon_meta) discover
[0.403s] Level 1:colcon.colcon_core.package_discovery:discover_packages(recursive) discover
[0.403s] INFO:colcon.colcon_core.package_discovery:Crawling recursively for packages in '/home/rpd/Nav2'
[0.403s] Level 1:colcon.colcon_core.package_identification:_identify(.) by extensions ['ignore', 'ignore_ament_install']
[0.403s] Level 1:colcon.colcon_core.package_identification:_identify(.) by extension 'ignore'
[0.403s] Level 1:colcon.colcon_core.package_identification:_identify(.) by extension 'ignore_ament_install'
[0.404s] Level 1:colcon.colcon_core.package_identification:_identify(.) by extensions ['colcon_pkg']
[0.404s] Level 1:colcon.colcon_core.package_identification:_identify(.) by extension 'colcon_pkg'
[0.404s] Level 1:colcon.colcon_core.package_identification:_identify(.) by extensions ['colcon_meta']
[0.404s] Level 1:colcon.colcon_core.package_identification:_identify(.) by extension 'colcon_meta'
[0.404s] Level 1:colcon.colcon_core.package_identification:_identify(.) by extensions ['ros']
[0.404s] Level 1:colcon.colcon_core.package_identification:_identify(.) by extension 'ros'
[0.442s] Level 1:colcon.colcon_core.package_identification:_identify(.) by extensions ['cmake', 'python']
[0.442s] Level 1:colcon.colcon_core.package_identification:_identify(.) by extension 'cmake'
[0.442s] Level 1:colcon.colcon_core.package_identification:_identify(.) by extension 'python'
[0.442s] Level 1:colcon.colcon_core.package_identification:_identify(.) by extensions ['python_setup_py']
[0.442s] Level 1:colcon.colcon_core.package_identification:_identify(.) by extension 'python_setup_py'
[0.443s] Level 1:colcon.colcon_core.package_identification:_identify(__pycache__) by extensions ['ignore', 'ignore_ament_install']
[0.443s] Level 1:colcon.colcon_core.package_identification:_identify(__pycache__) by extension 'ignore'
[0.443s] Level 1:colcon.colcon_core.package_identification:_identify(__pycache__) by extension 'ignore_ament_install'
[0.444s] Level 1:colcon.colcon_core.package_identification:_identify(__pycache__) by extensions ['colcon_pkg']
[0.444s] Level 1:colcon.colcon_core.package_identification:_identify(__pycache__) by extension 'colcon_pkg'
[0.444s] Level 1:colcon.colcon_core.package_identification:_identify(__pycache__) by extensions ['colcon_meta']
[0.444s] Level 1:colcon.colcon_core.package_identification:_identify(__pycache__) by extension 'colcon_meta'
[0.444s] Level 1:colcon.colcon_core.package_identification:_identify(__pycache__) by extensions ['ros']
[0.444s] Level 1:colcon.colcon_core.package_identification:_identify(__pycache__) by extension 'ros'
[0.444s] Level 1:colcon.colcon_core.package_identification:_identify(__pycache__) by extensions ['cmake', 'python']
[0.444s] Level 1:colcon.colcon_core.package_identification:_identify(__pycache__) by extension 'cmake'
[0.444s] Level 1:colcon.colcon_core.package_identification:_identify(__pycache__) by extension 'python'
[0.444s] Level 1:colcon.colcon_core.package_identification:_identify(__pycache__) by extensions ['python_setup_py']
[0.444s] Level 1:colcon.colcon_core.package_identification:_identify(__pycache__) by extension 'python_setup_py'
[0.444s] Level 1:colcon.colcon_core.package_identification:_identify(atob) by extensions ['ignore', 'ignore_ament_install']
[0.444s] Level 1:colcon.colcon_core.package_identification:_identify(atob) by extension 'ignore'
[0.444s] Level 1:colcon.colcon_core.package_identification:_identify(atob) by extension 'ignore_ament_install'
[0.444s] Level 1:colcon.colcon_core.package_identification:_identify(atob) by extensions ['colcon_pkg']
[0.444s] Level 1:colcon.colcon_core.package_identification:_identify(atob) by extension 'colcon_pkg'
[0.444s] Level 1:colcon.colcon_core.package_identification:_identify(atob) by extensions ['colcon_meta']
[0.444s] Level 1:colcon.colcon_core.package_identification:_identify(atob) by extension 'colcon_meta'
[0.444s] Level 1:colcon.colcon_core.package_identification:_identify(atob) by extensions ['ros']
[0.444s] Level 1:colcon.colcon_core.package_identification:_identify(atob) by extension 'ros'
[0.445s] Level 1:colcon.colcon_core.package_identification:_identify(atob) by extensions ['cmake', 'python']
[0.445s] Level 1:colcon.colcon_core.package_identification:_identify(atob) by extension 'cmake'
[0.445s] Level 1:colcon.colcon_core.package_identification:_identify(atob) by extension 'python'
[0.445s] Level 1:colcon.colcon_core.package_identification:_identify(atob) by extensions ['python_setup_py']
[0.445s] Level 1:colcon.colcon_core.package_identification:_identify(atob) by extension 'python_setup_py'
[0.445s] Level 1:colcon.colcon_core.package_identification:_identify(atob/python-st3215) by extensions ['ignore', 'ignore_ament_install']
[0.445s] Level 1:colcon.colcon_core.package_identification:_identify(atob/python-st3215) by extension 'ignore'
[0.445s] Level 1:colcon.colcon_core.package_identification:_identify(atob/python-st3215) by extension 'ignore_ament_install'
[0.445s] Level 1:colcon.colcon_core.package_identification:_identify(atob/python-st3215) by extensions ['colcon_pkg']
[0.445s] Level 1:colcon.colcon_core.package_identification:_identify(atob/python-st3215) by extension 'colcon_pkg'
[0.445s] Level 1:colcon.colcon_core.package_identification:_identify(atob/python-st3215) by extensions ['colcon_meta']
[0.445s] Level 1:colcon.colcon_core.package_identification:_identify(atob/python-st3215) by extension 'colcon_meta'
[0.446s] Level 1:colcon.colcon_core.package_identification:_identify(atob/python-st3215) by extensions ['ros']
[0.446s] Level 1:colcon.colcon_core.package_identification:_identify(atob/python-st3215) by extension 'ros'
[0.446s] Level 1:colcon.colcon_core.package_identification:_identify(atob/python-st3215) by extensions ['cmake', 'python']
[0.446s] Level 1:colcon.colcon_core.package_identification:_identify(atob/python-st3215) by extension 'cmake'
[0.446s] Level 1:colcon.colcon_core.package_identification:_identify(atob/python-st3215) by extension 'python'
[0.446s] DEBUG:colcon.colcon_core.package_identification:Python package in 'atob/python-st3215' passes arguments to the setup() function which requires a different identification extension than 'python'
[0.446s] Level 1:colcon.colcon_core.package_identification:_identify(atob/python-st3215) by extensions ['python_setup_py']
[0.446s] Level 1:colcon.colcon_core.package_identification:_identify(atob/python-st3215) by extension 'python_setup_py'
[0.787s] DEBUG:colcon.colcon_core.package_identification:Package 'atob/python-st3215' with type 'python' and name 'st3215'
[0.788s] Level 1:colcon.colcon_core.package_identification:_identify(atob/venv) by extensions ['ignore', 'ignore_ament_install']
[0.789s] Level 1:colcon.colcon_core.package_identification:_identify(atob/venv) by extension 'ignore'
[0.789s] Level 1:colcon.colcon_core.package_identification:_identify(atob/venv) by extension 'ignore_ament_install'
[0.789s] Level 1:colcon.colcon_core.package_identification:_identify(atob/venv) by extensions ['colcon_pkg']
[0.789s] Level 1:colcon.colcon_core.package_identification:_identify(atob/venv) by extension 'colcon_pkg'
[0.789s] Level 1:colcon.colcon_core.package_identification:_identify(atob/venv) by extensions ['colcon_meta']
[0.789s] Level 1:colcon.colcon_core.package_identification:_identify(atob/venv) by extension 'colcon_meta'
[0.789s] Level 1:colcon.colcon_core.package_identification:_identify(atob/venv) by extensions ['ros']
[0.789s] Level 1:colcon.colcon_core.package_identification:_identify(atob/venv) by extension 'ros'
[0.789s] Level 1:colcon.colcon_core.package_identification:_identify(atob/venv) by extensions ['cmake', 'python']
[0.789s] Level 1:colcon.colcon_core.package_identification:_identify(atob/venv) by extension 'cmake'
[0.789s] Level 1:colcon.colcon_core.package_identification:_identify(atob/venv) by extension 'python'
[0.789s] Level 1:colcon.colcon_core.package_identification:_identify(atob/venv) by extensions ['python_setup_py']
[0.789s] Level 1:colcon.colcon_core.package_identification:_identify(atob/venv) by extension 'python_setup_py'
[0.791s] Level 1:colcon.colcon_core.package_identification:_identify(atob/venv/bin) by extensions ['ignore', 'ignore_ament_install']
[0.791s] Level 1:colcon.colcon_core.package_identification:_identify(atob/venv/bin) by extension 'ignore'
[0.791s] Level 1:colcon.colcon_core.package_identification:_identify(atob/venv/bin) by extension 'ignore_ament_install'
[0.791s] Level 1:colcon.colcon_core.package_identification:_identify(atob/venv/bin) by extensions ['colcon_pkg']
[0.791s] Level 1:colcon.colcon_core.package_identification:_identify(atob/venv/bin) by extension 'colcon_pkg'
[0.791s] Level 1:colcon.colcon_core.package_identification:_identify(atob/venv/bin) by extensions ['colcon_meta']
[0.791s] Level 1:colcon.colcon_core.package_identification:_identify(atob/venv/bin) by extension 'colcon_meta'
[0.792s] Level 1:colcon.colcon_core.package_identification:_identify(atob/venv/bin) by extensions ['ros']
[0.792s] Level 1:colcon.colcon_core.package_identification:_identify(atob/venv/bin) by extension 'ros'
[0.792s] Level 1:colcon.colcon_core.package_identification:_identify(atob/venv/bin) by extensions ['cmake', 'python']
[0.792s] Level 1:colcon.colcon_core.package_identification:_identify(atob/venv/bin) by extension 'cmake'
[0.792s] Level 1:colcon.colcon_core.package_identification:_identify(atob/venv/bin) by extension 'python'
[0.792s] Level 1:colcon.colcon_core.package_identification:_identify(atob/venv/bin) by extensions ['python_setup_py']
[0.792s] Level 1:colcon.colcon_core.package_identification:_identify(atob/venv/bin) by extension 'python_setup_py'
[0.792s] Level 1:colcon.colcon_core.package_identification:_identify(atob/venv/include) by extensions ['ignore', 'ignore_ament_install']
[0.792s] Level 1:colcon.colcon_core.package_identification:_identify(atob/venv/include) by extension 'ignore'
[0.793s] Level 1:colcon.colcon_core.package_identification:_identify(atob/venv/include) by extension 'ignore_ament_install'
[0.793s] Level 1:colcon.colcon_core.package_identification:_identify(atob/venv/include) by extensions ['colcon_pkg']
[0.793s] Level 1:colcon.colcon_core.package_identification:_identify(atob/venv/include) by extension 'colcon_pkg'
[0.793s] Level 1:colcon.colcon_core.package_identification:_identify(atob/venv/include) by extensions ['colcon_meta']
[0.793s] Level 1:colcon.colcon_core.package_identification:_identify(atob/venv/include) by extension 'colcon_meta'
[0.793s] Level 1:colcon.colcon_core.package_identification:_identify(atob/venv/include) by extensions ['ros']
[0.793s] Level 1:colcon.colcon_core.package_identification:_identify(atob/venv/include) by extension 'ros'
[0.793s] Level 1:colcon.colcon_core.package_identification:_identify(atob/venv/include) by extensions ['cmake', 'python']
[0.793s] Level 1:colcon.colcon_core.package_identification:_identify(atob/venv/include) by extension 'cmake'
[0.793s] Level 1:colcon.colcon_core.package_identification:_identify(atob/venv/include) by extension 'python'
[0.793s] Level 1:colcon.colcon_core.package_identification:_identify(atob/venv/include) by extensions ['python_setup_py']
[0.793s] Level 1:colcon.colcon_core.package_identification:_identify(atob/venv/include) by extension 'python_setup_py'
[0.794s] Level 1:colcon.colcon_core.package_identification:_identify(atob/venv/include/python3.12) by extensions ['ignore', 'ignore_ament_install']
[0.794s] Level 1:colcon.colcon_core.package_identification:_identify(atob/venv/include/python3.12) by extension 'ignore'
[0.794s] Level 1:colcon.colcon_core.package_identification:_identify(atob/venv/include/python3.12) by extension 'ignore_ament_install'
[0.794s] Level 1:colcon.colcon_core.package_identification:_identify(atob/venv/include/python3.12) by extensions ['colcon_pkg']
[0.794s] Level 1:colcon.colcon_core.package_identification:_identify(atob/venv/include/python3.12) by extension 'colcon_pkg'
[0.794s] Level 1:colcon.colcon_core.package_identification:_identify(atob/venv/include/python3.12) by extensions ['colcon_meta']
[0.794s] Level 1:colcon.colcon_core.package_identification:_identify(atob/venv/include/python3.12) by extension 'colcon_meta'
[0.794s] Level 1:colcon.colcon_core.package_identification:_identify(atob/venv/include/python3.12) by extensions ['ros']
[0.794s] Level 1:colcon.colcon_core.package_identification:_identify(atob/venv/include/python3.12) by extension 'ros'
[0.794s] Level 1:colcon.colcon_core.package_identification:_identify(atob/venv/include/python3.12) by extensions ['cmake', 'python']
[0.794s] Level 1:colcon.colcon_core.package_identification:_identify(atob/venv/include/python3.12) by extension 'cmake'
[0.795s] Level 1:colcon.colcon_core.package_identification:_identify(atob/venv/include/python3.12) by extension 'python'
[0.795s] Level 1:colcon.colcon_core.package_identification:_identify(atob/venv/include/python3.12) by extensions ['python_setup_py']
[0.795s] Level 1:colcon.colcon_core.package_identification:_identify(atob/venv/include/python3.12) by extension 'python_setup_py'
[0.795s] Level 1:colcon.colcon_core.package_identification:_identify(atob/venv/lib) by extensions ['ignore', 'ignore_ament_install']
[0.795s] Level 1:colcon.colcon_core.package_identification:_identify(atob/venv/lib) by extension 'ignore'
[0.795s] Level 1:colcon.colcon_core.package_identification:_identify(atob/venv/lib) by extension 'ignore_ament_install'
[0.796s] Level 1:colcon.colcon_core.package_identification:_identify(atob/venv/lib) by extensions ['colcon_pkg']
[0.796s] Level 1:colcon.colcon_core.package_identification:_identify(atob/venv/lib) by extension 'colcon_pkg'
[0.796s] Level 1:colcon.colcon_core.package_identification:_identify(atob/venv/lib) by extensions ['colcon_meta']
[0.796s] Level 1:colcon.colcon_core.package_identification:_identify(atob/venv/lib) by extension 'colcon_meta'
[0.796s] Level 1:colcon.colcon_core.package_identification:_identify(atob/venv/lib) by extensions ['ros']
[0.796s] Level 1:colcon.colcon_core.package_identification:_identify(atob/venv/lib) by extension 'ros'
[0.796s] Level 1:colcon.colcon_core.package_identification:_identify(atob/venv/lib) by extensions ['cmake', 'python']
[0.796s] Level 1:colcon.colcon_core.package_identification:_identify(atob/venv/lib) by extension 'cmake'
[0.796s] Level 1:colcon.colcon_core.package_identification:_identify(atob/venv/lib) by extension 'python'
[0.796s] Level 1:colcon.colcon_core.package_identification:_identify(atob/venv/lib) by extensions ['python_setup_py']
[0.796s] Level 1:colcon.colcon_core.package_identification:_identify(atob/venv/lib) by extension 'python_setup_py'
[0.797s] Level 1:colcon.colcon_core.package_identification:_identify(atob/venv/lib/python3.12) by extensions ['ignore', 'ignore_ament_install']
[0.797s] Level 1:colcon.colcon_core.package_identification:_identify(atob/venv/lib/python3.12) by extension 'ignore'
[0.797s] Level 1:colcon.colcon_core.package_identification:_identify(atob/venv/lib/python3.12) by extension 'ignore_ament_install'
[0.797s] Level 1:colcon.colcon_core.package_identification:_identify(atob/venv/lib/python3.12) by extensions ['colcon_pkg']
[0.797s] Level 1:colcon.colcon_core.package_identification:_identify(atob/venv/lib/python3.12) by extension 'colcon_pkg'
[0.797s] Level 1:colcon.colcon_core.package_identification:_identify(atob/venv/lib/python3.12) by extensions ['colcon_meta']
[0.797s] Level 1:colcon.colcon_core.package_identification:_identify(atob/venv/lib/python3.12) by extension 'colcon_meta'
[0.797s] Level 1:colcon.colcon_core.package_identification:_identify(atob/venv/lib/python3.12) by extensions ['ros']
[0.797s] Level 1:colcon.colcon_core.package_identification:_identify(atob/venv/lib/python3.12) by extension 'ros'
[0.797s] Level 1:colcon.colcon_core.package_identification:_identify(atob/venv/lib/python3.12) by extensions ['cmake', 'python']
[0.797s] Level 1:colcon.colcon_core.package_identification:_identify(atob/venv/lib/python3.12) by extension 'cmake'
[0.797s] Level 1:colcon.colcon_core.package_identification:_identify(atob/venv/lib/python3.12) by extension 'python'
[0.797s] Level 1:colcon.colcon_core.package_identification:_identify(atob/venv/lib/python3.12) by extensions ['python_setup_py']
[0.797s] Level 1:colcon.colcon_core.package_identification:_identify(atob/venv/lib/python3.12) by extension 'python_setup_py'
[0.798s] Level 1:colcon.colcon_core.package_identification:_identify(atob/venv/lib/python3.12/site-packages) by extensions ['ignore', 'ignore_ament_install']
[0.798s] Level 1:colcon.colcon_core.package_identification:_identify(atob/venv/lib/python3.12/site-packages) by extension 'ignore'
[0.798s] Level 1:colcon.colcon_core.package_identification:_identify(atob/venv/lib/python3.12/site-packages) by extension 'ignore_ament_install'
[0.798s] Level 1:colcon.colcon_core.package_identification:_identify(atob/venv/lib/python3.12/site-packages) by extensions ['colcon_pkg']
[0.798s] Level 1:colcon.colcon_core.package_identification:_identify(atob/venv/lib/python3.12/site-packages) by extension 'colcon_pkg'
[0.798s] Level 1:colcon.colcon_core.package_identification:_identify(atob/venv/lib/python3.12/site-packages) by extensions ['colcon_meta']
[0.798s] Level 1:colcon.colcon_core.package_identification:_identify(atob/venv/lib/python3.12/site-packages) by extension 'colcon_meta'
[0.798s] Level 1:colcon.colcon_core.package_identification:_identify(atob/venv/lib/python3.12/site-packages) by extensions ['ros']
[0.798s] Level 1:colcon.colcon_core.package_identification:_identify(atob/venv/lib/python3.12/site-packages) by extension 'ros'
[0.799s] Level 1:colcon.colcon_core.package_identification:_identify(atob/venv/lib/python3.12/site-packages) by extensions ['cmake', 'python']
[0.799s] Level 1:colcon.colcon_core.package_identification:_identify(atob/venv/lib/python3.12/site-packages) by extension 'cmake'
[0.799s] Level 1:colcon.colcon_core.package_identification:_identify(atob/venv/lib/python3.12/site-packages) by extension 'python'
[0.799s] Level 1:colcon.colcon_core.package_identification:_identify(atob/venv/lib/python3.12/site-packages) by extensions ['python_setup_py']
[0.799s] Level 1:colcon.colcon_core.package_identification:_identify(atob/venv/lib/python3.12/site-packages) by extension 'python_setup_py'
[0.802s] Level 1:colcon.colcon_core.package_identification:_identify(atob/venv/lib/python3.12/site-packages/pip) by extensions ['ignore', 'ignore_ament_install']
[0.802s] Level 1:colcon.colcon_core.package_identification:_identify(atob/venv/lib/python3.12/site-packages/pip) by extension 'ignore'
[0.802s] Level 1:colcon.colcon_core.package_identification:_identify(atob/venv/lib/python3.12/site-packages/pip) by extension 'ignore_ament_install'
[0.802s] Level 1:colcon.colcon_core.package_identification:_identify(atob/venv/lib/python3.12/site-packages/pip) by extensions ['colcon_pkg']
[0.802s] Level 1:colcon.colcon_core.package_identification:_identify(atob/venv/lib/python3.12/site-packages/pip) by extension 'colcon_pkg'
[0.802s] Level 1:colcon.colcon_core.package_identification:_identify(atob/venv/lib/python3.12/site-packages/pip) by extensions ['colcon_meta']
[0.802s] Level 1:colcon.colcon_core.package_identification:_identify(atob/venv/lib/python3.12/site-packages/pip) by extension 'colcon_meta'
[0.802s] Level 1:colcon.colcon_core.package_identification:_identify(atob/venv/lib/python3.12/site-packages/pip) by extensions ['ros']
[0.802s] Level 1:colcon.colcon_core.package_identification:_identify(atob/venv/lib/python3.12/site-packages/pip) by extension 'ros'
[0.802s] Level 1:colcon.colcon_core.package_identification:_identify(atob/venv/lib/python3.12/site-packages/pip) by extensions ['cmake', 'python']
[0.802s] Level 1:colcon.colcon_core.package_identification:_identify(atob/venv/lib/python3.12/site-packages/pip) by extension 'cmake'
[0.802s] Level 1:colcon.colcon_core.package_identification:_identify(atob/venv/lib/python3.12/site-packages/pip) by extension 'python'
[0.803s] Level 1:colcon.colcon_core.package_identification:_identify(atob/venv/lib/python3.12/site-packages/pip) by extensions ['python_setup_py']
[0.803s] Level 1:colcon.colcon_core.package_identification:_identify(atob/venv/lib/python3.12/site-packages/pip) by extension 'python_setup_py'
[0.805s] Level 1:colcon.colcon_core.package_identification:_identify(atob/venv/lib/python3.12/site-packages/pip/__pycache__) by extensions ['ignore', 'ignore_ament_install']
[0.805s] Level 1:colcon.colcon_core.package_identification:_identify(atob/venv/lib/python3.12/site-packages/pip/__pycache__) by extension 'ignore'
[0.806s] Level 1:colcon.colcon_core.package_identification:_identify(atob/venv/lib/python3.12/site-packages/pip/__pycache__) by extension 'ignore_ament_install'
[0.806s] Level 1:colcon.colcon_core.package_identification:_identify(atob/venv/lib/python3.12/site-packages/pip/__pycache__) by extensions ['colcon_pkg']
[0.806s] Level 1:colcon.colcon_core.package_identification:_identify(atob/venv/lib/python3.12/site-packages/pip/__pycache__) by extension 'colcon_pkg'
[0.806s] Level 1:colcon.colcon_core.package_identification:_identify(atob/venv/lib/python3.12/site-packages/pip/__pycache__) by extensions ['colcon_meta']
[0.806s] Level 1:colcon.colcon_core.package_identification:_identify(atob/venv/lib/python3.12/site-packages/pip/__pycache__) by extension 'colcon_meta'
[0.806s] Level 1:colcon.colcon_core.package_identification:_identify(atob/venv/lib/python3.12/site-packages/pip/__pycache__) by extensions ['ros']
[0.806s] Level 1:colcon.colcon_core.package_identification:_identify(atob/venv/lib/python3.12/site-packages/pip/__pycache__) by extension 'ros'
[0.806s] Level 1:colcon.colcon_core.package_identification:_identify(atob/venv/lib/python3.12/site-packages/pip/__pycache__) by extensions ['cmake', 'python']
[0.806s] Level 1:colcon.colcon_core.package_identification:_identify(atob/venv/lib/python3.12/site-packages/pip/__pycache__) by extension 'cmake'
[0.806s] Level 1:colcon.colcon_core.package_identification:_identify(atob/venv/lib/python3.12/site-packages/pip/__pycache__) by extension 'python'
[0.806s] Level 1:colcon.colcon_core.package_identification:_identify(atob/venv/lib/python3.12/site-packages/pip/__pycache__) by extensions ['python_setup_py']
[0.806s] Level 1:colcon.colcon_core.package_identification:_identify(atob/venv/lib/python3.12/site-packages/pip/__pycache__) by extension 'python_setup_py'
[0.807s] Level 1:colcon.colcon_core.package_identification:_identify(atob/venv/lib/python3.12/site-packages/pip/_internal) by extensions ['ignore', 'ignore_ament_install']
[0.807s] Level 1:colcon.colcon_core.package_identification:_identify(atob/venv/lib/python3.12/site-packages/pip/_internal) by extension 'ignore'
[0.807s] Level 1:colcon.colcon_core.package_identification:_identify(atob/venv/lib/python3.12/site-packages/pip/_internal) by extension 'ignore_ament_install'
[0.807s] Level 1:colcon.colcon_core.package_identification:_identify(atob/venv/lib/python3.12/site-packages/pip/_internal) by extensions ['colcon_pkg']
[0.807s] Level 1:colcon.colcon_core.package_identification:_identify(atob/venv/lib/python3.12/site-packages/pip/_internal) by extension 'colcon_pkg'
[0.807s] Level 1:colcon.colcon_core.package_identification:_identify(atob/venv/lib/python3.12/site-packages/pip/_internal) by extensions ['colcon_meta']
[0.807s] Level 1:colcon.colcon_core.package_identification:_identify(atob/venv/lib/python3.12/site-packages/pip/_internal) by extension 'colcon_meta'
[0.807s] Level 1:colcon.colcon_core.package_identification:_identify(atob/venv/lib/python3.12/site-packages/pip/_internal) by extensions ['ros']
[0.807s] Level 1:colcon.colcon_core.package_identification:_identify(atob/venv/lib/python3.12/site-packages/pip/_internal) by extension 'ros'
[0.807s] Level 1:colcon.colcon_core.package_identification:_identify(atob/venv/lib/python3.12/site-packages/pip/_internal) by extensions ['cmake', 'python']
[0.807s] Level 1:colcon.colcon_core.package_identification:_identify(atob/venv/lib/python3.12/site-packages/pip/_internal) by extension 'cmake'
[0.807s] Level 1:colcon.colcon_core.package_identification:_identify(atob/venv/lib/python3.12/site-packages/pip/_internal) by extension 'python'
[0.807s] Level 1:colcon.colcon_core.package_identification:_identify(atob/venv/lib/python3.12/site-packages/pip/_internal) by extensions ['python_setup_py']
[0.807s] Level 1:colcon.colcon_core.package_identification:_identify(atob/venv/lib/python3.12/site-packages/pip/_internal) by extension 'python_setup_py'
[0.808s] Level 1:colcon.colcon_core.package_identification:_identify(atob/venv/lib/python3.12/site-packages/pip/_internal/__pycache__) by extensions ['ignore', 'ignore_ament_install']
[0.808s] Level 1:colcon.colcon_core.package_identification:_identify(atob/venv/lib/python3.12/site-packages/pip/_internal/__pycache__) by extension 'ignore'
[0.808s] Level 1:colcon.colcon_core.package_identification:_identify(atob/venv/lib/python3.12/site-packages/pip/_internal/__pycache__) by extension 'ignore_ament_install'
[0.808s] Level 1:colcon.colcon_core.package_identification:_identify(atob/venv/lib/python3.12/site-packages/pip/_internal/__pycache__) by extensions ['colcon_pkg']
[0.808s] Level 1:colcon.colcon_core.package_identification:_identify(atob/venv/lib/python3.12/site-packages/pip/_internal/__pycache__) by extension 'colcon_pkg'
[0.808s] Level 1:colcon.colcon_core.package_identification:_identify(atob/venv/lib/python3.12/site-packages/pip/_internal/__pycache__) by extensions ['colcon_meta']
[0.808s] Level 1:colcon.colcon_core.package_identification:_identify(atob/venv/lib/python3.12/site-packages/pip/_internal/__pycache__) by extension 'colcon_meta'
[0.809s] Level 1:colcon.colcon_core.package_identification:_identify(atob/venv/lib/python3.12/site-packages/pip/_internal/__pycache__) by extensions ['ros']
[0.809s] Level 1:colcon.colcon_core.package_identification:_identify(atob/venv/lib/python3.12/site-packages/pip/_internal/__pycache__) by extension 'ros'
[0.809s] Level 1:colcon.colcon_core.package_identification:_identify(atob/venv/lib/python3.12/site-packages/pip/_internal/__pycache__) by extensions ['cmake', 'python']
[0.809s] Level 1:colcon.colcon_core.package_identification:_identify(atob/venv/lib/python3.12/site-packages/pip/_internal/__pycache__) by extension 'cmake'
[0.809s] Level 1:colcon.colcon_core.package_identification:_identify(atob/venv/lib/python3.12/site-packages/pip/_internal/__pycache__) by extension 'python'
[0.809s] Level 1:colcon.colcon_core.package_identification:_identify(atob/venv/lib/python3.12/site-packages/pip/_internal/__pycache__) by extensions ['python_setup_py']
[0.809s] Level 1:colcon.colcon_core.package_identification:_identify(atob/venv/lib/python3.12/site-packages/pip/_internal/__pycache__) by extension 'python_setup_py'
[0.809s] Level 1:colcon.colcon_core.package_identification:_identify(atob/venv/lib/python3.12/site-packages/pip/_internal/cli) by extensions ['ignore', 'ignore_ament_install']
[0.809s] Level 1:colcon.colcon_core.package_identification:_identify(atob/venv/lib/python3.12/site-packages/pip/_internal/cli) by extension 'ignore'
[0.810s] Level 1:colcon.colcon_core.package_identification:_identify(atob/venv/lib/python3.12/site-packages/pip/_internal/cli) by extension 'ignore_ament_install'
[0.810s] Level 1:colcon.colcon_core.package_identification:_identify(atob/venv/lib/python3.12/site-packages/pip/_internal/cli) by extensions ['colcon_pkg']
[0.810s] Level 1:colcon.colcon_core.package_identification:_identify(atob/venv/lib/python3.12/site-packages/pip/_internal/cli) by extension 'colcon_pkg'
[0.810s] Level 1:colcon.colcon_core.package_identification:_identify(atob/venv/lib/python3.12/site-packages/pip/_internal/cli) by extensions ['colcon_meta']
[0.810s] Level 1:colcon.colcon_core.package_identification:_identify(atob/venv/lib/python3.12/site-packages/pip/_internal/cli) by extension 'colcon_meta'
[0.810s] Level 1:colcon.colcon_core.package_identification:_identify(atob/venv/lib/python3.12/site-packages/pip/_internal/cli) by extensions ['ros']
[0.810s] Level 1:colcon.colcon_core.package_identification:_identify(atob/venv/lib/python3.12/site-packages/pip/_internal/cli) by extension 'ros'
[0.810s] Level 1:colcon.colcon_core.package_identification:_identify(atob/venv/lib/python3.12/site-packages/pip/_internal/cli) by extensions ['cmake', 'python']
[0.810s] Level 1:colcon.colcon_core.package_identification:_identify(atob/venv/lib/python3.12/site-packages/pip/_internal/cli) by extension 'cmake'
[0.810s] Level 1:colcon.colcon_core.package_identification:_identify(atob/venv/lib/python3.12/site-packages/pip/_internal/cli) by extension 'python'
[0.810s] Level 1:colcon.colcon_core.package_identification:_identify(atob/venv/lib/python3.12/site-packages/pip/_internal/cli) by extensions ['python_setup_py']
[0.810s] Level 1:colcon.colcon_core.package_identification:_identify(atob/venv/lib/python3.12/site-packages/pip/_internal/cli) by extension 'python_setup_py'
[0.811s] Level 1:colcon.colcon_core.package_identification:_identify(atob/venv/lib/python3.12/site-packages/pip/_internal/cli/__pycache__) by extensions ['ignore', 'ignore_ament_install']
[0.811s] Level 1:colcon.colcon_core.package_identification:_identify(atob/venv/lib/python3.12/site-packages/pip/_internal/cli/__pycache__) by extension 'ignore'
[0.811s] Level 1:colcon.colcon_core.package_identification:_identify(atob/venv/lib/python3.12/site-packages/pip/_internal/cli/__pycache__) by extension 'ignore_ament_install'
[0.811s] Level 1:colcon.colcon_core.package_identification:_identify(atob/venv/lib/python3.12/site-packages/pip/_internal/cli/__pycache__) by extensions ['colcon_pkg']
[0.811s] Level 1:colcon.colcon_core.package_identification:_identify(atob/venv/lib/python3.12/site-packages/pip/_internal/cli/__pycache__) by extension 'colcon_pkg'
[0.811s] Level 1:colcon.colcon_core.package_identification:_identify(atob/venv/lib/python3.12/site-packages/pip/_internal/cli/__pycache__) by extensions ['colcon_meta']
[0.811s] Level 1:colcon.colcon_core.package_identification:_identify(atob/venv/lib/python3.12/site-packages/pip/_internal/cli/__pycache__) by extension 'colcon_meta'
[0.811s] Level 1:colcon.colcon_core.package_identification:_identify(atob/venv/lib/python3.12/site-packages/pip/_internal/cli/__pycache__) by extensions ['ros']
[0.811s] Level 1:colcon.colcon_core.package_identification:_identify(atob/venv/lib/python3.12/site-packages/pip/_internal/cli/__pycache__) by extension 'ros'
[0.812s] Level 1:colcon.colcon_core.package_identification:_identify(atob/venv/lib/python3.12/site-packages/pip/_internal/cli/__pycache__) by extensions ['cmake', 'python']
[0.812s] Level 1:colcon.colcon_core.package_identification:_identify(atob/venv/lib/python3.12/site-packages/pip/_internal/cli/__pycache__) by extension 'cmake'
[0.812s] Level 1:colcon.colcon_core.package_identification:_identify(atob/venv/lib/python3.12/site-packages/pip/_internal/cli/__pycache__) by extension 'python'
[0.812s] Level 1:colcon.colcon_core.package_identification:_identify(atob/venv/lib/python3.12/site-packages/pip/_internal/cli/__pycache__) by extensions ['python_setup_py']
[0.812s] Level 1:colcon.colcon_core.package_identification:_identify(atob/venv/lib/python3.12/site-packages/pip/_internal/cli/__pycache__) by extension 'python_setup_py'
[0.812s] Level 1:colcon.colcon_core.package_identification:_identify(atob/venv/lib/python3.12/site-packages/pip/_internal/commands) by extensions ['ignore', 'ignore_ament_install']
[0.812s] Level 1:colcon.colcon_core.package_identification:_identify(atob/venv/lib/python3.12/site-packages/pip/_internal/commands) by extension 'ignore'
[0.813s] Level 1:colcon.colcon_core.package_identification:_identify(atob/venv/lib/python3.12/site-packages/pip/_internal/commands) by extension 'ignore_ament_install'
[0.813s] Level 1:colcon.colcon_core.package_identification:_identify(atob/venv/lib/python3.12/site-packages/pip/_internal/commands) by extensions ['colcon_pkg']
[0.813s] Level 1:colcon.colcon_core.package_identification:_identify(atob/venv/lib/python3.12/site-packages/pip/_internal/commands) by extension 'colcon_pkg'
[0.813s] Level 1:colcon.colcon_core.package_identification:_identify(atob/venv/lib/python3.12/site-packages/pip/_internal/commands) by extensions ['colcon_meta']
[0.813s] Level 1:colcon.colcon_core.package_identification:_identify(atob/venv/lib/python3.12/site-packages/pip/_internal/commands) by extension 'colcon_meta'
[0.813s] Level 1:colcon.colcon_core.package_identification:_identify(atob/venv/lib/python3.12/site-packages/pip/_internal/commands) by extensions ['ros']
[0.813s] Level 1:colcon.colcon_core.package_identification:_identify(atob/venv/lib/python3.12/site-packages/pip/_internal/commands) by extension 'ros'
[0.813s] Level 1:colcon.colcon_core.package_identification:_identify(atob/venv/lib/python3.12/site-packages/pip/_internal/commands) by extensions ['cmake', 'python']
[0.813s] Level 1:colcon.colcon_core.package_identification:_identify(atob/venv/lib/python3.12/site-packages/pip/_internal/commands) by extension 'cmake'
[0.813s] Level 1:colcon.colcon_core.package_identification:_identify(atob/venv/lib/python3.12/site-packages/pip/_internal/commands) by extension 'python'
[0.813s] Level 1:colcon.colcon_core.package_identification:_identify(atob/venv/lib/python3.12/site-packages/pip/_internal/commands) by extensions ['python_setup_py']
[0.813s] Level 1:colcon.colcon_core.package_identification:_identify(atob/venv/lib/python3.12/site-packages/pip/_internal/commands) by extension 'python_setup_py'
[0.814s] Level 1:colcon.colcon_core.package_identification:_identify(atob/venv/lib/python3.12/site-packages/pip/_internal/commands/__pycache__) by extensions ['ignore', 'ignore_ament_install']
[0.814s] Level 1:colcon.colcon_core.package_identification:_identify(atob/venv/lib/python3.12/site-packages/pip/_internal/commands/__pycache__) by extension 'ignore'
[0.814s] Level 1:colcon.colcon_core.package_identification:_identify(atob/venv/lib/python3.12/site-packages/pip/_internal/commands/__pycache__) by extension 'ignore_ament_install'
[0.814s] Level 1:colcon.colcon_core.package_identification:_identify(atob/venv/lib/python3.12/site-packages/pip/_internal/commands/__pycache__) by extensions ['colcon_pkg']
[0.814s] Level 1:colcon.colcon_core.package_identification:_identify(atob/venv/lib/python3.12/site-packages/pip/_internal/commands/__pycache__) by extension 'colcon_pkg'
[0.814s] Level 1:colcon.colcon_core.package_identification:_identify(atob/venv/lib/python3.12/site-packages/pip/_internal/commands/__pycache__) by extensions ['colcon_meta']
[0.814s] Level 1:colcon.colcon_core.package_identification:_identify(atob/venv/lib/python3.12/site-packages/pip/_internal/commands/__pycache__) by extension 'colcon_meta'
[0.814s] Level 1:colcon.colcon_core.package_identification:_identify(atob/venv/lib/python3.12/site-packages/pip/_internal/commands/__pycache__) by extensions ['ros']
[0.814s] Level 1:colcon.colcon_core.package_identification:_identify(atob/venv/lib/python3.12/site-packages/pip/_internal/commands/__pycache__) by extension 'ros'
[0.814s] Level 1:colcon.colcon_core.package_identification:_identify(atob/venv/lib/python3.12/site-packages/pip/_internal/commands/__pycache__) by extensions ['cmake', 'python']
[0.815s] Level 1:colcon.colcon_core.package_identification:_identify(atob/venv/lib/python3.12/site-packages/pip/_internal/commands/__pycache__) by extension 'cmake'
[0.815s] Level 1:colcon.colcon_core.package_identification:_identify(atob/venv/lib/python3.12/site-packages/pip/_internal/commands/__pycache__) by extension 'python'
[0.815s] Level 1:colcon.colcon_core.package_identification:_identify(atob/venv/lib/python3.12/site-packages/pip/_internal/commands/__pycache__) by extensions ['python_setup_py']
[0.815s] Level 1:colcon.colcon_core.package_identification:_identify(atob/venv/lib/python3.12/site-packages/pip/_internal/commands/__pycache__) by extension 'python_setup_py'
[0.815s] Level 1:colcon.colcon_core.package_identification:_identify(atob/venv/lib/python3.12/site-packages/pip/_internal/distributions) by extensions ['ignore', 'ignore_ament_install']
[0.815s] Level 1:colcon.colcon_core.package_identification:_identify(atob/venv/lib/python3.12/site-packages/pip/_internal/distributions) by extension 'ignore'
[0.815s] Level 1:colcon.colcon_core.package_identification:_identify(atob/venv/lib/python3.12/site-packages/pip/_internal/distributions) by extension 'ignore_ament_install'
[0.816s] Level 1:colcon.colcon_core.package_identification:_identify(atob/venv/lib/python3.12/site-packages/pip/_internal/distributions) by extensions ['colcon_pkg']
[0.816s] Level 1:colcon.colcon_core.package_identification:_identify(atob/venv/lib/python3.12/site-packages/pip/_internal/distributions) by extension 'colcon_pkg'
[0.816s] Level 1:colcon.colcon_core.package_identification:_identify(atob/venv/lib/python3.12/site-packages/pip/_internal/distributions) by extensions ['colcon_meta']
[0.816s] Level 1:colcon.colcon_core.package_identification:_identify(atob/venv/lib/python3.12/site-packages/pip/_internal/distributions) by extension 'colcon_meta'
[0.816s] Level 1:colcon.colcon_core.package_identification:_identify(atob/venv/lib/python3.12/site-packages/pip/_internal/distributions) by extensions ['ros']
[0.816s] Level 1:colcon.colcon_core.package_identification:_identify(atob/venv/lib/python3.12/site-packages/pip/_internal/distributions) by extension 'ros'
[0.816s] Level 1:colcon.colcon_core.package_identification:_identify(atob/venv/lib/python3.12/site-packages/pip/_internal/distributions) by extensions ['cmake', 'python']
[0.816s] Level 1:colcon.colcon_core.package_identification:_identify(atob/venv/lib/python3.12/site-packages/pip/_internal/distributions) by extension 'cmake'
[0.816s] Level 1:colcon.colcon_core.package_identification:_identify(atob/venv/lib/python3.12/site-packages/pip/_internal/distributions) by extension 'python'
[0.816s] Level 1:colcon.colcon_core.package_identification:_identify(atob/venv/lib/python3.12/site-packages/pip/_internal/distributions) by extensions ['python_setup_py']
[0.816s] Level 1:colcon.colcon_core.package_identification:_identify(atob/venv/lib/python3.12/site-packages/pip/_internal/distributions) by extension 'python_setup_py'
[0.817s] Level 1:colcon.colcon_core.package_identification:_identify(atob/venv/lib/python3.12/site-packages/pip/_internal/distributions/__pycache__) by extensions ['ignore', 'ignore_ament_install']
[0.817s] Level 1:colcon.colcon_core.package_identification:_identify(atob/venv/lib/python3.12/site-packages/pip/_internal/distributions/__pycache__) by extension 'ignore'
[0.817s] Level 1:colcon.colcon_core.package_identification:_identify(atob/venv/lib/python3.12/site-packages/pip/_internal/distributions/__pycache__) by extension 'ignore_ament_install'
[0.817s] Level 1:colcon.colcon_core.package_identification:_identify(atob/venv/lib/python3.12/site-packages/pip/_internal/distributions/__pycache__) by extensions ['colcon_pkg']
[0.817s] Level 1:colcon.colcon_core.package_identification:_identify(atob/venv/lib/python3.12/site-packages/pip/_internal/distributions/__pycache__) by extension 'colcon_pkg'
[0.817s] Level 1:colcon.colcon_core.package_identification:_identify(atob/venv/lib/python3.12/site-packages/pip/_internal/distributions/__pycache__) by extensions ['colcon_meta']
[0.817s] Level 1:colcon.colcon_core.package_identification:_identify(atob/venv/lib/python3.12/site-packages/pip/_internal/distributions/__pycache__) by extension 'colcon_meta'
[0.817s] Level 1:colcon.colcon_core.package_identification:_identify(atob/venv/lib/python3.12/site-packages/pip/_internal/distributions/__pycache__) by extensions ['ros']
[0.817s] Level 1:colcon.colcon_core.package_identification:_identify(atob/venv/lib/python3.12/site-packages/pip/_internal/distributions/__pycache__) by extension 'ros'
[0.817s] Level 1:colcon.colcon_core.package_identification:_identify(atob/venv/lib/python3.12/site-packages/pip/_internal/distributions/__pycache__) by extensions ['cmake', 'python']
[0.817s] Level 1:colcon.colcon_core.package_identification:_identify(atob/venv/lib/python3.12/site-packages/pip/_internal/distributions/__pycache__) by extension 'cmake'
[0.817s] Level 1:colcon.colcon_core.package_identification:_identify(atob/venv/lib/python3.12/site-packages/pip/_internal/distributions/__pycache__) by extension 'python'
[0.818s] Level 1:colcon.colcon_core.package_identification:_identify(atob/venv/lib/python3.12/site-packages/pip/_internal/distributions/__pycache__) by extensions ['python_setup_py']
[0.818s] Level 1:colcon.colcon_core.package_identification:_identify(atob/venv/lib/python3.12/site-packages/pip/_internal/distributions/__pycache__) by extension 'python_setup_py'
[0.818s] Level 1:colcon.colcon_core.package_identification:_identify(atob/venv/lib/python3.12/site-packages/pip/_internal/index) by extensions ['ignore', 'ignore_ament_install']
[0.818s] Level 1:colcon.colcon_core.package_identification:_identify(atob/venv/lib/python3.12/site-packages/pip/_internal/index) by extension 'ignore'
[0.818s] Level 1:colcon.colcon_core.package_identification:_identify(atob/venv/lib/python3.12/site-packages/pip/_internal/index) by extension 'ignore_ament_install'
[0.818s] Level 1:colcon.colcon_core.package_identification:_identify(atob/venv/lib/python3.12/site-packages/pip/_internal/index) by extensions ['colcon_pkg']
[0.818s] Level 1:colcon.colcon_core.package_identification:_identify(atob/venv/lib/python3.12/site-packages/pip/_internal/index) by extension 'colcon_pkg'
[0.818s] Level 1:colcon.colcon_core.package_identification:_identify(atob/venv/lib/python3.12/site-packages/pip/_internal/index) by extensions ['colcon_meta']
[0.818s] Level 1:colcon.colcon_core.package_identification:_identify(atob/venv/lib/python3.12/site-packages/pip/_internal/index) by extension 'colcon_meta'
[0.819s] Level 1:colcon.colcon_core.package_identification:_identify(atob/venv/lib/python3.12/site-packages/pip/_internal/index) by extensions ['ros']
[0.819s] Level 1:colcon.colcon_core.package_identification:_identify(atob/venv/lib/python3.12/site-packages/pip/_internal/index) by extension 'ros'
[0.819s] Level 1:colcon.colcon_core.package_identification:_identify(atob/venv/lib/python3.12/site-packages/pip/_internal/index) by extensions ['cmake', 'python']
[0.819s] Level 1:colcon.colcon_core.package_identification:_identify(atob/venv/lib/python3.12/site-packages/pip/_internal/index) by extension 'cmake'
[0.819s] Level 1:colcon.colcon_core.package_identification:_identify(atob/venv/lib/python3.12/site-packages/pip/_internal/index) by extension 'python'
[0.819s] Level 1:colcon.colcon_core.package_identification:_identify(atob/venv/lib/python3.12/site-packages/pip/_internal/index) by extensions ['python_setup_py']
[0.819s] Level 1:colcon.colcon_core.package_identification:_identify(atob/venv/lib/python3.12/site-packages/pip/_internal/index) by extension 'python_setup_py'
[0.819s] Level 1:colcon.colcon_core.package_identification:_identify(atob/venv/lib/python3.12/site-packages/pip/_internal/index/__pycache__) by extensions ['ignore', 'ignore_ament_install']
[0.820s] Level 1:colcon.colcon_core.package_identification:_identify(atob/venv/lib/python3.12/site-packages/pip/_internal/index/__pycache__) by extension 'ignore'
[0.820s] Level 1:colcon.colcon_core.package_identification:_identify(atob/venv/lib/python3.12/site-packages/pip/_internal/index/__pycache__) by extension 'ignore_ament_install'
[0.820s] Level 1:colcon.colcon_core.package_identification:_identify(atob/venv/lib/python3.12/site-packages/pip/_internal/index/__pycache__) by extensions ['colcon_pkg']
[0.820s] Level 1:colcon.colcon_core.package_identification:_identify(atob/venv/lib/python3.12/site-packages/pip/_internal/index/__pycache__) by extension 'colcon_pkg'
[0.820s] Level 1:colcon.colcon_core.package_identification:_identify(atob/venv/lib/python3.12/site-packages/pip/_internal/index/__pycache__) by extensions ['colcon_meta']
[0.820s] Level 1:colcon.colcon_core.package_identification:_identify(atob/venv/lib/python3.12/site-packages/pip/_internal/index/__pycache__) by extension 'colcon_meta'
[0.820s] Level 1:colcon.colcon_core.package_identification:_identify(atob/venv/lib/python3.12/site-packages/pip/_internal/index/__pycache__) by extensions ['ros']
[0.820s] Level 1:colcon.colcon_core.package_identification:_identify(atob/venv/lib/python3.12/site-packages/pip/_internal/index/__pycache__) by extension 'ros'
[0.821s] Level 1:colcon.colcon_core.package_identification:_identify(atob/venv/lib/python3.12/site-packages/pip/_internal/index/__pycache__) by extensions ['cmake', 'python']
[0.821s] Level 1:colcon.colcon_core.package_identification:_identify(atob/venv/lib/python3.12/site-packages/pip/_internal/index/__pycache__) by extension 'cmake'
[0.821s] Level 1:colcon.colcon_core.package_identification:_identify(atob/venv/lib/python3.12/site-packages/pip/_internal/index/__pycache__) by extension 'python'
[0.821s] Level 1:colcon.colcon_core.package_identification:_identify(atob/venv/lib/python3.12/site-packages/pip/_internal/index/__pycache__) by extensions ['python_setup_py']
[0.821s] Level 1:colcon.colcon_core.package_identification:_identify(atob/venv/lib/python3.12/site-packages/pip/_internal/index/__pycache__) by extension 'python_setup_py'
[0.821s] Level 1:colcon.colcon_core.package_identification:_identify(atob/venv/lib/python3.12/site-packages/pip/_internal/locations) by extensions ['ignore', 'ignore_ament_install']
[0.821s] Level 1:colcon.colcon_core.package_identification:_identify(atob/venv/lib/python3.12/site-packages/pip/_internal/locations) by extension 'ignore'
[0.821s] Level 1:colcon.colcon_core.package_identification:_identify(atob/venv/lib/python3.12/site-packages/pip/_internal/locations) by extension 'ignore_ament_install'
[0.821s] Level 1:colcon.colcon_core.package_identification:_identify(atob/venv/lib/python3.12/site-packages/pip/_internal/locations) by extensions ['colcon_pkg']
[0.822s] Level 1:colcon.colcon_core.package_identification:_identify(atob/venv/lib/python3.12/site-packages/pip/_internal/locations) by extension 'colcon_pkg'
[0.822s] Level 1:colcon.colcon_core.package_identification:_identify(atob/venv/lib/python3.12/site-packages/pip/_internal/locations) by extensions ['colcon_meta']
[0.822s] Level 1:colcon.colcon_core.package_identification:_identify(atob/venv/lib/python3.12/site-packages/pip/_internal/locations) by extension 'colcon_meta'
[0.822s] Level 1:colcon.colcon_core.package_identification:_identify(atob/venv/lib/python3.12/site-packages/pip/_internal/locations) by extensions ['ros']
[0.822s] Level 1:colcon.colcon_core.package_identification:_identify(atob/venv/lib/python3.12/site-packages/pip/_internal/locations) by extension 'ros'
[0.822s] Level 1:colcon.colcon_core.package_identification:_identify(atob/venv/lib/python3.12/site-packages/pip/_internal/locations) by extensions ['cmake', 'python']
[0.822s] Level 1:colcon.colcon_core.package_identification:_identify(atob/venv/lib/python3.12/site-packages/pip/_internal/locations) by extension 'cmake'
[0.822s] Level 1:colcon.colcon_core.package_identification:_identify(atob/venv/lib/python3.12/site-packages/pip/_internal/locations) by extension 'python'
[0.822s] Level 1:colcon.colcon_core.package_identification:_identify(atob/venv/lib/python3.12/site-packages/pip/_internal/locations) by extensions ['python_setup_py']
[0.822s] Level 1:colcon.colcon_core.package_identification:_identify(atob/venv/lib/python3.12/site-packages/pip/_internal/locations) by extension 'python_setup_py'
[0.823s] Level 1:colcon.colcon_core.package_identification:_identify(atob/venv/lib/python3.12/site-packages/pip/_internal/locations/__pycache__) by extensions ['ignore', 'ignore_ament_install']
[0.823s] Level 1:colcon.colcon_core.package_identification:_identify(atob/venv/lib/python3.12/site-packages/pip/_internal/locations/__pycache__) by extension 'ignore'
[0.823s] Level 1:colcon.colcon_core.package_identification:_identify(atob/venv/lib/python3.12/site-packages/pip/_internal/locations/__pycache__) by extension 'ignore_ament_install'
[0.823s] Level 1:colcon.colcon_core.package_identification:_identify(atob/venv/lib/python3.12/site-packages/pip/_internal/locations/__pycache__) by extensions ['colcon_pkg']
[0.823s] Level 1:colcon.colcon_core.package_identification:_identify(atob/venv/lib/python3.12/site-packages/pip/_internal/locations/__pycache__) by extension 'colcon_pkg'
[0.823s] Level 1:colcon.colcon_core.package_identification:_identify(atob/venv/lib/python3.12/site-packages/pip/_internal/locations/__pycache__) by extensions ['colcon_meta']
[0.823s] Level 1:colcon.colcon_core.package_identification:_identify(atob/venv/lib/python3.12/site-packages/pip/_internal/locations/__pycache__) by extension 'colcon_meta'
[0.823s] Level 1:colcon.colcon_core.package_identification:_identify(atob/venv/lib/python3.12/site-packages/pip/_internal/locations/__pycache__) by extensions ['ros']
[0.823s] Level 1:colcon.colcon_core.package_identification:_identify(atob/venv/lib/python3.12/site-packages/pip/_internal/locations/__pycache__) by extension 'ros'
[0.823s] Level 1:colcon.colcon_core.package_identification:_identify(atob/venv/lib/python3.12/site-packages/pip/_internal/locations/__pycache__) by extensions ['cmake', 'python']
[0.823s] Level 1:colcon.colcon_core.package_identification:_identify(atob/venv/lib/python3.12/site-packages/pip/_internal/locations/__pycache__) by extension 'cmake'
[0.823s] Level 1:colcon.colcon_core.package_identification:_identify(atob/venv/lib/python3.12/site-packages/pip/_internal/locations/__pycache__) by extension 'python'
[0.823s] Level 1:colcon.colcon_core.package_identification:_identify(atob/venv/lib/python3.12/site-packages/pip/_internal/locations/__pycache__) by extensions ['python_setup_py']
[0.823s] Level 1:colcon.colcon_core.package_identification:_identify(atob/venv/lib/python3.12/site-packages/pip/_internal/locations/__pycache__) by extension 'python_setup_py'
[0.824s] Level 1:colcon.colcon_core.package_identification:_identify(atob/venv/lib/python3.12/site-packages/pip/_internal/metadata) by extensions ['ignore', 'ignore_ament_install']
[0.824s] Level 1:colcon.colcon_core.package_identification:_identify(atob/venv/lib/python3.12/site-packages/pip/_internal/metadata) by extension 'ignore'
[0.824s] Level 1:colcon.colcon_core.package_identification:_identify(atob/venv/lib/python3.12/site-packages/pip/_internal/metadata) by extension 'ignore_ament_install'
[0.824s] Level 1:colcon.colcon_core.package_identification:_identify(atob/venv/lib/python3.12/site-packages/pip/_internal/metadata) by extensions ['colcon_pkg']
[0.824s] Level 1:colcon.colcon_core.package_identification:_identify(atob/venv/lib/python3.12/site-packages/pip/_internal/metadata) by extension 'colcon_pkg'
[0.824s] Level 1:colcon.colcon_core.package_identification:_identify(atob/venv/lib/python3.12/site-packages/pip/_internal/metadata) by extensions ['colcon_meta']
[0.824s] Level 1:colcon.colcon_core.package_identification:_identify(atob/venv/lib/python3.12/site-packages/pip/_internal/metadata) by extension 'colcon_meta'
[0.824s] Level 1:colcon.colcon_core.package_identification:_identify(atob/venv/lib/python3.12/site-packages/pip/_internal/metadata) by extensions ['ros']
[0.824s] Level 1:colcon.colcon_core.package_identification:_identify(atob/venv/lib/python3.12/site-packages/pip/_internal/metadata) by extension 'ros'
[0.825s] Level 1:colcon.colcon_core.package_identification:_identify(atob/venv/lib/python3.12/site-packages/pip/_internal/metadata) by extensions ['cmake', 'python']
[0.825s] Level 1:colcon.colcon_core.package_identification:_identify(atob/venv/lib/python3.12/site-packages/pip/_internal/metadata) by extension 'cmake'
[0.825s] Level 1:colcon.colcon_core.package_identification:_identify(atob/venv/lib/python3.12/site-packages/pip/_internal/metadata) by extension 'python'
[0.825s] Level 1:colcon.colcon_core.package_identification:_identify(atob/venv/lib/python3.12/site-packages/pip/_internal/metadata) by extensions ['python_setup_py']
[0.825s] Level 1:colcon.colcon_core.package_identification:_identify(atob/venv/lib/python3.12/site-packages/pip/_internal/metadata) by extension 'python_setup_py'
[0.825s] Level 1:colcon.colcon_core.package_identification:_identify(atob/venv/lib/python3.12/site-packages/pip/_internal/metadata/__pycache__) by extensions ['ignore', 'ignore_ament_install']
[0.825s] Level 1:colcon.colcon_core.package_identification:_identify(atob/venv/lib/python3.12/site-packages/pip/_internal/metadata/__pycache__) by extension 'ignore'
[0.825s] Level 1:colcon.colcon_core.package_identification:_identify(atob/venv/lib/python3.12/site-packages/pip/_internal/metadata/__pycache__) by extension 'ignore_ament_install'
[0.826s] Level 1:colcon.colcon_core.package_identification:_identify(atob/venv/lib/python3.12/site-packages/pip/_internal/metadata/__pycache__) by extensions ['colcon_pkg']
[0.826s] Level 1:colcon.colcon_core.package_identification:_identify(atob/venv/lib/python3.12/site-packages/pip/_internal/metadata/__pycache__) by extension 'colcon_pkg'
[0.826s] Level 1:colcon.colcon_core.package_identification:_identify(atob/venv/lib/python3.12/site-packages/pip/_internal/metadata/__pycache__) by extensions ['colcon_meta']
[0.826s] Level 1:colcon.colcon_core.package_identification:_identify(atob/venv/lib/python3.12/site-packages/pip/_internal/metadata/__pycache__) by extension 'colcon_meta'
[0.826s] Level 1:colcon.colcon_core.package_identification:_identify(atob/venv/lib/python3.12/site-packages/pip/_internal/metadata/__pycache__) by extensions ['ros']
[0.826s] Level 1:colcon.colcon_core.package_identification:_identify(atob/venv/lib/python3.12/site-packages/pip/_internal/metadata/__pycache__) by extension 'ros'
[0.826s] Level 1:colcon.colcon_core.package_identification:_identify(atob/venv/lib/python3.12/site-packages/pip/_internal/metadata/__pycache__) by extensions ['cmake', 'python']
[0.826s] Level 1:colcon.colcon_core.package_identification:_identify(atob/venv/lib/python3.12/site-packages/pip/_internal/metadata/__pycache__) by extension 'cmake'
[0.826s] Level 1:colcon.colcon_core.package_identification:_identify(atob/venv/lib/python3.12/site-packages/pip/_internal/metadata/__pycache__) by extension 'python'
[0.826s] Level 1:colcon.colcon_core.package_identification:_identify(atob/venv/lib/python3.12/site-packages/pip/_internal/metadata/__pycache__) by extensions ['python_setup_py']
[0.826s] Level 1:colcon.colcon_core.package_identification:_identify(atob/venv/lib/python3.12/site-packages/pip/_internal/metadata/__pycache__) by extension 'python_setup_py'
[0.827s] Level 1:colcon.colcon_core.package_identification:_identify(atob/venv/lib/python3.12/site-packages/pip/_internal/metadata/importlib) by extensions ['ignore', 'ignore_ament_install']
[0.827s] Level 1:colcon.colcon_core.package_identification:_identify(atob/venv/lib/python3.12/site-packages/pip/_internal/metadata/importlib) by extension 'ignore'
[0.827s] Level 1:colcon.colcon_core.package_identification:_identify(atob/venv/lib/python3.12/site-packages/pip/_internal/metadata/importlib) by extension 'ignore_ament_install'
[0.827s] Level 1:colcon.colcon_core.package_identification:_identify(atob/venv/lib/python3.12/site-packages/pip/_internal/metadata/importlib) by extensions ['colcon_pkg']
[0.827s] Level 1:colcon.colcon_core.package_identification:_identify(atob/venv/lib/python3.12/site-packages/pip/_internal/metadata/importlib) by extension 'colcon_pkg'
[0.827s] Level 1:colcon.colcon_core.package_identification:_identify(atob/venv/lib/python3.12/site-packages/pip/_internal/metadata/importlib) by extensions ['colcon_meta']
[0.827s] Level 1:colcon.colcon_core.package_identification:_identify(atob/venv/lib/python3.12/site-packages/pip/_internal/metadata/importlib) by extension 'colcon_meta'
[0.827s] Level 1:colcon.colcon_core.package_identification:_identify(atob/venv/lib/python3.12/site-packages/pip/_internal/metadata/importlib) by extensions ['ros']
[0.827s] Level 1:colcon.colcon_core.package_identification:_identify(atob/venv/lib/python3.12/site-packages/pip/_internal/metadata/importlib) by extension 'ros'
[0.827s] Level 1:colcon.colcon_core.package_identification:_identify(atob/venv/lib/python3.12/site-packages/pip/_internal/metadata/importlib) by extensions ['cmake', 'python']
[0.827s] Level 1:colcon.colcon_core.package_identification:_identify(atob/venv/lib/python3.12/site-packages/pip/_internal/metadata/importlib) by extension 'cmake'
[0.827s] Level 1:colcon.colcon_core.package_identification:_identify(atob/venv/lib/python3.12/site-packages/pip/_internal/metadata/importlib) by extension 'python'
[0.827s] Level 1:colcon.colcon_core.package_identification:_identify(atob/venv/lib/python3.12/site-packages/pip/_internal/metadata/importlib) by extensions ['python_setup_py']
[0.827s] Level 1:colcon.colcon_core.package_identification:_identify(atob/venv/lib/python3.12/site-packages/pip/_internal/metadata/importlib) by extension 'python_setup_py'
[0.828s] Level 1:colcon.colcon_core.package_identification:_identify(atob/venv/lib/python3.12/site-packages/pip/_internal/metadata/importlib/__pycache__) by extensions ['ignore', 'ignore_ament_install']
[0.828s] Level 1:colcon.colcon_core.package_identification:_identify(atob/venv/lib/python3.12/site-packages/pip/_internal/metadata/importlib/__pycache__) by extension 'ignore'
[0.828s] Level 1:colcon.colcon_core.package_identification:_identify(atob/venv/lib/python3.12/site-packages/pip/_internal/metadata/importlib/__pycache__) by extension 'ignore_ament_install'
[0.828s] Level 1:colcon.colcon_core.package_identification:_identify(atob/venv/lib/python3.12/site-packages/pip/_internal/metadata/importlib/__pycache__) by extensions ['colcon_pkg']
[0.828s] Level 1:colcon.colcon_core.package_identification:_identify(atob/venv/lib/python3.12/site-packages/pip/_internal/metadata/importlib/__pycache__) by extension 'colcon_pkg'
[0.828s] Level 1:colcon.colcon_core.package_identification:_identify(atob/venv/lib/python3.12/site-packages/pip/_internal/metadata/importlib/__pycache__) by extensions ['colcon_meta']
[0.828s] Level 1:colcon.colcon_core.package_identification:_identify(atob/venv/lib/python3.12/site-packages/pip/_internal/metadata/importlib/__pycache__) by extension 'colcon_meta'
[0.828s] Level 1:colcon.colcon_core.package_identification:_identify(atob/venv/lib/python3.12/site-packages/pip/_internal/metadata/importlib/__pycache__) by extensions ['ros']
[0.828s] Level 1:colcon.colcon_core.package_identification:_identify(atob/venv/lib/python3.12/site-packages/pip/_internal/metadata/importlib/__pycache__) by extension 'ros'
[0.829s] Level 1:colcon.colcon_core.package_identification:_identify(atob/venv/lib/python3.12/site-packages/pip/_internal/metadata/importlib/__pycache__) by extensions ['cmake', 'python']
[0.829s] Level 1:colcon.colcon_core.package_identification:_identify(atob/venv/lib/python3.12/site-packages/pip/_internal/metadata/importlib/__pycache__) by extension 'cmake'
[0.829s] Level 1:colcon.colcon_core.package_identification:_identify(atob/venv/lib/python3.12/site-packages/pip/_internal/metadata/importlib/__pycache__) by extension 'python'
[0.829s] Level 1:colcon.colcon_core.package_identification:_identify(atob/venv/lib/python3.12/site-packages/pip/_internal/metadata/importlib/__pycache__) by extensions ['python_setup_py']
[0.829s] Level 1:colcon.colcon_core.package_identification:_identify(atob/venv/lib/python3.12/site-packages/pip/_internal/metadata/importlib/__pycache__) by extension 'python_setup_py'
[0.829s] Level 1:colcon.colcon_core.package_identification:_identify(atob/venv/lib/python3.12/site-packages/pip/_internal/models) by extensions ['ignore', 'ignore_ament_install']
[0.830s] Level 1:colcon.colcon_core.package_identification:_identify(atob/venv/lib/python3.12/site-packages/pip/_internal/models) by extension 'ignore'
[0.830s] Level 1:colcon.colcon_core.package_identification:_identify(atob/venv/lib/python3.12/site-packages/pip/_internal/models) by extension 'ignore_ament_install'
[0.830s] Level 1:colcon.colcon_core.package_identification:_identify(atob/venv/lib/python3.12/site-packages/pip/_internal/models) by extensions ['colcon_pkg']
[0.830s] Level 1:colcon.colcon_core.package_identification:_identify(atob/venv/lib/python3.12/site-packages/pip/_internal/models) by extension 'colcon_pkg'
[0.830s] Level 1:colcon.colcon_core.package_identification:_identify(atob/venv/lib/python3.12/site-packages/pip/_internal/models) by extensions ['colcon_meta']
[0.830s] Level 1:colcon.colcon_core.package_identification:_identify(atob/venv/lib/python3.12/site-packages/pip/_internal/models) by extension 'colcon_meta'
[0.830s] Level 1:colcon.colcon_core.package_identification:_identify(atob/venv/lib/python3.12/site-packages/pip/_internal/models) by extensions ['ros']
[0.830s] Level 1:colcon.colcon_core.package_identification:_identify(atob/venv/lib/python3.12/site-packages/pip/_internal/models) by extension 'ros'
[0.830s] Level 1:colcon.colcon_core.package_identification:_identify(atob/venv/lib/python3.12/site-packages/pip/_internal/models) by extensions ['cmake', 'python']
[0.830s] Level 1:colcon.colcon_core.package_identification:_identify(atob/venv/lib/python3.12/site-packages/pip/_internal/models) by extension 'cmake'
[0.830s] Level 1:colcon.colcon_core.package_identification:_identify(atob/venv/lib/python3.12/site-packages/pip/_internal/models) by extension 'python'
[0.830s] Level 1:colcon.colcon_core.package_identification:_identify(atob/venv/lib/python3.12/site-packages/pip/_internal/models) by extensions ['python_setup_py']
[0.830s] Level 1:colcon.colcon_core.package_identification:_identify(atob/venv/lib/python3.12/site-packages/pip/_internal/models) by extension 'python_setup_py'
[0.831s] Level 1:colcon.colcon_core.package_identification:_identify(atob/venv/lib/python3.12/site-packages/pip/_internal/models/__pycache__) by extensions ['ignore', 'ignore_ament_install']
[0.831s] Level 1:colcon.colcon_core.package_identification:_identify(atob/venv/lib/python3.12/site-packages/pip/_internal/models/__pycache__) by extension 'ignore'
[0.831s] Level 1:colcon.colcon_core.package_identification:_identify(atob/venv/lib/python3.12/site-packages/pip/_internal/models/__pycache__) by extension 'ignore_ament_install'
[0.831s] Level 1:colcon.colcon_core.package_identification:_identify(atob/venv/lib/python3.12/site-packages/pip/_internal/models/__pycache__) by extensions ['colcon_pkg']
[0.831s] Level 1:colcon.colcon_core.package_identification:_identify(atob/venv/lib/python3.12/site-packages/pip/_internal/models/__pycache__) by extension 'colcon_pkg'
[0.831s] Level 1:colcon.colcon_core.package_identification:_identify(atob/venv/lib/python3.12/site-packages/pip/_internal/models/__pycache__) by extensions ['colcon_meta']
[0.831s] Level 1:colcon.colcon_core.package_identification:_identify(atob/venv/lib/python3.12/site-packages/pip/_internal/models/__pycache__) by extension 'colcon_meta'
[0.831s] Level 1:colcon.colcon_core.package_identification:_identify(atob/venv/lib/python3.12/site-packages/pip/_internal/models/__pycache__) by extensions ['ros']
[0.831s] Level 1:colcon.colcon_core.package_identification:_identify(atob/venv/lib/python3.12/site-packages/pip/_internal/models/__pycache__) by extension 'ros'
[0.831s] Level 1:colcon.colcon_core.package_identification:_identify(atob/venv/lib/python3.12/site-packages/pip/_internal/models/__pycache__) by extensions ['cmake', 'python']
[0.831s] Level 1:colcon.colcon_core.package_identification:_identify(atob/venv/lib/python3.12/site-packages/pip/_internal/models/__pycache__) by extension 'cmake'
[0.831s] Level 1:colcon.colcon_core.package_identification:_identify(atob/venv/lib/python3.12/site-packages/pip/_internal/models/__pycache__) by extension 'python'
[0.832s] Level 1:colcon.colcon_core.package_identification:_identify(atob/venv/lib/python3.12/site-packages/pip/_internal/models/__pycache__) by extensions ['python_setup_py']
[0.832s] Level 1:colcon.colcon_core.package_identification:_identify(atob/venv/lib/python3.12/site-packages/pip/_internal/models/__pycache__) by extension 'python_setup_py'
[0.832s] Level 1:colcon.colcon_core.package_identification:_identify(atob/venv/lib/python3.12/site-packages/pip/_internal/network) by extensions ['ignore', 'ignore_ament_install']
[0.832s] Level 1:colcon.colcon_core.package_identification:_identify(atob/venv/lib/python3.12/site-packages/pip/_internal/network) by extension 'ignore'
[0.832s] Level 1:colcon.colcon_core.package_identification:_identify(atob/venv/lib/python3.12/site-packages/pip/_internal/network) by extension 'ignore_ament_install'
[0.832s] Level 1:colcon.colcon_core.package_identification:_identify(atob/venv/lib/python3.12/site-packages/pip/_internal/network) by extensions ['colcon_pkg']
[0.832s] Level 1:colcon.colcon_core.package_identification:_identify(atob/venv/lib/python3.12/site-packages/pip/_internal/network) by extension 'colcon_pkg'
[0.832s] Level 1:colcon.colcon_core.package_identification:_identify(atob/venv/lib/python3.12/site-packages/pip/_internal/network) by extensions ['colcon_meta']
[0.832s] Level 1:colcon.colcon_core.package_identification:_identify(atob/venv/lib/python3.12/site-packages/pip/_internal/network) by extension 'colcon_meta'
[0.833s] Level 1:colcon.colcon_core.package_identification:_identify(atob/venv/lib/python3.12/site-packages/pip/_internal/network) by extensions ['ros']
[0.833s] Level 1:colcon.colcon_core.package_identification:_identify(atob/venv/lib/python3.12/site-packages/pip/_internal/network) by extension 'ros'
[0.833s] Level 1:colcon.colcon_core.package_identification:_identify(atob/venv/lib/python3.12/site-packages/pip/_internal/network) by extensions ['cmake', 'python']
[0.833s] Level 1:colcon.colcon_core.package_identification:_identify(atob/venv/lib/python3.12/site-packages/pip/_internal/network) by extension 'cmake'
[0.833s] Level 1:colcon.colcon_core.package_identification:_identify(atob/venv/lib/python3.12/site-packages/pip/_internal/network) by extension 'python'
[0.833s] Level 1:colcon.colcon_core.package_identification:_identify(atob/venv/lib/python3.12/site-packages/pip/_internal/network) by extensions ['python_setup_py']
[0.833s] Level 1:colcon.colcon_core.package_identification:_identify(atob/venv/lib/python3.12/site-packages/pip/_internal/network) by extension 'python_setup_py'
[0.833s] Level 1:colcon.colcon_core.package_identification:_identify(atob/venv/lib/python3.12/site-packages/pip/_internal/network/__pycache__) by extensions ['ignore', 'ignore_ament_install']
[0.833s] Level 1:colcon.colcon_core.package_identification:_identify(atob/venv/lib/python3.12/site-packages/pip/_internal/network/__pycache__) by extension 'ignore'
[0.833s] Level 1:colcon.colcon_core.package_identification:_identify(atob/venv/lib/python3.12/site-packages/pip/_internal/network/__pycache__) by extension 'ignore_ament_install'
[0.834s] Level 1:colcon.colcon_core.package_identification:_identify(atob/venv/lib/python3.12/site-packages/pip/_internal/network/__pycache__) by extensions ['colcon_pkg']
[0.834s] Level 1:colcon.colcon_core.package_identification:_identify(atob/venv/lib/python3.12/site-packages/pip/_internal/network/__pycache__) by extension 'colcon_pkg'
[0.834s] Level 1:colcon.colcon_core.package_identification:_identify(atob/venv/lib/python3.12/site-packages/pip/_internal/network/__pycache__) by extensions ['colcon_meta']
[0.834s] Level 1:colcon.colcon_core.package_identification:_identify(atob/venv/lib/python3.12/site-packages/pip/_internal/network/__pycache__) by extension 'colcon_meta'
[0.834s] Level 1:colcon.colcon_core.package_identification:_identify(atob/venv/lib/python3.12/site-packages/pip/_internal/network/__pycache__) by extensions ['ros']
[0.834s] Level 1:colcon.colcon_core.package_identification:_identify(atob/venv/lib/python3.12/site-packages/pip/_internal/network/__pycache__) by extension 'ros'
[0.834s] Level 1:colcon.colcon_core.package_identification:_identify(atob/venv/lib/python3.12/site-packages/pip/_internal/network/__pycache__) by extensions ['cmake', 'python']
[0.834s] Level 1:colcon.colcon_core.package_identification:_identify(atob/venv/lib/python3.12/site-packages/pip/_internal/network/__pycache__) by extension 'cmake'
[0.834s] Level 1:colcon.colcon_core.package_identification:_identify(atob/venv/lib/python3.12/site-packages/pip/_internal/network/__pycache__) by extension 'python'
[0.834s] Level 1:colcon.colcon_core.package_identification:_identify(atob/venv/lib/python3.12/site-packages/pip/_internal/network/__pycache__) by extensions ['python_setup_py']
[0.834s] Level 1:colcon.colcon_core.package_identification:_identify(atob/venv/lib/python3.12/site-packages/pip/_internal/network/__pycache__) by extension 'python_setup_py'
[0.835s] Level 1:colcon.colcon_core.package_identification:_identify(atob/venv/lib/python3.12/site-packages/pip/_internal/operations) by extensions ['ignore', 'ignore_ament_install']
[0.835s] Level 1:colcon.colcon_core.package_identification:_identify(atob/venv/lib/python3.12/site-packages/pip/_internal/operations) by extension 'ignore'
[0.835s] Level 1:colcon.colcon_core.package_identification:_identify(atob/venv/lib/python3.12/site-packages/pip/_internal/operations) by extension 'ignore_ament_install'
[0.835s] Level 1:colcon.colcon_core.package_identification:_identify(atob/venv/lib/python3.12/site-packages/pip/_internal/operations) by extensions ['colcon_pkg']
[0.835s] Level 1:colcon.colcon_core.package_identification:_identify(atob/venv/lib/python3.12/site-packages/pip/_internal/operations) by extension 'colcon_pkg'
[0.835s] Level 1:colcon.colcon_core.package_identification:_identify(atob/venv/lib/python3.12/site-packages/pip/_internal/operations) by extensions ['colcon_meta']
[0.835s] Level 1:colcon.colcon_core.package_identification:_identify(atob/venv/lib/python3.12/site-packages/pip/_internal/operations) by extension 'colcon_meta'
[0.835s] Level 1:colcon.colcon_core.package_identification:_identify(atob/venv/lib/python3.12/site-packages/pip/_internal/operations) by extensions ['ros']
[0.835s] Level 1:colcon.colcon_core.package_identification:_identify(atob/venv/lib/python3.12/site-packages/pip/_internal/operations) by extension 'ros'
[0.835s] Level 1:colcon.colcon_core.package_identification:_identify(atob/venv/lib/python3.12/site-packages/pip/_internal/operations) by extensions ['cmake', 'python']
[0.835s] Level 1:colcon.colcon_core.package_identification:_identify(atob/venv/lib/python3.12/site-packages/pip/_internal/operations) by extension 'cmake'
[0.835s] Level 1:colcon.colcon_core.package_identification:_identify(atob/venv/lib/python3.12/site-packages/pip/_internal/operations) by extension 'python'
[0.835s] Level 1:colcon.colcon_core.package_identification:_identify(atob/venv/lib/python3.12/site-packages/pip/_internal/operations) by extensions ['python_setup_py']
[0.835s] Level 1:colcon.colcon_core.package_identification:_identify(atob/venv/lib/python3.12/site-packages/pip/_internal/operations) by extension 'python_setup_py'
[0.836s] Level 1:colcon.colcon_core.package_identification:_identify(atob/venv/lib/python3.12/site-packages/pip/_internal/operations/__pycache__) by extensions ['ignore', 'ignore_ament_install']
[0.836s] Level 1:colcon.colcon_core.package_identification:_identify(atob/venv/lib/python3.12/site-packages/pip/_internal/operations/__pycache__) by extension 'ignore'
[0.836s] Level 1:colcon.colcon_core.package_identification:_identify(atob/venv/lib/python3.12/site-packages/pip/_internal/operations/__pycache__) by extension 'ignore_ament_install'
[0.836s] Level 1:colcon.colcon_core.package_identification:_identify(atob/venv/lib/python3.12/site-packages/pip/_internal/operations/__pycache__) by extensions ['colcon_pkg']
[0.836s] Level 1:colcon.colcon_core.package_identification:_identify(atob/venv/lib/python3.12/site-packages/pip/_internal/operations/__pycache__) by extension 'colcon_pkg'
[0.836s] Level 1:colcon.colcon_core.package_identification:_identify(atob/venv/lib/python3.12/site-packages/pip/_internal/operations/__pycache__) by extensions ['colcon_meta']
[0.836s] Level 1:colcon.colcon_core.package_identification:_identify(atob/venv/lib/python3.12/site-packages/pip/_internal/operations/__pycache__) by extension 'colcon_meta'
[0.836s] Level 1:colcon.colcon_core.package_identification:_identify(atob/venv/lib/python3.12/site-packages/pip/_internal/operations/__pycache__) by extensions ['ros']
[0.836s] Level 1:colcon.colcon_core.package_identification:_identify(atob/venv/lib/python3.12/site-packages/pip/_internal/operations/__pycache__) by extension 'ros'
[0.837s] Level 1:colcon.colcon_core.package_identification:_identify(atob/venv/lib/python3.12/site-packages/pip/_internal/operations/__pycache__) by extensions ['cmake', 'python']
[0.837s] Level 1:colcon.colcon_core.package_identification:_identify(atob/venv/lib/python3.12/site-packages/pip/_internal/operations/__pycache__) by extension 'cmake'
[0.837s] Level 1:colcon.colcon_core.package_identification:_identify(atob/venv/lib/python3.12/site-packages/pip/_internal/operations/__pycache__) by extension 'python'
[0.837s] Level 1:colcon.colcon_core.package_identification:_identify(atob/venv/lib/python3.12/site-packages/pip/_internal/operations/__pycache__) by extensions ['python_setup_py']
[0.837s] Level 1:colcon.colcon_core.package_identification:_identify(atob/venv/lib/python3.12/site-packages/pip/_internal/operations/__pycache__) by extension 'python_setup_py'
[0.837s] Level 1:colcon.colcon_core.package_identification:_identify(atob/venv/lib/python3.12/site-packages/pip/_internal/operations/build) by extensions ['ignore', 'ignore_ament_install']
[0.837s] Level 1:colcon.colcon_core.package_identification:_identify(atob/venv/lib/python3.12/site-packages/pip/_internal/operations/build) by extension 'ignore'
[0.837s] Level 1:colcon.colcon_core.package_identification:_identify(atob/venv/lib/python3.12/site-packages/pip/_internal/operations/build) by extension 'ignore_ament_install'
[0.837s] Level 1:colcon.colcon_core.package_identification:_identify(atob/venv/lib/python3.12/site-packages/pip/_internal/operations/build) by extensions ['colcon_pkg']
[0.837s] Level 1:colcon.colcon_core.package_identification:_identify(atob/venv/lib/python3.12/site-packages/pip/_internal/operations/build) by extension 'colcon_pkg'
[0.837s] Level 1:colcon.colcon_core.package_identification:_identify(atob/venv/lib/python3.12/site-packages/pip/_internal/operations/build) by extensions ['colcon_meta']
[0.838s] Level 1:colcon.colcon_core.package_identification:_identify(atob/venv/lib/python3.12/site-packages/pip/_internal/operations/build) by extension 'colcon_meta'
[0.838s] Level 1:colcon.colcon_core.package_identification:_identify(atob/venv/lib/python3.12/site-packages/pip/_internal/operations/build) by extensions ['ros']
[0.838s] Level 1:colcon.colcon_core.package_identification:_identify(atob/venv/lib/python3.12/site-packages/pip/_internal/operations/build) by extension 'ros'
[0.838s] Level 1:colcon.colcon_core.package_identification:_identify(atob/venv/lib/python3.12/site-packages/pip/_internal/operations/build) by extensions ['cmake', 'python']
[0.838s] Level 1:colcon.colcon_core.package_identification:_identify(atob/venv/lib/python3.12/site-packages/pip/_internal/operations/build) by extension 'cmake'
[0.838s] Level 1:colcon.colcon_core.package_identification:_identify(atob/venv/lib/python3.12/site-packages/pip/_internal/operations/build) by extension 'python'
[0.838s] Level 1:colcon.colcon_core.package_identification:_identify(atob/venv/lib/python3.12/site-packages/pip/_internal/operations/build) by extensions ['python_setup_py']
[0.838s] Level 1:colcon.colcon_core.package_identification:_identify(atob/venv/lib/python3.12/site-packages/pip/_internal/operations/build) by extension 'python_setup_py'
[0.838s] Level 1:colcon.colcon_core.package_identification:_identify(atob/venv/lib/python3.12/site-packages/pip/_internal/operations/build/__pycache__) by extensions ['ignore', 'ignore_ament_install']
[0.839s] Level 1:colcon.colcon_core.package_identification:_identify(atob/venv/lib/python3.12/site-packages/pip/_internal/operations/build/__pycache__) by extension 'ignore'
[0.839s] Level 1:colcon.colcon_core.package_identification:_identify(atob/venv/lib/python3.12/site-packages/pip/_internal/operations/build/__pycache__) by extension 'ignore_ament_install'
[0.839s] Level 1:colcon.colcon_core.package_identification:_identify(atob/venv/lib/python3.12/site-packages/pip/_internal/operations/build/__pycache__) by extensions ['colcon_pkg']
[0.839s] Level 1:colcon.colcon_core.package_identification:_identify(atob/venv/lib/python3.12/site-packages/pip/_internal/operations/build/__pycache__) by extension 'colcon_pkg'
[0.839s] Level 1:colcon.colcon_core.package_identification:_identify(atob/venv/lib/python3.12/site-packages/pip/_internal/operations/build/__pycache__) by extensions ['colcon_meta']
[0.839s] Level 1:colcon.colcon_core.package_identification:_identify(atob/venv/lib/python3.12/site-packages/pip/_internal/operations/build/__pycache__) by extension 'colcon_meta'
[0.839s] Level 1:colcon.colcon_core.package_identification:_identify(atob/venv/lib/python3.12/site-packages/pip/_internal/operations/build/__pycache__) by extensions ['ros']
[0.839s] Level 1:colcon.colcon_core.package_identification:_identify(atob/venv/lib/python3.12/site-packages/pip/_internal/operations/build/__pycache__) by extension 'ros'
[0.839s] Level 1:colcon.colcon_core.package_identification:_identify(atob/venv/lib/python3.12/site-packages/pip/_internal/operations/build/__pycache__) by extensions ['cmake', 'python']
[0.839s] Level 1:colcon.colcon_core.package_identification:_identify(atob/venv/lib/python3.12/site-packages/pip/_internal/operations/build/__pycache__) by extension 'cmake'
[0.839s] Level 1:colcon.colcon_core.package_identification:_identify(atob/venv/lib/python3.12/site-packages/pip/_internal/operations/build/__pycache__) by extension 'python'
[0.839s] Level 1:colcon.colcon_core.package_identification:_identify(atob/venv/lib/python3.12/site-packages/pip/_internal/operations/build/__pycache__) by extensions ['python_setup_py']
[0.839s] Level 1:colcon.colcon_core.package_identification:_identify(atob/venv/lib/python3.12/site-packages/pip/_internal/operations/build/__pycache__) by extension 'python_setup_py'
[0.840s] Level 1:colcon.colcon_core.package_identification:_identify(atob/venv/lib/python3.12/site-packages/pip/_internal/operations/install) by extensions ['ignore', 'ignore_ament_install']
[0.840s] Level 1:colcon.colcon_core.package_identification:_identify(atob/venv/lib/python3.12/site-packages/pip/_internal/operations/install) by extension 'ignore'
[0.840s] Level 1:colcon.colcon_core.package_identification:_identify(atob/venv/lib/python3.12/site-packages/pip/_internal/operations/install) by extension 'ignore_ament_install'
[0.840s] Level 1:colcon.colcon_core.package_identification:_identify(atob/venv/lib/python3.12/site-packages/pip/_internal/operations/install) by extensions ['colcon_pkg']
[0.840s] Level 1:colcon.colcon_core.package_identification:_identify(atob/venv/lib/python3.12/site-packages/pip/_internal/operations/install) by extension 'colcon_pkg'
[0.840s] Level 1:colcon.colcon_core.package_identification:_identify(atob/venv/lib/python3.12/site-packages/pip/_internal/operations/install) by extensions ['colcon_meta']
[0.840s] Level 1:colcon.colcon_core.package_identification:_identify(atob/venv/lib/python3.12/site-packages/pip/_internal/operations/install) by extension 'colcon_meta'
[0.840s] Level 1:colcon.colcon_core.package_identification:_identify(atob/venv/lib/python3.12/site-packages/pip/_internal/operations/install) by extensions ['ros']
[0.840s] Level 1:colcon.colcon_core.package_identification:_identify(atob/venv/lib/python3.12/site-packages/pip/_internal/operations/install) by extension 'ros'
[0.840s] Level 1:colcon.colcon_core.package_identification:_identify(atob/venv/lib/python3.12/site-packages/pip/_internal/operations/install) by extensions ['cmake', 'python']
[0.840s] Level 1:colcon.colcon_core.package_identification:_identify(atob/venv/lib/python3.12/site-packages/pip/_internal/operations/install) by extension 'cmake'
[0.840s] Level 1:colcon.colcon_core.package_identification:_identify(atob/venv/lib/python3.12/site-packages/pip/_internal/operations/install) by extension 'python'
[0.840s] Level 1:colcon.colcon_core.package_identification:_identify(atob/venv/lib/python3.12/site-packages/pip/_internal/operations/install) by extensions ['python_setup_py']
[0.840s] Level 1:colcon.colcon_core.package_identification:_identify(atob/venv/lib/python3.12/site-packages/pip/_internal/operations/install) by extension 'python_setup_py'
[0.841s] Level 1:colcon.colcon_core.package_identification:_identify(atob/venv/lib/python3.12/site-packages/pip/_internal/operations/install/__pycache__) by extensions ['ignore', 'ignore_ament_install']
[0.841s] Level 1:colcon.colcon_core.package_identification:_identify(atob/venv/lib/python3.12/site-packages/pip/_internal/operations/install/__pycache__) by extension 'ignore'
[0.841s] Level 1:colcon.colcon_core.package_identification:_identify(atob/venv/lib/python3.12/site-packages/pip/_internal/operations/install/__pycache__) by extension 'ignore_ament_install'
[0.841s] Level 1:colcon.colcon_core.package_identification:_identify(atob/venv/lib/python3.12/site-packages/pip/_internal/operations/install/__pycache__) by extensions ['colcon_pkg']
[0.841s] Level 1:colcon.colcon_core.package_identification:_identify(atob/venv/lib/python3.12/site-packages/pip/_internal/operations/install/__pycache__) by extension 'colcon_pkg'
[0.841s] Level 1:colcon.colcon_core.package_identification:_identify(atob/venv/lib/python3.12/site-packages/pip/_internal/operations/install/__pycache__) by extensions ['colcon_meta']
[0.841s] Level 1:colcon.colcon_core.package_identification:_identify(atob/venv/lib/python3.12/site-packages/pip/_internal/operations/install/__pycache__) by extension 'colcon_meta'
[0.841s] Level 1:colcon.colcon_core.package_identification:_identify(atob/venv/lib/python3.12/site-packages/pip/_internal/operations/install/__pycache__) by extensions ['ros']
[0.841s] Level 1:colcon.colcon_core.package_identification:_identify(atob/venv/lib/python3.12/site-packages/pip/_internal/operations/install/__pycache__) by extension 'ros'
[0.842s] Level 1:colcon.colcon_core.package_identification:_identify(atob/venv/lib/python3.12/site-packages/pip/_internal/operations/install/__pycache__) by extensions ['cmake', 'python']
[0.842s] Level 1:colcon.colcon_core.package_identification:_identify(atob/venv/lib/python3.12/site-packages/pip/_internal/operations/install/__pycache__) by extension 'cmake'
[0.842s] Level 1:colcon.colcon_core.package_identification:_identify(atob/venv/lib/python3.12/site-packages/pip/_internal/operations/install/__pycache__) by extension 'python'
[0.842s] Level 1:colcon.colcon_core.package_identification:_identify(atob/venv/lib/python3.12/site-packages/pip/_internal/operations/install/__pycache__) by extensions ['python_setup_py']
[0.842s] Level 1:colcon.colcon_core.package_identification:_identify(atob/venv/lib/python3.12/site-packages/pip/_internal/operations/install/__pycache__) by extension 'python_setup_py'
[0.842s] Level 1:colcon.colcon_core.package_identification:_identify(atob/venv/lib/python3.12/site-packages/pip/_internal/req) by extensions ['ignore', 'ignore_ament_install']
[0.842s] Level 1:colcon.colcon_core.package_identification:_identify(atob/venv/lib/python3.12/site-packages/pip/_internal/req) by extension 'ignore'
[0.842s] Level 1:colcon.colcon_core.package_identification:_identify(atob/venv/lib/python3.12/site-packages/pip/_internal/req) by extension 'ignore_ament_install'
[0.842s] Level 1:colcon.colcon_core.package_identification:_identify(atob/venv/lib/python3.12/site-packages/pip/_internal/req) by extensions ['colcon_pkg']
[0.843s] Level 1:colcon.colcon_core.package_identification:_identify(atob/venv/lib/python3.12/site-packages/pip/_internal/req) by extension 'colcon_pkg'
[0.843s] Level 1:colcon.colcon_core.package_identification:_identify(atob/venv/lib/python3.12/site-packages/pip/_internal/req) by extensions ['colcon_meta']
[0.843s] Level 1:colcon.colcon_core.package_identification:_identify(atob/venv/lib/python3.12/site-packages/pip/_internal/req) by extension 'colcon_meta'
[0.843s] Level 1:colcon.colcon_core.package_identification:_identify(atob/venv/lib/python3.12/site-packages/pip/_internal/req) by extensions ['ros']
[0.843s] Level 1:colcon.colcon_core.package_identification:_identify(atob/venv/lib/python3.12/site-packages/pip/_internal/req) by extension 'ros'
[0.843s] Level 1:colcon.colcon_core.package_identification:_identify(atob/venv/lib/python3.12/site-packages/pip/_internal/req) by extensions ['cmake', 'python']
[0.843s] Level 1:colcon.colcon_core.package_identification:_identify(atob/venv/lib/python3.12/site-packages/pip/_internal/req) by extension 'cmake'
[0.843s] Level 1:colcon.colcon_core.package_identification:_identify(atob/venv/lib/python3.12/site-packages/pip/_internal/req) by extension 'python'
[0.843s] Level 1:colcon.colcon_core.package_identification:_identify(atob/venv/lib/python3.12/site-packages/pip/_internal/req) by extensions ['python_setup_py']
[0.843s] Level 1:colcon.colcon_core.package_identification:_identify(atob/venv/lib/python3.12/site-packages/pip/_internal/req) by extension 'python_setup_py'
[0.843s] Level 1:colcon.colcon_core.package_identification:_identify(atob/venv/lib/python3.12/site-packages/pip/_internal/req/__pycache__) by extensions ['ignore', 'ignore_ament_install']
[0.844s] Level 1:colcon.colcon_core.package_identification:_identify(atob/venv/lib/python3.12/site-packages/pip/_internal/req/__pycache__) by extension 'ignore'
[0.844s] Level 1:colcon.colcon_core.package_identification:_identify(atob/venv/lib/python3.12/site-packages/pip/_internal/req/__pycache__) by extension 'ignore_ament_install'
[0.844s] Level 1:colcon.colcon_core.package_identification:_identify(atob/venv/lib/python3.12/site-packages/pip/_internal/req/__pycache__) by extensions ['colcon_pkg']
[0.844s] Level 1:colcon.colcon_core.package_identification:_identify(atob/venv/lib/python3.12/site-packages/pip/_internal/req/__pycache__) by extension 'colcon_pkg'
[0.844s] Level 1:colcon.colcon_core.package_identification:_identify(atob/venv/lib/python3.12/site-packages/pip/_internal/req/__pycache__) by extensions ['colcon_meta']
[0.844s] Level 1:colcon.colcon_core.package_identification:_identify(atob/venv/lib/python3.12/site-packages/pip/_internal/req/__pycache__) by extension 'colcon_meta'
[0.844s] Level 1:colcon.colcon_core.package_identification:_identify(atob/venv/lib/python3.12/site-packages/pip/_internal/req/__pycache__) by extensions ['ros']
[0.844s] Level 1:colcon.colcon_core.package_identification:_identify(atob/venv/lib/python3.12/site-packages/pip/_internal/req/__pycache__) by extension 'ros'
[0.844s] Level 1:colcon.colcon_core.package_identification:_identify(atob/venv/lib/python3.12/site-packages/pip/_internal/req/__pycache__) by extensions ['cmake', 'python']
[0.844s] Level 1:colcon.colcon_core.package_identification:_identify(atob/venv/lib/python3.12/site-packages/pip/_internal/req/__pycache__) by extension 'cmake'
[0.844s] Level 1:colcon.colcon_core.package_identification:_identify(atob/venv/lib/python3.12/site-packages/pip/_internal/req/__pycache__) by extension 'python'
[0.844s] Level 1:colcon.colcon_core.package_identification:_identify(atob/venv/lib/python3.12/site-packages/pip/_internal/req/__pycache__) by extensions ['python_setup_py']
[0.844s] Level 1:colcon.colcon_core.package_identification:_identify(atob/venv/lib/python3.12/site-packages/pip/_internal/req/__pycache__) by extension 'python_setup_py'
[0.845s] Level 1:colcon.colcon_core.package_identification:_identify(atob/venv/lib/python3.12/site-packages/pip/_internal/resolution) by extensions ['ignore', 'ignore_ament_install']
[0.845s] Level 1:colcon.colcon_core.package_identification:_identify(atob/venv/lib/python3.12/site-packages/pip/_internal/resolution) by extension 'ignore'
[0.845s] Level 1:colcon.colcon_core.package_identification:_identify(atob/venv/lib/python3.12/site-packages/pip/_internal/resolution) by extension 'ignore_ament_install'
[0.845s] Level 1:colcon.colcon_core.package_identification:_identify(atob/venv/lib/python3.12/site-packages/pip/_internal/resolution) by extensions ['colcon_pkg']
[0.845s] Level 1:colcon.colcon_core.package_identification:_identify(atob/venv/lib/python3.12/site-packages/pip/_internal/resolution) by extension 'colcon_pkg'
[0.845s] Level 1:colcon.colcon_core.package_identification:_identify(atob/venv/lib/python3.12/site-packages/pip/_internal/resolution) by extensions ['colcon_meta']
[0.845s] Level 1:colcon.colcon_core.package_identification:_identify(atob/venv/lib/python3.12/site-packages/pip/_internal/resolution) by extension 'colcon_meta'
[0.845s] Level 1:colcon.colcon_core.package_identification:_identify(atob/venv/lib/python3.12/site-packages/pip/_internal/resolution) by extensions ['ros']
[0.845s] Level 1:colcon.colcon_core.package_identification:_identify(atob/venv/lib/python3.12/site-packages/pip/_internal/resolution) by extension 'ros'
[0.845s] Level 1:colcon.colcon_core.package_identification:_identify(atob/venv/lib/python3.12/site-packages/pip/_internal/resolution) by extensions ['cmake', 'python']
[0.845s] Level 1:colcon.colcon_core.package_identification:_identify(atob/venv/lib/python3.12/site-packages/pip/_internal/resolution) by extension 'cmake'
[0.845s] Level 1:colcon.colcon_core.package_identification:_identify(atob/venv/lib/python3.12/site-packages/pip/_internal/resolution) by extension 'python'
[0.845s] Level 1:colcon.colcon_core.package_identification:_identify(atob/venv/lib/python3.12/site-packages/pip/_internal/resolution) by extensions ['python_setup_py']
[0.845s] Level 1:colcon.colcon_core.package_identification:_identify(atob/venv/lib/python3.12/site-packages/pip/_internal/resolution) by extension 'python_setup_py'
[0.846s] Level 1:colcon.colcon_core.package_identification:_identify(atob/venv/lib/python3.12/site-packages/pip/_internal/resolution/__pycache__) by extensions ['ignore', 'ignore_ament_install']
[0.846s] Level 1:colcon.colcon_core.package_identification:_identify(atob/venv/lib/python3.12/site-packages/pip/_internal/resolution/__pycache__) by extension 'ignore'
[0.846s] Level 1:colcon.colcon_core.package_identification:_identify(atob/venv/lib/python3.12/site-packages/pip/_internal/resolution/__pycache__) by extension 'ignore_ament_install'
[0.846s] Level 1:colcon.colcon_core.package_identification:_identify(atob/venv/lib/python3.12/site-packages/pip/_internal/resolution/__pycache__) by extensions ['colcon_pkg']
[0.846s] Level 1:colcon.colcon_core.package_identification:_identify(atob/venv/lib/python3.12/site-packages/pip/_internal/resolution/__pycache__) by extension 'colcon_pkg'
[0.846s] Level 1:colcon.colcon_core.package_identification:_identify(atob/venv/lib/python3.12/site-packages/pip/_internal/resolution/__pycache__) by extensions ['colcon_meta']
[0.846s] Level 1:colcon.colcon_core.package_identification:_identify(atob/venv/lib/python3.12/site-packages/pip/_internal/resolution/__pycache__) by extension 'colcon_meta'
[0.846s] Level 1:colcon.colcon_core.package_identification:_identify(atob/venv/lib/python3.12/site-packages/pip/_internal/resolution/__pycache__) by extensions ['ros']
[0.846s] Level 1:colcon.colcon_core.package_identification:_identify(atob/venv/lib/python3.12/site-packages/pip/_internal/resolution/__pycache__) by extension 'ros'
[0.847s] Level 1:colcon.colcon_core.package_identification:_identify(atob/venv/lib/python3.12/site-packages/pip/_internal/resolution/__pycache__) by extensions ['cmake', 'python']
[0.847s] Level 1:colcon.colcon_core.package_identification:_identify(atob/venv/lib/python3.12/site-packages/pip/_internal/resolution/__pycache__) by extension 'cmake'
[0.847s] Level 1:colcon.colcon_core.package_identification:_identify(atob/venv/lib/python3.12/site-packages/pip/_internal/resolution/__pycache__) by extension 'python'
[0.847s] Level 1:colcon.colcon_core.package_identification:_identify(atob/venv/lib/python3.12/site-packages/pip/_internal/resolution/__pycache__) by extensions ['python_setup_py']
[0.847s] Level 1:colcon.colcon_core.package_identification:_identify(atob/venv/lib/python3.12/site-packages/pip/_internal/resolution/__pycache__) by extension 'python_setup_py'
[0.847s] Level 1:colcon.colcon_core.package_identification:_identify(atob/venv/lib/python3.12/site-packages/pip/_internal/resolution/legacy) by extensions ['ignore', 'ignore_ament_install']
[0.847s] Level 1:colcon.colcon_core.package_identification:_identify(atob/venv/lib/python3.12/site-packages/pip/_internal/resolution/legacy) by extension 'ignore'
[0.847s] Level 1:colcon.colcon_core.package_identification:_identify(atob/venv/lib/python3.12/site-packages/pip/_internal/resolution/legacy) by extension 'ignore_ament_install'
[0.848s] Level 1:colcon.colcon_core.package_identification:_identify(atob/venv/lib/python3.12/site-packages/pip/_internal/resolution/legacy) by extensions ['colcon_pkg']
[0.848s] Level 1:colcon.colcon_core.package_identification:_identify(atob/venv/lib/python3.12/site-packages/pip/_internal/resolution/legacy) by extension 'colcon_pkg'
[0.848s] Level 1:colcon.colcon_core.package_identification:_identify(atob/venv/lib/python3.12/site-packages/pip/_internal/resolution/legacy) by extensions ['colcon_meta']
[0.848s] Level 1:colcon.colcon_core.package_identification:_identify(atob/venv/lib/python3.12/site-packages/pip/_internal/resolution/legacy) by extension 'colcon_meta'
[0.848s] Level 1:colcon.colcon_core.package_identification:_identify(atob/venv/lib/python3.12/site-packages/pip/_internal/resolution/legacy) by extensions ['ros']
[0.848s] Level 1:colcon.colcon_core.package_identification:_identify(atob/venv/lib/python3.12/site-packages/pip/_internal/resolution/legacy) by extension 'ros'
[0.848s] Level 1:colcon.colcon_core.package_identification:_identify(atob/venv/lib/python3.12/site-packages/pip/_internal/resolution/legacy) by extensions ['cmake', 'python']
[0.848s] Level 1:colcon.colcon_core.package_identification:_identify(atob/venv/lib/python3.12/site-packages/pip/_internal/resolution/legacy) by extension 'cmake'
[0.848s] Level 1:colcon.colcon_core.package_identification:_identify(atob/venv/lib/python3.12/site-packages/pip/_internal/resolution/legacy) by extension 'python'
[0.848s] Level 1:colcon.colcon_core.package_identification:_identify(atob/venv/lib/python3.12/site-packages/pip/_internal/resolution/legacy) by extensions ['python_setup_py']
[0.848s] Level 1:colcon.colcon_core.package_identification:_identify(atob/venv/lib/python3.12/site-packages/pip/_internal/resolution/legacy) by extension 'python_setup_py'
[0.849s] Level 1:colcon.colcon_core.package_identification:_identify(atob/venv/lib/python3.12/site-packages/pip/_internal/resolution/legacy/__pycache__) by extensions ['ignore', 'ignore_ament_install']
[0.849s] Level 1:colcon.colcon_core.package_identification:_identify(atob/venv/lib/python3.12/site-packages/pip/_internal/resolution/legacy/__pycache__) by extension 'ignore'
[0.849s] Level 1:colcon.colcon_core.package_identification:_identify(atob/venv/lib/python3.12/site-packages/pip/_internal/resolution/legacy/__pycache__) by extension 'ignore_ament_install'
[0.849s] Level 1:colcon.colcon_core.package_identification:_identify(atob/venv/lib/python3.12/site-packages/pip/_internal/resolution/legacy/__pycache__) by extensions ['colcon_pkg']
[0.849s] Level 1:colcon.colcon_core.package_identification:_identify(atob/venv/lib/python3.12/site-packages/pip/_internal/resolution/legacy/__pycache__) by extension 'colcon_pkg'
[0.849s] Level 1:colcon.colcon_core.package_identification:_identify(atob/venv/lib/python3.12/site-packages/pip/_internal/resolution/legacy/__pycache__) by extensions ['colcon_meta']
[0.849s] Level 1:colcon.colcon_core.package_identification:_identify(atob/venv/lib/python3.12/site-packages/pip/_internal/resolution/legacy/__pycache__) by extension 'colcon_meta'
[0.849s] Level 1:colcon.colcon_core.package_identification:_identify(atob/venv/lib/python3.12/site-packages/pip/_internal/resolution/legacy/__pycache__) by extensions ['ros']
[0.849s] Level 1:colcon.colcon_core.package_identification:_identify(atob/venv/lib/python3.12/site-packages/pip/_internal/resolution/legacy/__pycache__) by extension 'ros'
[0.849s] Level 1:colcon.colcon_core.package_identification:_identify(atob/venv/lib/python3.12/site-packages/pip/_internal/resolution/legacy/__pycache__) by extensions ['cmake', 'python']
[0.849s] Level 1:colcon.colcon_core.package_identification:_identify(atob/venv/lib/python3.12/site-packages/pip/_internal/resolution/legacy/__pycache__) by extension 'cmake'
[0.849s] Level 1:colcon.colcon_core.package_identification:_identify(atob/venv/lib/python3.12/site-packages/pip/_internal/resolution/legacy/__pycache__) by extension 'python'
[0.849s] Level 1:colcon.colcon_core.package_identification:_identify(atob/venv/lib/python3.12/site-packages/pip/_internal/resolution/legacy/__pycache__) by extensions ['python_setup_py']
[0.849s] Level 1:colcon.colcon_core.package_identification:_identify(atob/venv/lib/python3.12/site-packages/pip/_internal/resolution/legacy/__pycache__) by extension 'python_setup_py'
[0.850s] Level 1:colcon.colcon_core.package_identification:_identify(atob/venv/lib/python3.12/site-packages/pip/_internal/resolution/resolvelib) by extensions ['ignore', 'ignore_ament_install']
[0.850s] Level 1:colcon.colcon_core.package_identification:_identify(atob/venv/lib/python3.12/site-packages/pip/_internal/resolution/resolvelib) by extension 'ignore'
[0.850s] Level 1:colcon.colcon_core.package_identification:_identify(atob/venv/lib/python3.12/site-packages/pip/_internal/resolution/resolvelib) by extension 'ignore_ament_install'
[0.850s] Level 1:colcon.colcon_core.package_identification:_identify(atob/venv/lib/python3.12/site-packages/pip/_internal/resolution/resolvelib) by extensions ['colcon_pkg']
[0.850s] Level 1:colcon.colcon_core.package_identification:_identify(atob/venv/lib/python3.12/site-packages/pip/_internal/resolution/resolvelib) by extension 'colcon_pkg'
[0.850s] Level 1:colcon.colcon_core.package_identification:_identify(atob/venv/lib/python3.12/site-packages/pip/_internal/resolution/resolvelib) by extensions ['colcon_meta']
[0.850s] Level 1:colcon.colcon_core.package_identification:_identify(atob/venv/lib/python3.12/site-packages/pip/_internal/resolution/resolvelib) by extension 'colcon_meta'
[0.850s] Level 1:colcon.colcon_core.package_identification:_identify(atob/venv/lib/python3.12/site-packages/pip/_internal/resolution/resolvelib) by extensions ['ros']
[0.850s] Level 1:colcon.colcon_core.package_identification:_identify(atob/venv/lib/python3.12/site-packages/pip/_internal/resolution/resolvelib) by extension 'ros'
[0.850s] Level 1:colcon.colcon_core.package_identification:_identify(atob/venv/lib/python3.12/site-packages/pip/_internal/resolution/resolvelib) by extensions ['cmake', 'python']
[0.850s] Level 1:colcon.colcon_core.package_identification:_identify(atob/venv/lib/python3.12/site-packages/pip/_internal/resolution/resolvelib) by extension 'cmake'
[0.851s] Level 1:colcon.colcon_core.package_identification:_identify(atob/venv/lib/python3.12/site-packages/pip/_internal/resolution/resolvelib) by extension 'python'
[0.851s] Level 1:colcon.colcon_core.package_identification:_identify(atob/venv/lib/python3.12/site-packages/pip/_internal/resolution/resolvelib) by extensions ['python_setup_py']
[0.851s] Level 1:colcon.colcon_core.package_identification:_identify(atob/venv/lib/python3.12/site-packages/pip/_internal/resolution/resolvelib) by extension 'python_setup_py'
[0.851s] Level 1:colcon.colcon_core.package_identification:_identify(atob/venv/lib/python3.12/site-packages/pip/_internal/resolution/resolvelib/__pycache__) by extensions ['ignore', 'ignore_ament_install']
[0.851s] Level 1:colcon.colcon_core.package_identification:_identify(atob/venv/lib/python3.12/site-packages/pip/_internal/resolution/resolvelib/__pycache__) by extension 'ignore'
[0.851s] Level 1:colcon.colcon_core.package_identification:_identify(atob/venv/lib/python3.12/site-packages/pip/_internal/resolution/resolvelib/__pycache__) by extension 'ignore_ament_install'
[0.851s] Level 1:colcon.colcon_core.package_identification:_identify(atob/venv/lib/python3.12/site-packages/pip/_internal/resolution/resolvelib/__pycache__) by extensions ['colcon_pkg']
[0.851s] Level 1:colcon.colcon_core.package_identification:_identify(atob/venv/lib/python3.12/site-packages/pip/_internal/resolution/resolvelib/__pycache__) by extension 'colcon_pkg'
[0.851s] Level 1:colcon.colcon_core.package_identification:_identify(atob/venv/lib/python3.12/site-packages/pip/_internal/resolution/resolvelib/__pycache__) by extensions ['colcon_meta']
[0.852s] Level 1:colcon.colcon_core.package_identification:_identify(atob/venv/lib/python3.12/site-packages/pip/_internal/resolution/resolvelib/__pycache__) by extension 'colcon_meta'
[0.852s] Level 1:colcon.colcon_core.package_identification:_identify(atob/venv/lib/python3.12/site-packages/pip/_internal/resolution/resolvelib/__pycache__) by extensions ['ros']
[0.852s] Level 1:colcon.colcon_core.package_identification:_identify(atob/venv/lib/python3.12/site-packages/pip/_internal/resolution/resolvelib/__pycache__) by extension 'ros'
[0.852s] Level 1:colcon.colcon_core.package_identification:_identify(atob/venv/lib/python3.12/site-packages/pip/_internal/resolution/resolvelib/__pycache__) by extensions ['cmake', 'python']
[0.852s] Level 1:colcon.colcon_core.package_identification:_identify(atob/venv/lib/python3.12/site-packages/pip/_internal/resolution/resolvelib/__pycache__) by extension 'cmake'
[0.852s] Level 1:colcon.colcon_core.package_identification:_identify(atob/venv/lib/python3.12/site-packages/pip/_internal/resolution/resolvelib/__pycache__) by extension 'python'
[0.852s] Level 1:colcon.colcon_core.package_identification:_identify(atob/venv/lib/python3.12/site-packages/pip/_internal/resolution/resolvelib/__pycache__) by extensions ['python_setup_py']
[0.852s] Level 1:colcon.colcon_core.package_identification:_identify(atob/venv/lib/python3.12/site-packages/pip/_internal/resolution/resolvelib/__pycache__) by extension 'python_setup_py'
[0.852s] Level 1:colcon.colcon_core.package_identification:_identify(atob/venv/lib/python3.12/site-packages/pip/_internal/utils) by extensions ['ignore', 'ignore_ament_install']
[0.852s] Level 1:colcon.colcon_core.package_identification:_identify(atob/venv/lib/python3.12/site-packages/pip/_internal/utils) by extension 'ignore'
[0.853s] Level 1:colcon.colcon_core.package_identification:_identify(atob/venv/lib/python3.12/site-packages/pip/_internal/utils) by extension 'ignore_ament_install'
[0.853s] Level 1:colcon.colcon_core.package_identification:_identify(atob/venv/lib/python3.12/site-packages/pip/_internal/utils) by extensions ['colcon_pkg']
[0.853s] Level 1:colcon.colcon_core.package_identification:_identify(atob/venv/lib/python3.12/site-packages/pip/_internal/utils) by extension 'colcon_pkg'
[0.853s] Level 1:colcon.colcon_core.package_identification:_identify(atob/venv/lib/python3.12/site-packages/pip/_internal/utils) by extensions ['colcon_meta']
[0.853s] Level 1:colcon.colcon_core.package_identification:_identify(atob/venv/lib/python3.12/site-packages/pip/_internal/utils) by extension 'colcon_meta'
[0.853s] Level 1:colcon.colcon_core.package_identification:_identify(atob/venv/lib/python3.12/site-packages/pip/_internal/utils) by extensions ['ros']
[0.853s] Level 1:colcon.colcon_core.package_identification:_identify(atob/venv/lib/python3.12/site-packages/pip/_internal/utils) by extension 'ros'
[0.853s] Level 1:colcon.colcon_core.package_identification:_identify(atob/venv/lib/python3.12/site-packages/pip/_internal/utils) by extensions ['cmake', 'python']
[0.853s] Level 1:colcon.colcon_core.package_identification:_identify(atob/venv/lib/python3.12/site-packages/pip/_internal/utils) by extension 'cmake'
[0.853s] Level 1:colcon.colcon_core.package_identification:_identify(atob/venv/lib/python3.12/site-packages/pip/_internal/utils) by extension 'python'
[0.854s] Level 1:colcon.colcon_core.package_identification:_identify(atob/venv/lib/python3.12/site-packages/pip/_internal/utils) by extensions ['python_setup_py']
[0.854s] Level 1:colcon.colcon_core.package_identification:_identify(atob/venv/lib/python3.12/site-packages/pip/_internal/utils) by extension 'python_setup_py'
[0.854s] Level 1:colcon.colcon_core.package_identification:_identify(atob/venv/lib/python3.12/site-packages/pip/_internal/utils/__pycache__) by extensions ['ignore', 'ignore_ament_install']
[0.854s] Level 1:colcon.colcon_core.package_identification:_identify(atob/venv/lib/python3.12/site-packages/pip/_internal/utils/__pycache__) by extension 'ignore'
[0.854s] Level 1:colcon.colcon_core.package_identification:_identify(atob/venv/lib/python3.12/site-packages/pip/_internal/utils/__pycache__) by extension 'ignore_ament_install'
[0.854s] Level 1:colcon.colcon_core.package_identification:_identify(atob/venv/lib/python3.12/site-packages/pip/_internal/utils/__pycache__) by extensions ['colcon_pkg']
[0.854s] Level 1:colcon.colcon_core.package_identification:_identify(atob/venv/lib/python3.12/site-packages/pip/_internal/utils/__pycache__) by extension 'colcon_pkg'
[0.854s] Level 1:colcon.colcon_core.package_identification:_identify(atob/venv/lib/python3.12/site-packages/pip/_internal/utils/__pycache__) by extensions ['colcon_meta']
[0.855s] Level 1:colcon.colcon_core.package_identification:_identify(atob/venv/lib/python3.12/site-packages/pip/_internal/utils/__pycache__) by extension 'colcon_meta'
[0.855s] Level 1:colcon.colcon_core.package_identification:_identify(atob/venv/lib/python3.12/site-packages/pip/_internal/utils/__pycache__) by extensions ['ros']
[0.855s] Level 1:colcon.colcon_core.package_identification:_identify(atob/venv/lib/python3.12/site-packages/pip/_internal/utils/__pycache__) by extension 'ros'
[0.855s] Level 1:colcon.colcon_core.package_identification:_identify(atob/venv/lib/python3.12/site-packages/pip/_internal/utils/__pycache__) by extensions ['cmake', 'python']
[0.855s] Level 1:colcon.colcon_core.package_identification:_identify(atob/venv/lib/python3.12/site-packages/pip/_internal/utils/__pycache__) by extension 'cmake'
[0.855s] Level 1:colcon.colcon_core.package_identification:_identify(atob/venv/lib/python3.12/site-packages/pip/_internal/utils/__pycache__) by extension 'python'
[0.855s] Level 1:colcon.colcon_core.package_identification:_identify(atob/venv/lib/python3.12/site-packages/pip/_internal/utils/__pycache__) by extensions ['python_setup_py']
[0.855s] Level 1:colcon.colcon_core.package_identification:_identify(atob/venv/lib/python3.12/site-packages/pip/_internal/utils/__pycache__) by extension 'python_setup_py'
[0.855s] Level 1:colcon.colcon_core.package_identification:_identify(atob/venv/lib/python3.12/site-packages/pip/_internal/vcs) by extensions ['ignore', 'ignore_ament_install']
[0.856s] Level 1:colcon.colcon_core.package_identification:_identify(atob/venv/lib/python3.12/site-packages/pip/_internal/vcs) by extension 'ignore'
[0.856s] Level 1:colcon.colcon_core.package_identification:_identify(atob/venv/lib/python3.12/site-packages/pip/_internal/vcs) by extension 'ignore_ament_install'
[0.856s] Level 1:colcon.colcon_core.package_identification:_identify(atob/venv/lib/python3.12/site-packages/pip/_internal/vcs) by extensions ['colcon_pkg']
[0.856s] Level 1:colcon.colcon_core.package_identification:_identify(atob/venv/lib/python3.12/site-packages/pip/_internal/vcs) by extension 'colcon_pkg'
[0.856s] Level 1:colcon.colcon_core.package_identification:_identify(atob/venv/lib/python3.12/site-packages/pip/_internal/vcs) by extensions ['colcon_meta']
[0.856s] Level 1:colcon.colcon_core.package_identification:_identify(atob/venv/lib/python3.12/site-packages/pip/_internal/vcs) by extension 'colcon_meta'
[0.856s] Level 1:colcon.colcon_core.package_identification:_identify(atob/venv/lib/python3.12/site-packages/pip/_internal/vcs) by extensions ['ros']
[0.856s] Level 1:colcon.colcon_core.package_identification:_identify(atob/venv/lib/python3.12/site-packages/pip/_internal/vcs) by extension 'ros'
[0.856s] Level 1:colcon.colcon_core.package_identification:_identify(atob/venv/lib/python3.12/site-packages/pip/_internal/vcs) by extensions ['cmake', 'python']
[0.856s] Level 1:colcon.colcon_core.package_identification:_identify(atob/venv/lib/python3.12/site-packages/pip/_internal/vcs) by extension 'cmake'
[0.856s] Level 1:colcon.colcon_core.package_identification:_identify(atob/venv/lib/python3.12/site-packages/pip/_internal/vcs) by extension 'python'
[0.856s] Level 1:colcon.colcon_core.package_identification:_identify(atob/venv/lib/python3.12/site-packages/pip/_internal/vcs) by extensions ['python_setup_py']
[0.856s] Level 1:colcon.colcon_core.package_identification:_identify(atob/venv/lib/python3.12/site-packages/pip/_internal/vcs) by extension 'python_setup_py'
[0.857s] Level 1:colcon.colcon_core.package_identification:_identify(atob/venv/lib/python3.12/site-packages/pip/_internal/vcs/__pycache__) by extensions ['ignore', 'ignore_ament_install']
[0.857s] Level 1:colcon.colcon_core.package_identification:_identify(atob/venv/lib/python3.12/site-packages/pip/_internal/vcs/__pycache__) by extension 'ignore'
[0.857s] Level 1:colcon.colcon_core.package_identification:_identify(atob/venv/lib/python3.12/site-packages/pip/_internal/vcs/__pycache__) by extension 'ignore_ament_install'
[0.857s] Level 1:colcon.colcon_core.package_identification:_identify(atob/venv/lib/python3.12/site-packages/pip/_internal/vcs/__pycache__) by extensions ['colcon_pkg']
[0.857s] Level 1:colcon.colcon_core.package_identification:_identify(atob/venv/lib/python3.12/site-packages/pip/_internal/vcs/__pycache__) by extension 'colcon_pkg'
[0.857s] Level 1:colcon.colcon_core.package_identification:_identify(atob/venv/lib/python3.12/site-packages/pip/_internal/vcs/__pycache__) by extensions ['colcon_meta']
[0.857s] Level 1:colcon.colcon_core.package_identification:_identify(atob/venv/lib/python3.12/site-packages/pip/_internal/vcs/__pycache__) by extension 'colcon_meta'
[0.857s] Level 1:colcon.colcon_core.package_identification:_identify(atob/venv/lib/python3.12/site-packages/pip/_internal/vcs/__pycache__) by extensions ['ros']
[0.857s] Level 1:colcon.colcon_core.package_identification:_identify(atob/venv/lib/python3.12/site-packages/pip/_internal/vcs/__pycache__) by extension 'ros'
[0.857s] Level 1:colcon.colcon_core.package_identification:_identify(atob/venv/lib/python3.12/site-packages/pip/_internal/vcs/__pycache__) by extensions ['cmake', 'python']
[0.857s] Level 1:colcon.colcon_core.package_identification:_identify(atob/venv/lib/python3.12/site-packages/pip/_internal/vcs/__pycache__) by extension 'cmake'
[0.857s] Level 1:colcon.colcon_core.package_identification:_identify(atob/venv/lib/python3.12/site-packages/pip/_internal/vcs/__pycache__) by extension 'python'
[0.858s] Level 1:colcon.colcon_core.package_identification:_identify(atob/venv/lib/python3.12/site-packages/pip/_internal/vcs/__pycache__) by extensions ['python_setup_py']
[0.858s] Level 1:colcon.colcon_core.package_identification:_identify(atob/venv/lib/python3.12/site-packages/pip/_internal/vcs/__pycache__) by extension 'python_setup_py'
[0.858s] Level 1:colcon.colcon_core.package_identification:_identify(atob/venv/lib/python3.12/site-packages/pip/_vendor) by extensions ['ignore', 'ignore_ament_install']
[0.858s] Level 1:colcon.colcon_core.package_identification:_identify(atob/venv/lib/python3.12/site-packages/pip/_vendor) by extension 'ignore'
[0.858s] Level 1:colcon.colcon_core.package_identification:_identify(atob/venv/lib/python3.12/site-packages/pip/_vendor) by extension 'ignore_ament_install'
[0.858s] Level 1:colcon.colcon_core.package_identification:_identify(atob/venv/lib/python3.12/site-packages/pip/_vendor) by extensions ['colcon_pkg']
[0.858s] Level 1:colcon.colcon_core.package_identification:_identify(atob/venv/lib/python3.12/site-packages/pip/_vendor) by extension 'colcon_pkg'
[0.858s] Level 1:colcon.colcon_core.package_identification:_identify(atob/venv/lib/python3.12/site-packages/pip/_vendor) by extensions ['colcon_meta']
[0.858s] Level 1:colcon.colcon_core.package_identification:_identify(atob/venv/lib/python3.12/site-packages/pip/_vendor) by extension 'colcon_meta'
[0.858s] Level 1:colcon.colcon_core.package_identification:_identify(atob/venv/lib/python3.12/site-packages/pip/_vendor) by extensions ['ros']
[0.859s] Level 1:colcon.colcon_core.package_identification:_identify(atob/venv/lib/python3.12/site-packages/pip/_vendor) by extension 'ros'
[0.859s] Level 1:colcon.colcon_core.package_identification:_identify(atob/venv/lib/python3.12/site-packages/pip/_vendor) by extensions ['cmake', 'python']
[0.859s] Level 1:colcon.colcon_core.package_identification:_identify(atob/venv/lib/python3.12/site-packages/pip/_vendor) by extension 'cmake'
[0.859s] Level 1:colcon.colcon_core.package_identification:_identify(atob/venv/lib/python3.12/site-packages/pip/_vendor) by extension 'python'
[0.859s] Level 1:colcon.colcon_core.package_identification:_identify(atob/venv/lib/python3.12/site-packages/pip/_vendor) by extensions ['python_setup_py']
[0.859s] Level 1:colcon.colcon_core.package_identification:_identify(atob/venv/lib/python3.12/site-packages/pip/_vendor) by extension 'python_setup_py'
[0.859s] Level 1:colcon.colcon_core.package_identification:_identify(atob/venv/lib/python3.12/site-packages/pip/_vendor/__pycache__) by extensions ['ignore', 'ignore_ament_install']
[0.859s] Level 1:colcon.colcon_core.package_identification:_identify(atob/venv/lib/python3.12/site-packages/pip/_vendor/__pycache__) by extension 'ignore'
[0.860s] Level 1:colcon.colcon_core.package_identification:_identify(atob/venv/lib/python3.12/site-packages/pip/_vendor/__pycache__) by extension 'ignore_ament_install'
[0.860s] Level 1:colcon.colcon_core.package_identification:_identify(atob/venv/lib/python3.12/site-packages/pip/_vendor/__pycache__) by extensions ['colcon_pkg']
[0.860s] Level 1:colcon.colcon_core.package_identification:_identify(atob/venv/lib/python3.12/site-packages/pip/_vendor/__pycache__) by extension 'colcon_pkg'
[0.860s] Level 1:colcon.colcon_core.package_identification:_identify(atob/venv/lib/python3.12/site-packages/pip/_vendor/__pycache__) by extensions ['colcon_meta']
[0.860s] Level 1:colcon.colcon_core.package_identification:_identify(atob/venv/lib/python3.12/site-packages/pip/_vendor/__pycache__) by extension 'colcon_meta'
[0.860s] Level 1:colcon.colcon_core.package_identification:_identify(atob/venv/lib/python3.12/site-packages/pip/_vendor/__pycache__) by extensions ['ros']
[0.860s] Level 1:colcon.colcon_core.package_identification:_identify(atob/venv/lib/python3.12/site-packages/pip/_vendor/__pycache__) by extension 'ros'
[0.860s] Level 1:colcon.colcon_core.package_identification:_identify(atob/venv/lib/python3.12/site-packages/pip/_vendor/__pycache__) by extensions ['cmake', 'python']
[0.860s] Level 1:colcon.colcon_core.package_identification:_identify(atob/venv/lib/python3.12/site-packages/pip/_vendor/__pycache__) by extension 'cmake'
[0.860s] Level 1:colcon.colcon_core.package_identification:_identify(atob/venv/lib/python3.12/site-packages/pip/_vendor/__pycache__) by extension 'python'
[0.860s] Level 1:colcon.colcon_core.package_identification:_identify(atob/venv/lib/python3.12/site-packages/pip/_vendor/__pycache__) by extensions ['python_setup_py']
[0.860s] Level 1:colcon.colcon_core.package_identification:_identify(atob/venv/lib/python3.12/site-packages/pip/_vendor/__pycache__) by extension 'python_setup_py'
[0.861s] Level 1:colcon.colcon_core.package_identification:_identify(atob/venv/lib/python3.12/site-packages/pip/_vendor/cachecontrol) by extensions ['ignore', 'ignore_ament_install']
[0.861s] Level 1:colcon.colcon_core.package_identification:_identify(atob/venv/lib/python3.12/site-packages/pip/_vendor/cachecontrol) by extension 'ignore'
[0.861s] Level 1:colcon.colcon_core.package_identification:_identify(atob/venv/lib/python3.12/site-packages/pip/_vendor/cachecontrol) by extension 'ignore_ament_install'
[0.861s] Level 1:colcon.colcon_core.package_identification:_identify(atob/venv/lib/python3.12/site-packages/pip/_vendor/cachecontrol) by extensions ['colcon_pkg']
[0.861s] Level 1:colcon.colcon_core.package_identification:_identify(atob/venv/lib/python3.12/site-packages/pip/_vendor/cachecontrol) by extension 'colcon_pkg'
[0.861s] Level 1:colcon.colcon_core.package_identification:_identify(atob/venv/lib/python3.12/site-packages/pip/_vendor/cachecontrol) by extensions ['colcon_meta']
[0.861s] Level 1:colcon.colcon_core.package_identification:_identify(atob/venv/lib/python3.12/site-packages/pip/_vendor/cachecontrol) by extension 'colcon_meta'
[0.861s] Level 1:colcon.colcon_core.package_identification:_identify(atob/venv/lib/python3.12/site-packages/pip/_vendor/cachecontrol) by extensions ['ros']
[0.861s] Level 1:colcon.colcon_core.package_identification:_identify(atob/venv/lib/python3.12/site-packages/pip/_vendor/cachecontrol) by extension 'ros'
[0.861s] Level 1:colcon.colcon_core.package_identification:_identify(atob/venv/lib/python3.12/site-packages/pip/_vendor/cachecontrol) by extensions ['cmake', 'python']
[0.861s] Level 1:colcon.colcon_core.package_identification:_identify(atob/venv/lib/python3.12/site-packages/pip/_vendor/cachecontrol) by extension 'cmake'
[0.861s] Level 1:colcon.colcon_core.package_identification:_identify(atob/venv/lib/python3.12/site-packages/pip/_vendor/cachecontrol) by extension 'python'
[0.861s] Level 1:colcon.colcon_core.package_identification:_identify(atob/venv/lib/python3.12/site-packages/pip/_vendor/cachecontrol) by extensions ['python_setup_py']
[0.861s] Level 1:colcon.colcon_core.package_identification:_identify(atob/venv/lib/python3.12/site-packages/pip/_vendor/cachecontrol) by extension 'python_setup_py'
[0.862s] Level 1:colcon.colcon_core.package_identification:_identify(atob/venv/lib/python3.12/site-packages/pip/_vendor/cachecontrol/__pycache__) by extensions ['ignore', 'ignore_ament_install']
[0.862s] Level 1:colcon.colcon_core.package_identification:_identify(atob/venv/lib/python3.12/site-packages/pip/_vendor/cachecontrol/__pycache__) by extension 'ignore'
[0.862s] Level 1:colcon.colcon_core.package_identification:_identify(atob/venv/lib/python3.12/site-packages/pip/_vendor/cachecontrol/__pycache__) by extension 'ignore_ament_install'
[0.862s] Level 1:colcon.colcon_core.package_identification:_identify(atob/venv/lib/python3.12/site-packages/pip/_vendor/cachecontrol/__pycache__) by extensions ['colcon_pkg']
[0.863s] Level 1:colcon.colcon_core.package_identification:_identify(atob/venv/lib/python3.12/site-packages/pip/_vendor/cachecontrol/__pycache__) by extension 'colcon_pkg'
[0.863s] Level 1:colcon.colcon_core.package_identification:_identify(atob/venv/lib/python3.12/site-packages/pip/_vendor/cachecontrol/__pycache__) by extensions ['colcon_meta']
[0.863s] Level 1:colcon.colcon_core.package_identification:_identify(atob/venv/lib/python3.12/site-packages/pip/_vendor/cachecontrol/__pycache__) by extension 'colcon_meta'
[0.863s] Level 1:colcon.colcon_core.package_identification:_identify(atob/venv/lib/python3.12/site-packages/pip/_vendor/cachecontrol/__pycache__) by extensions ['ros']
[0.863s] Level 1:colcon.colcon_core.package_identification:_identify(atob/venv/lib/python3.12/site-packages/pip/_vendor/cachecontrol/__pycache__) by extension 'ros'
[0.863s] Level 1:colcon.colcon_core.package_identification:_identify(atob/venv/lib/python3.12/site-packages/pip/_vendor/cachecontrol/__pycache__) by extensions ['cmake', 'python']
[0.863s] Level 1:colcon.colcon_core.package_identification:_identify(atob/venv/lib/python3.12/site-packages/pip/_vendor/cachecontrol/__pycache__) by extension 'cmake'
[0.863s] Level 1:colcon.colcon_core.package_identification:_identify(atob/venv/lib/python3.12/site-packages/pip/_vendor/cachecontrol/__pycache__) by extension 'python'
[0.863s] Level 1:colcon.colcon_core.package_identification:_identify(atob/venv/lib/python3.12/site-packages/pip/_vendor/cachecontrol/__pycache__) by extensions ['python_setup_py']
[0.863s] Level 1:colcon.colcon_core.package_identification:_identify(atob/venv/lib/python3.12/site-packages/pip/_vendor/cachecontrol/__pycache__) by extension 'python_setup_py'
[0.864s] Level 1:colcon.colcon_core.package_identification:_identify(atob/venv/lib/python3.12/site-packages/pip/_vendor/cachecontrol/caches) by extensions ['ignore', 'ignore_ament_install']
[0.864s] Level 1:colcon.colcon_core.package_identification:_identify(atob/venv/lib/python3.12/site-packages/pip/_vendor/cachecontrol/caches) by extension 'ignore'
[0.864s] Level 1:colcon.colcon_core.package_identification:_identify(atob/venv/lib/python3.12/site-packages/pip/_vendor/cachecontrol/caches) by extension 'ignore_ament_install'
[0.864s] Level 1:colcon.colcon_core.package_identification:_identify(atob/venv/lib/python3.12/site-packages/pip/_vendor/cachecontrol/caches) by extensions ['colcon_pkg']
[0.864s] Level 1:colcon.colcon_core.package_identification:_identify(atob/venv/lib/python3.12/site-packages/pip/_vendor/cachecontrol/caches) by extension 'colcon_pkg'
[0.864s] Level 1:colcon.colcon_core.package_identification:_identify(atob/venv/lib/python3.12/site-packages/pip/_vendor/cachecontrol/caches) by extensions ['colcon_meta']
[0.864s] Level 1:colcon.colcon_core.package_identification:_identify(atob/venv/lib/python3.12/site-packages/pip/_vendor/cachecontrol/caches) by extension 'colcon_meta'
[0.864s] Level 1:colcon.colcon_core.package_identification:_identify(atob/venv/lib/python3.12/site-packages/pip/_vendor/cachecontrol/caches) by extensions ['ros']
[0.864s] Level 1:colcon.colcon_core.package_identification:_identify(atob/venv/lib/python3.12/site-packages/pip/_vendor/cachecontrol/caches) by extension 'ros'
[0.864s] Level 1:colcon.colcon_core.package_identification:_identify(atob/venv/lib/python3.12/site-packages/pip/_vendor/cachecontrol/caches) by extensions ['cmake', 'python']
[0.864s] Level 1:colcon.colcon_core.package_identification:_identify(atob/venv/lib/python3.12/site-packages/pip/_vendor/cachecontrol/caches) by extension 'cmake'
[0.864s] Level 1:colcon.colcon_core.package_identification:_identify(atob/venv/lib/python3.12/site-packages/pip/_vendor/cachecontrol/caches) by extension 'python'
[0.864s] Level 1:colcon.colcon_core.package_identification:_identify(atob/venv/lib/python3.12/site-packages/pip/_vendor/cachecontrol/caches) by extensions ['python_setup_py']
[0.864s] Level 1:colcon.colcon_core.package_identification:_identify(atob/venv/lib/python3.12/site-packages/pip/_vendor/cachecontrol/caches) by extension 'python_setup_py'
[0.865s] Level 1:colcon.colcon_core.package_identification:_identify(atob/venv/lib/python3.12/site-packages/pip/_vendor/cachecontrol/caches/__pycache__) by extensions ['ignore', 'ignore_ament_install']
[0.865s] Level 1:colcon.colcon_core.package_identification:_identify(atob/venv/lib/python3.12/site-packages/pip/_vendor/cachecontrol/caches/__pycache__) by extension 'ignore'
[0.865s] Level 1:colcon.colcon_core.package_identification:_identify(atob/venv/lib/python3.12/site-packages/pip/_vendor/cachecontrol/caches/__pycache__) by extension 'ignore_ament_install'
[0.865s] Level 1:colcon.colcon_core.package_identification:_identify(atob/venv/lib/python3.12/site-packages/pip/_vendor/cachecontrol/caches/__pycache__) by extensions ['colcon_pkg']
[0.865s] Level 1:colcon.colcon_core.package_identification:_identify(atob/venv/lib/python3.12/site-packages/pip/_vendor/cachecontrol/caches/__pycache__) by extension 'colcon_pkg'
[0.865s] Level 1:colcon.colcon_core.package_identification:_identify(atob/venv/lib/python3.12/site-packages/pip/_vendor/cachecontrol/caches/__pycache__) by extensions ['colcon_meta']
[0.865s] Level 1:colcon.colcon_core.package_identification:_identify(atob/venv/lib/python3.12/site-packages/pip/_vendor/cachecontrol/caches/__pycache__) by extension 'colcon_meta'
[0.865s] Level 1:colcon.colcon_core.package_identification:_identify(atob/venv/lib/python3.12/site-packages/pip/_vendor/cachecontrol/caches/__pycache__) by extensions ['ros']
[0.865s] Level 1:colcon.colcon_core.package_identification:_identify(atob/venv/lib/python3.12/site-packages/pip/_vendor/cachecontrol/caches/__pycache__) by extension 'ros'
[0.866s] Level 1:colcon.colcon_core.package_identification:_identify(atob/venv/lib/python3.12/site-packages/pip/_vendor/cachecontrol/caches/__pycache__) by extensions ['cmake', 'python']
[0.866s] Level 1:colcon.colcon_core.package_identification:_identify(atob/venv/lib/python3.12/site-packages/pip/_vendor/cachecontrol/caches/__pycache__) by extension 'cmake'
[0.866s] Level 1:colcon.colcon_core.package_identification:_identify(atob/venv/lib/python3.12/site-packages/pip/_vendor/cachecontrol/caches/__pycache__) by extension 'python'
[0.866s] Level 1:colcon.colcon_core.package_identification:_identify(atob/venv/lib/python3.12/site-packages/pip/_vendor/cachecontrol/caches/__pycache__) by extensions ['python_setup_py']
[0.866s] Level 1:colcon.colcon_core.package_identification:_identify(atob/venv/lib/python3.12/site-packages/pip/_vendor/cachecontrol/caches/__pycache__) by extension 'python_setup_py'
[0.866s] Level 1:colcon.colcon_core.package_identification:_identify(atob/venv/lib/python3.12/site-packages/pip/_vendor/certifi) by extensions ['ignore', 'ignore_ament_install']
[0.866s] Level 1:colcon.colcon_core.package_identification:_identify(atob/venv/lib/python3.12/site-packages/pip/_vendor/certifi) by extension 'ignore'
[0.866s] Level 1:colcon.colcon_core.package_identification:_identify(atob/venv/lib/python3.12/site-packages/pip/_vendor/certifi) by extension 'ignore_ament_install'
[0.867s] Level 1:colcon.colcon_core.package_identification:_identify(atob/venv/lib/python3.12/site-packages/pip/_vendor/certifi) by extensions ['colcon_pkg']
[0.867s] Level 1:colcon.colcon_core.package_identification:_identify(atob/venv/lib/python3.12/site-packages/pip/_vendor/certifi) by extension 'colcon_pkg'
[0.867s] Level 1:colcon.colcon_core.package_identification:_identify(atob/venv/lib/python3.12/site-packages/pip/_vendor/certifi) by extensions ['colcon_meta']
[0.867s] Level 1:colcon.colcon_core.package_identification:_identify(atob/venv/lib/python3.12/site-packages/pip/_vendor/certifi) by extension 'colcon_meta'
[0.867s] Level 1:colcon.colcon_core.package_identification:_identify(atob/venv/lib/python3.12/site-packages/pip/_vendor/certifi) by extensions ['ros']
[0.867s] Level 1:colcon.colcon_core.package_identification:_identify(atob/venv/lib/python3.12/site-packages/pip/_vendor/certifi) by extension 'ros'
[0.867s] Level 1:colcon.colcon_core.package_identification:_identify(atob/venv/lib/python3.12/site-packages/pip/_vendor/certifi) by extensions ['cmake', 'python']
[0.867s] Level 1:colcon.colcon_core.package_identification:_identify(atob/venv/lib/python3.12/site-packages/pip/_vendor/certifi) by extension 'cmake'
[0.867s] Level 1:colcon.colcon_core.package_identification:_identify(atob/venv/lib/python3.12/site-packages/pip/_vendor/certifi) by extension 'python'
[0.867s] Level 1:colcon.colcon_core.package_identification:_identify(atob/venv/lib/python3.12/site-packages/pip/_vendor/certifi) by extensions ['python_setup_py']
[0.867s] Level 1:colcon.colcon_core.package_identification:_identify(atob/venv/lib/python3.12/site-packages/pip/_vendor/certifi) by extension 'python_setup_py'
[0.868s] Level 1:colcon.colcon_core.package_identification:_identify(atob/venv/lib/python3.12/site-packages/pip/_vendor/certifi/__pycache__) by extensions ['ignore', 'ignore_ament_install']
[0.868s] Level 1:colcon.colcon_core.package_identification:_identify(atob/venv/lib/python3.12/site-packages/pip/_vendor/certifi/__pycache__) by extension 'ignore'
[0.868s] Level 1:colcon.colcon_core.package_identification:_identify(atob/venv/lib/python3.12/site-packages/pip/_vendor/certifi/__pycache__) by extension 'ignore_ament_install'
[0.868s] Level 1:colcon.colcon_core.package_identification:_identify(atob/venv/lib/python3.12/site-packages/pip/_vendor/certifi/__pycache__) by extensions ['colcon_pkg']
[0.868s] Level 1:colcon.colcon_core.package_identification:_identify(atob/venv/lib/python3.12/site-packages/pip/_vendor/certifi/__pycache__) by extension 'colcon_pkg'
[0.868s] Level 1:colcon.colcon_core.package_identification:_identify(atob/venv/lib/python3.12/site-packages/pip/_vendor/certifi/__pycache__) by extensions ['colcon_meta']
[0.868s] Level 1:colcon.colcon_core.package_identification:_identify(atob/venv/lib/python3.12/site-packages/pip/_vendor/certifi/__pycache__) by extension 'colcon_meta'
[0.868s] Level 1:colcon.colcon_core.package_identification:_identify(atob/venv/lib/python3.12/site-packages/pip/_vendor/certifi/__pycache__) by extensions ['ros']
[0.868s] Level 1:colcon.colcon_core.package_identification:_identify(atob/venv/lib/python3.12/site-packages/pip/_vendor/certifi/__pycache__) by extension 'ros'
[0.868s] Level 1:colcon.colcon_core.package_identification:_identify(atob/venv/lib/python3.12/site-packages/pip/_vendor/certifi/__pycache__) by extensions ['cmake', 'python']
[0.868s] Level 1:colcon.colcon_core.package_identification:_identify(atob/venv/lib/python3.12/site-packages/pip/_vendor/certifi/__pycache__) by extension 'cmake'
[0.868s] Level 1:colcon.colcon_core.package_identification:_identify(atob/venv/lib/python3.12/site-packages/pip/_vendor/certifi/__pycache__) by extension 'python'
[0.868s] Level 1:colcon.colcon_core.package_identification:_identify(atob/venv/lib/python3.12/site-packages/pip/_vendor/certifi/__pycache__) by extensions ['python_setup_py']
[0.868s] Level 1:colcon.colcon_core.package_identification:_identify(atob/venv/lib/python3.12/site-packages/pip/_vendor/certifi/__pycache__) by extension 'python_setup_py'
[0.869s] Level 1:colcon.colcon_core.package_identification:_identify(atob/venv/lib/python3.12/site-packages/pip/_vendor/dependency_groups) by extensions ['ignore', 'ignore_ament_install']
[0.869s] Level 1:colcon.colcon_core.package_identification:_identify(atob/venv/lib/python3.12/site-packages/pip/_vendor/dependency_groups) by extension 'ignore'
[0.869s] Level 1:colcon.colcon_core.package_identification:_identify(atob/venv/lib/python3.12/site-packages/pip/_vendor/dependency_groups) by extension 'ignore_ament_install'
[0.869s] Level 1:colcon.colcon_core.package_identification:_identify(atob/venv/lib/python3.12/site-packages/pip/_vendor/dependency_groups) by extensions ['colcon_pkg']
[0.869s] Level 1:colcon.colcon_core.package_identification:_identify(atob/venv/lib/python3.12/site-packages/pip/_vendor/dependency_groups) by extension 'colcon_pkg'
[0.869s] Level 1:colcon.colcon_core.package_identification:_identify(atob/venv/lib/python3.12/site-packages/pip/_vendor/dependency_groups) by extensions ['colcon_meta']
[0.869s] Level 1:colcon.colcon_core.package_identification:_identify(atob/venv/lib/python3.12/site-packages/pip/_vendor/dependency_groups) by extension 'colcon_meta'
[0.869s] Level 1:colcon.colcon_core.package_identification:_identify(atob/venv/lib/python3.12/site-packages/pip/_vendor/dependency_groups) by extensions ['ros']
[0.869s] Level 1:colcon.colcon_core.package_identification:_identify(atob/venv/lib/python3.12/site-packages/pip/_vendor/dependency_groups) by extension 'ros'
[0.870s] Level 1:colcon.colcon_core.package_identification:_identify(atob/venv/lib/python3.12/site-packages/pip/_vendor/dependency_groups) by extensions ['cmake', 'python']
[0.870s] Level 1:colcon.colcon_core.package_identification:_identify(atob/venv/lib/python3.12/site-packages/pip/_vendor/dependency_groups) by extension 'cmake'
[0.870s] Level 1:colcon.colcon_core.package_identification:_identify(atob/venv/lib/python3.12/site-packages/pip/_vendor/dependency_groups) by extension 'python'
[0.870s] Level 1:colcon.colcon_core.package_identification:_identify(atob/venv/lib/python3.12/site-packages/pip/_vendor/dependency_groups) by extensions ['python_setup_py']
[0.870s] Level 1:colcon.colcon_core.package_identification:_identify(atob/venv/lib/python3.12/site-packages/pip/_vendor/dependency_groups) by extension 'python_setup_py'
[0.870s] Level 1:colcon.colcon_core.package_identification:_identify(atob/venv/lib/python3.12/site-packages/pip/_vendor/dependency_groups/__pycache__) by extensions ['ignore', 'ignore_ament_install']
[0.870s] Level 1:colcon.colcon_core.package_identification:_identify(atob/venv/lib/python3.12/site-packages/pip/_vendor/dependency_groups/__pycache__) by extension 'ignore'
[0.870s] Level 1:colcon.colcon_core.package_identification:_identify(atob/venv/lib/python3.12/site-packages/pip/_vendor/dependency_groups/__pycache__) by extension 'ignore_ament_install'
[0.871s] Level 1:colcon.colcon_core.package_identification:_identify(atob/venv/lib/python3.12/site-packages/pip/_vendor/dependency_groups/__pycache__) by extensions ['colcon_pkg']
[0.871s] Level 1:colcon.colcon_core.package_identification:_identify(atob/venv/lib/python3.12/site-packages/pip/_vendor/dependency_groups/__pycache__) by extension 'colcon_pkg'
[0.871s] Level 1:colcon.colcon_core.package_identification:_identify(atob/venv/lib/python3.12/site-packages/pip/_vendor/dependency_groups/__pycache__) by extensions ['colcon_meta']
[0.871s] Level 1:colcon.colcon_core.package_identification:_identify(atob/venv/lib/python3.12/site-packages/pip/_vendor/dependency_groups/__pycache__) by extension 'colcon_meta'
[0.871s] Level 1:colcon.colcon_core.package_identification:_identify(atob/venv/lib/python3.12/site-packages/pip/_vendor/dependency_groups/__pycache__) by extensions ['ros']
[0.871s] Level 1:colcon.colcon_core.package_identification:_identify(atob/venv/lib/python3.12/site-packages/pip/_vendor/dependency_groups/__pycache__) by extension 'ros'
[0.871s] Level 1:colcon.colcon_core.package_identification:_identify(atob/venv/lib/python3.12/site-packages/pip/_vendor/dependency_groups/__pycache__) by extensions ['cmake', 'python']
[0.871s] Level 1:colcon.colcon_core.package_identification:_identify(atob/venv/lib/python3.12/site-packages/pip/_vendor/dependency_groups/__pycache__) by extension 'cmake'
[0.871s] Level 1:colcon.colcon_core.package_identification:_identify(atob/venv/lib/python3.12/site-packages/pip/_vendor/dependency_groups/__pycache__) by extension 'python'
[0.871s] Level 1:colcon.colcon_core.package_identification:_identify(atob/venv/lib/python3.12/site-packages/pip/_vendor/dependency_groups/__pycache__) by extensions ['python_setup_py']
[0.871s] Level 1:colcon.colcon_core.package_identification:_identify(atob/venv/lib/python3.12/site-packages/pip/_vendor/dependency_groups/__pycache__) by extension 'python_setup_py'
[0.872s] Level 1:colcon.colcon_core.package_identification:_identify(atob/venv/lib/python3.12/site-packages/pip/_vendor/distlib) by extensions ['ignore', 'ignore_ament_install']
[0.872s] Level 1:colcon.colcon_core.package_identification:_identify(atob/venv/lib/python3.12/site-packages/pip/_vendor/distlib) by extension 'ignore'
[0.872s] Level 1:colcon.colcon_core.package_identification:_identify(atob/venv/lib/python3.12/site-packages/pip/_vendor/distlib) by extension 'ignore_ament_install'
[0.872s] Level 1:colcon.colcon_core.package_identification:_identify(atob/venv/lib/python3.12/site-packages/pip/_vendor/distlib) by extensions ['colcon_pkg']
[0.872s] Level 1:colcon.colcon_core.package_identification:_identify(atob/venv/lib/python3.12/site-packages/pip/_vendor/distlib) by extension 'colcon_pkg'
[0.872s] Level 1:colcon.colcon_core.package_identification:_identify(atob/venv/lib/python3.12/site-packages/pip/_vendor/distlib) by extensions ['colcon_meta']
[0.872s] Level 1:colcon.colcon_core.package_identification:_identify(atob/venv/lib/python3.12/site-packages/pip/_vendor/distlib) by extension 'colcon_meta'
[0.872s] Level 1:colcon.colcon_core.package_identification:_identify(atob/venv/lib/python3.12/site-packages/pip/_vendor/distlib) by extensions ['ros']
[0.872s] Level 1:colcon.colcon_core.package_identification:_identify(atob/venv/lib/python3.12/site-packages/pip/_vendor/distlib) by extension 'ros'
[0.872s] Level 1:colcon.colcon_core.package_identification:_identify(atob/venv/lib/python3.12/site-packages/pip/_vendor/distlib) by extensions ['cmake', 'python']
[0.872s] Level 1:colcon.colcon_core.package_identification:_identify(atob/venv/lib/python3.12/site-packages/pip/_vendor/distlib) by extension 'cmake'
[0.872s] Level 1:colcon.colcon_core.package_identification:_identify(atob/venv/lib/python3.12/site-packages/pip/_vendor/distlib) by extension 'python'
[0.872s] Level 1:colcon.colcon_core.package_identification:_identify(atob/venv/lib/python3.12/site-packages/pip/_vendor/distlib) by extensions ['python_setup_py']
[0.872s] Level 1:colcon.colcon_core.package_identification:_identify(atob/venv/lib/python3.12/site-packages/pip/_vendor/distlib) by extension 'python_setup_py'
[0.873s] Level 1:colcon.colcon_core.package_identification:_identify(atob/venv/lib/python3.12/site-packages/pip/_vendor/distlib/__pycache__) by extensions ['ignore', 'ignore_ament_install']
[0.873s] Level 1:colcon.colcon_core.package_identification:_identify(atob/venv/lib/python3.12/site-packages/pip/_vendor/distlib/__pycache__) by extension 'ignore'
[0.873s] Level 1:colcon.colcon_core.package_identification:_identify(atob/venv/lib/python3.12/site-packages/pip/_vendor/distlib/__pycache__) by extension 'ignore_ament_install'
[0.873s] Level 1:colcon.colcon_core.package_identification:_identify(atob/venv/lib/python3.12/site-packages/pip/_vendor/distlib/__pycache__) by extensions ['colcon_pkg']
[0.873s] Level 1:colcon.colcon_core.package_identification:_identify(atob/venv/lib/python3.12/site-packages/pip/_vendor/distlib/__pycache__) by extension 'colcon_pkg'
[0.873s] Level 1:colcon.colcon_core.package_identification:_identify(atob/venv/lib/python3.12/site-packages/pip/_vendor/distlib/__pycache__) by extensions ['colcon_meta']
[0.873s] Level 1:colcon.colcon_core.package_identification:_identify(atob/venv/lib/python3.12/site-packages/pip/_vendor/distlib/__pycache__) by extension 'colcon_meta'
[0.873s] Level 1:colcon.colcon_core.package_identification:_identify(atob/venv/lib/python3.12/site-packages/pip/_vendor/distlib/__pycache__) by extensions ['ros']
[0.873s] Level 1:colcon.colcon_core.package_identification:_identify(atob/venv/lib/python3.12/site-packages/pip/_vendor/distlib/__pycache__) by extension 'ros'
[0.873s] Level 1:colcon.colcon_core.package_identification:_identify(atob/venv/lib/python3.12/site-packages/pip/_vendor/distlib/__pycache__) by extensions ['cmake', 'python']
[0.873s] Level 1:colcon.colcon_core.package_identification:_identify(atob/venv/lib/python3.12/site-packages/pip/_vendor/distlib/__pycache__) by extension 'cmake'
[0.874s] Level 1:colcon.colcon_core.package_identification:_identify(atob/venv/lib/python3.12/site-packages/pip/_vendor/distlib/__pycache__) by extension 'python'
[0.874s] Level 1:colcon.colcon_core.package_identification:_identify(atob/venv/lib/python3.12/site-packages/pip/_vendor/distlib/__pycache__) by extensions ['python_setup_py']
[0.874s] Level 1:colcon.colcon_core.package_identification:_identify(atob/venv/lib/python3.12/site-packages/pip/_vendor/distlib/__pycache__) by extension 'python_setup_py'
[0.874s] Level 1:colcon.colcon_core.package_identification:_identify(atob/venv/lib/python3.12/site-packages/pip/_vendor/distro) by extensions ['ignore', 'ignore_ament_install']
[0.874s] Level 1:colcon.colcon_core.package_identification:_identify(atob/venv/lib/python3.12/site-packages/pip/_vendor/distro) by extension 'ignore'
[0.874s] Level 1:colcon.colcon_core.package_identification:_identify(atob/venv/lib/python3.12/site-packages/pip/_vendor/distro) by extension 'ignore_ament_install'
[0.874s] Level 1:colcon.colcon_core.package_identification:_identify(atob/venv/lib/python3.12/site-packages/pip/_vendor/distro) by extensions ['colcon_pkg']
[0.874s] Level 1:colcon.colcon_core.package_identification:_identify(atob/venv/lib/python3.12/site-packages/pip/_vendor/distro) by extension 'colcon_pkg'
[0.874s] Level 1:colcon.colcon_core.package_identification:_identify(atob/venv/lib/python3.12/site-packages/pip/_vendor/distro) by extensions ['colcon_meta']
[0.874s] Level 1:colcon.colcon_core.package_identification:_identify(atob/venv/lib/python3.12/site-packages/pip/_vendor/distro) by extension 'colcon_meta'
[0.875s] Level 1:colcon.colcon_core.package_identification:_identify(atob/venv/lib/python3.12/site-packages/pip/_vendor/distro) by extensions ['ros']
[0.875s] Level 1:colcon.colcon_core.package_identification:_identify(atob/venv/lib/python3.12/site-packages/pip/_vendor/distro) by extension 'ros'
[0.875s] Level 1:colcon.colcon_core.package_identification:_identify(atob/venv/lib/python3.12/site-packages/pip/_vendor/distro) by extensions ['cmake', 'python']
[0.875s] Level 1:colcon.colcon_core.package_identification:_identify(atob/venv/lib/python3.12/site-packages/pip/_vendor/distro) by extension 'cmake'
[0.875s] Level 1:colcon.colcon_core.package_identification:_identify(atob/venv/lib/python3.12/site-packages/pip/_vendor/distro) by extension 'python'
[0.875s] Level 1:colcon.colcon_core.package_identification:_identify(atob/venv/lib/python3.12/site-packages/pip/_vendor/distro) by extensions ['python_setup_py']
[0.875s] Level 1:colcon.colcon_core.package_identification:_identify(atob/venv/lib/python3.12/site-packages/pip/_vendor/distro) by extension 'python_setup_py'
[0.875s] Level 1:colcon.colcon_core.package_identification:_identify(atob/venv/lib/python3.12/site-packages/pip/_vendor/distro/__pycache__) by extensions ['ignore', 'ignore_ament_install']
[0.875s] Level 1:colcon.colcon_core.package_identification:_identify(atob/venv/lib/python3.12/site-packages/pip/_vendor/distro/__pycache__) by extension 'ignore'
[0.876s] Level 1:colcon.colcon_core.package_identification:_identify(atob/venv/lib/python3.12/site-packages/pip/_vendor/distro/__pycache__) by extension 'ignore_ament_install'
[0.876s] Level 1:colcon.colcon_core.package_identification:_identify(atob/venv/lib/python3.12/site-packages/pip/_vendor/distro/__pycache__) by extensions ['colcon_pkg']
[0.876s] Level 1:colcon.colcon_core.package_identification:_identify(atob/venv/lib/python3.12/site-packages/pip/_vendor/distro/__pycache__) by extension 'colcon_pkg'
[0.876s] Level 1:colcon.colcon_core.package_identification:_identify(atob/venv/lib/python3.12/site-packages/pip/_vendor/distro/__pycache__) by extensions ['colcon_meta']
[0.876s] Level 1:colcon.colcon_core.package_identification:_identify(atob/venv/lib/python3.12/site-packages/pip/_vendor/distro/__pycache__) by extension 'colcon_meta'
[0.876s] Level 1:colcon.colcon_core.package_identification:_identify(atob/venv/lib/python3.12/site-packages/pip/_vendor/distro/__pycache__) by extensions ['ros']
[0.876s] Level 1:colcon.colcon_core.package_identification:_identify(atob/venv/lib/python3.12/site-packages/pip/_vendor/distro/__pycache__) by extension 'ros'
[0.876s] Level 1:colcon.colcon_core.package_identification:_identify(atob/venv/lib/python3.12/site-packages/pip/_vendor/distro/__pycache__) by extensions ['cmake', 'python']
[0.876s] Level 1:colcon.colcon_core.package_identification:_identify(atob/venv/lib/python3.12/site-packages/pip/_vendor/distro/__pycache__) by extension 'cmake'
[0.876s] Level 1:colcon.colcon_core.package_identification:_identify(atob/venv/lib/python3.12/site-packages/pip/_vendor/distro/__pycache__) by extension 'python'
[0.876s] Level 1:colcon.colcon_core.package_identification:_identify(atob/venv/lib/python3.12/site-packages/pip/_vendor/distro/__pycache__) by extensions ['python_setup_py']
[0.876s] Level 1:colcon.colcon_core.package_identification:_identify(atob/venv/lib/python3.12/site-packages/pip/_vendor/distro/__pycache__) by extension 'python_setup_py'
[0.877s] Level 1:colcon.colcon_core.package_identification:_identify(atob/venv/lib/python3.12/site-packages/pip/_vendor/idna) by extensions ['ignore', 'ignore_ament_install']
[0.877s] Level 1:colcon.colcon_core.package_identification:_identify(atob/venv/lib/python3.12/site-packages/pip/_vendor/idna) by extension 'ignore'
[0.877s] Level 1:colcon.colcon_core.package_identification:_identify(atob/venv/lib/python3.12/site-packages/pip/_vendor/idna) by extension 'ignore_ament_install'
[0.877s] Level 1:colcon.colcon_core.package_identification:_identify(atob/venv/lib/python3.12/site-packages/pip/_vendor/idna) by extensions ['colcon_pkg']
[0.877s] Level 1:colcon.colcon_core.package_identification:_identify(atob/venv/lib/python3.12/site-packages/pip/_vendor/idna) by extension 'colcon_pkg'
[0.877s] Level 1:colcon.colcon_core.package_identification:_identify(atob/venv/lib/python3.12/site-packages/pip/_vendor/idna) by extensions ['colcon_meta']
[0.877s] Level 1:colcon.colcon_core.package_identification:_identify(atob/venv/lib/python3.12/site-packages/pip/_vendor/idna) by extension 'colcon_meta'
[0.877s] Level 1:colcon.colcon_core.package_identification:_identify(atob/venv/lib/python3.12/site-packages/pip/_vendor/idna) by extensions ['ros']
[0.877s] Level 1:colcon.colcon_core.package_identification:_identify(atob/venv/lib/python3.12/site-packages/pip/_vendor/idna) by extension 'ros'
[0.877s] Level 1:colcon.colcon_core.package_identification:_identify(atob/venv/lib/python3.12/site-packages/pip/_vendor/idna) by extensions ['cmake', 'python']
[0.877s] Level 1:colcon.colcon_core.package_identification:_identify(atob/venv/lib/python3.12/site-packages/pip/_vendor/idna) by extension 'cmake'
[0.877s] Level 1:colcon.colcon_core.package_identification:_identify(atob/venv/lib/python3.12/site-packages/pip/_vendor/idna) by extension 'python'
[0.877s] Level 1:colcon.colcon_core.package_identification:_identify(atob/venv/lib/python3.12/site-packages/pip/_vendor/idna) by extensions ['python_setup_py']
[0.877s] Level 1:colcon.colcon_core.package_identification:_identify(atob/venv/lib/python3.12/site-packages/pip/_vendor/idna) by extension 'python_setup_py'
[0.878s] Level 1:colcon.colcon_core.package_identification:_identify(atob/venv/lib/python3.12/site-packages/pip/_vendor/idna/__pycache__) by extensions ['ignore', 'ignore_ament_install']
[0.878s] Level 1:colcon.colcon_core.package_identification:_identify(atob/venv/lib/python3.12/site-packages/pip/_vendor/idna/__pycache__) by extension 'ignore'
[0.878s] Level 1:colcon.colcon_core.package_identification:_identify(atob/venv/lib/python3.12/site-packages/pip/_vendor/idna/__pycache__) by extension 'ignore_ament_install'
[0.878s] Level 1:colcon.colcon_core.package_identification:_identify(atob/venv/lib/python3.12/site-packages/pip/_vendor/idna/__pycache__) by extensions ['colcon_pkg']
[0.878s] Level 1:colcon.colcon_core.package_identification:_identify(atob/venv/lib/python3.12/site-packages/pip/_vendor/idna/__pycache__) by extension 'colcon_pkg'
[0.878s] Level 1:colcon.colcon_core.package_identification:_identify(atob/venv/lib/python3.12/site-packages/pip/_vendor/idna/__pycache__) by extensions ['colcon_meta']
[0.878s] Level 1:colcon.colcon_core.package_identification:_identify(atob/venv/lib/python3.12/site-packages/pip/_vendor/idna/__pycache__) by extension 'colcon_meta'
[0.878s] Level 1:colcon.colcon_core.package_identification:_identify(atob/venv/lib/python3.12/site-packages/pip/_vendor/idna/__pycache__) by extensions ['ros']
[0.879s] Level 1:colcon.colcon_core.package_identification:_identify(atob/venv/lib/python3.12/site-packages/pip/_vendor/idna/__pycache__) by extension 'ros'
[0.879s] Level 1:colcon.colcon_core.package_identification:_identify(atob/venv/lib/python3.12/site-packages/pip/_vendor/idna/__pycache__) by extensions ['cmake', 'python']
[0.879s] Level 1:colcon.colcon_core.package_identification:_identify(atob/venv/lib/python3.12/site-packages/pip/_vendor/idna/__pycache__) by extension 'cmake'
[0.879s] Level 1:colcon.colcon_core.package_identification:_identify(atob/venv/lib/python3.12/site-packages/pip/_vendor/idna/__pycache__) by extension 'python'
[0.879s] Level 1:colcon.colcon_core.package_identification:_identify(atob/venv/lib/python3.12/site-packages/pip/_vendor/idna/__pycache__) by extensions ['python_setup_py']
[0.879s] Level 1:colcon.colcon_core.package_identification:_identify(atob/venv/lib/python3.12/site-packages/pip/_vendor/idna/__pycache__) by extension 'python_setup_py'
[0.879s] Level 1:colcon.colcon_core.package_identification:_identify(atob/venv/lib/python3.12/site-packages/pip/_vendor/msgpack) by extensions ['ignore', 'ignore_ament_install']
[0.879s] Level 1:colcon.colcon_core.package_identification:_identify(atob/venv/lib/python3.12/site-packages/pip/_vendor/msgpack) by extension 'ignore'
[0.879s] Level 1:colcon.colcon_core.package_identification:_identify(atob/venv/lib/python3.12/site-packages/pip/_vendor/msgpack) by extension 'ignore_ament_install'
[0.880s] Level 1:colcon.colcon_core.package_identification:_identify(atob/venv/lib/python3.12/site-packages/pip/_vendor/msgpack) by extensions ['colcon_pkg']
[0.880s] Level 1:colcon.colcon_core.package_identification:_identify(atob/venv/lib/python3.12/site-packages/pip/_vendor/msgpack) by extension 'colcon_pkg'
[0.880s] Level 1:colcon.colcon_core.package_identification:_identify(atob/venv/lib/python3.12/site-packages/pip/_vendor/msgpack) by extensions ['colcon_meta']
[0.880s] Level 1:colcon.colcon_core.package_identification:_identify(atob/venv/lib/python3.12/site-packages/pip/_vendor/msgpack) by extension 'colcon_meta'
[0.880s] Level 1:colcon.colcon_core.package_identification:_identify(atob/venv/lib/python3.12/site-packages/pip/_vendor/msgpack) by extensions ['ros']
[0.880s] Level 1:colcon.colcon_core.package_identification:_identify(atob/venv/lib/python3.12/site-packages/pip/_vendor/msgpack) by extension 'ros'
[0.880s] Level 1:colcon.colcon_core.package_identification:_identify(atob/venv/lib/python3.12/site-packages/pip/_vendor/msgpack) by extensions ['cmake', 'python']
[0.880s] Level 1:colcon.colcon_core.package_identification:_identify(atob/venv/lib/python3.12/site-packages/pip/_vendor/msgpack) by extension 'cmake'
[0.880s] Level 1:colcon.colcon_core.package_identification:_identify(atob/venv/lib/python3.12/site-packages/pip/_vendor/msgpack) by extension 'python'
[0.880s] Level 1:colcon.colcon_core.package_identification:_identify(atob/venv/lib/python3.12/site-packages/pip/_vendor/msgpack) by extensions ['python_setup_py']
[0.880s] Level 1:colcon.colcon_core.package_identification:_identify(atob/venv/lib/python3.12/site-packages/pip/_vendor/msgpack) by extension 'python_setup_py'
[0.881s] Level 1:colcon.colcon_core.package_identification:_identify(atob/venv/lib/python3.12/site-packages/pip/_vendor/msgpack/__pycache__) by extensions ['ignore', 'ignore_ament_install']
[0.881s] Level 1:colcon.colcon_core.package_identification:_identify(atob/venv/lib/python3.12/site-packages/pip/_vendor/msgpack/__pycache__) by extension 'ignore'
[0.881s] Level 1:colcon.colcon_core.package_identification:_identify(atob/venv/lib/python3.12/site-packages/pip/_vendor/msgpack/__pycache__) by extension 'ignore_ament_install'
[0.881s] Level 1:colcon.colcon_core.package_identification:_identify(atob/venv/lib/python3.12/site-packages/pip/_vendor/msgpack/__pycache__) by extensions ['colcon_pkg']
[0.881s] Level 1:colcon.colcon_core.package_identification:_identify(atob/venv/lib/python3.12/site-packages/pip/_vendor/msgpack/__pycache__) by extension 'colcon_pkg'
[0.881s] Level 1:colcon.colcon_core.package_identification:_identify(atob/venv/lib/python3.12/site-packages/pip/_vendor/msgpack/__pycache__) by extensions ['colcon_meta']
[0.881s] Level 1:colcon.colcon_core.package_identification:_identify(atob/venv/lib/python3.12/site-packages/pip/_vendor/msgpack/__pycache__) by extension 'colcon_meta'
[0.881s] Level 1:colcon.colcon_core.package_identification:_identify(atob/venv/lib/python3.12/site-packages/pip/_vendor/msgpack/__pycache__) by extensions ['ros']
[0.881s] Level 1:colcon.colcon_core.package_identification:_identify(atob/venv/lib/python3.12/site-packages/pip/_vendor/msgpack/__pycache__) by extension 'ros'
[0.881s] Level 1:colcon.colcon_core.package_identification:_identify(atob/venv/lib/python3.12/site-packages/pip/_vendor/msgpack/__pycache__) by extensions ['cmake', 'python']
[0.881s] Level 1:colcon.colcon_core.package_identification:_identify(atob/venv/lib/python3.12/site-packages/pip/_vendor/msgpack/__pycache__) by extension 'cmake'
[0.881s] Level 1:colcon.colcon_core.package_identification:_identify(atob/venv/lib/python3.12/site-packages/pip/_vendor/msgpack/__pycache__) by extension 'python'
[0.881s] Level 1:colcon.colcon_core.package_identification:_identify(atob/venv/lib/python3.12/site-packages/pip/_vendor/msgpack/__pycache__) by extensions ['python_setup_py']
[0.881s] Level 1:colcon.colcon_core.package_identification:_identify(atob/venv/lib/python3.12/site-packages/pip/_vendor/msgpack/__pycache__) by extension 'python_setup_py'
[0.882s] Level 1:colcon.colcon_core.package_identification:_identify(atob/venv/lib/python3.12/site-packages/pip/_vendor/packaging) by extensions ['ignore', 'ignore_ament_install']
[0.882s] Level 1:colcon.colcon_core.package_identification:_identify(atob/venv/lib/python3.12/site-packages/pip/_vendor/packaging) by extension 'ignore'
[0.882s] Level 1:colcon.colcon_core.package_identification:_identify(atob/venv/lib/python3.12/site-packages/pip/_vendor/packaging) by extension 'ignore_ament_install'
[0.882s] Level 1:colcon.colcon_core.package_identification:_identify(atob/venv/lib/python3.12/site-packages/pip/_vendor/packaging) by extensions ['colcon_pkg']
[0.882s] Level 1:colcon.colcon_core.package_identification:_identify(atob/venv/lib/python3.12/site-packages/pip/_vendor/packaging) by extension 'colcon_pkg'
[0.882s] Level 1:colcon.colcon_core.package_identification:_identify(atob/venv/lib/python3.12/site-packages/pip/_vendor/packaging) by extensions ['colcon_meta']
[0.882s] Level 1:colcon.colcon_core.package_identification:_identify(atob/venv/lib/python3.12/site-packages/pip/_vendor/packaging) by extension 'colcon_meta'
[0.882s] Level 1:colcon.colcon_core.package_identification:_identify(atob/venv/lib/python3.12/site-packages/pip/_vendor/packaging) by extensions ['ros']
[0.882s] Level 1:colcon.colcon_core.package_identification:_identify(atob/venv/lib/python3.12/site-packages/pip/_vendor/packaging) by extension 'ros'
[0.882s] Level 1:colcon.colcon_core.package_identification:_identify(atob/venv/lib/python3.12/site-packages/pip/_vendor/packaging) by extensions ['cmake', 'python']
[0.883s] Level 1:colcon.colcon_core.package_identification:_identify(atob/venv/lib/python3.12/site-packages/pip/_vendor/packaging) by extension 'cmake'
[0.883s] Level 1:colcon.colcon_core.package_identification:_identify(atob/venv/lib/python3.12/site-packages/pip/_vendor/packaging) by extension 'python'
[0.883s] Level 1:colcon.colcon_core.package_identification:_identify(atob/venv/lib/python3.12/site-packages/pip/_vendor/packaging) by extensions ['python_setup_py']
[0.883s] Level 1:colcon.colcon_core.package_identification:_identify(atob/venv/lib/python3.12/site-packages/pip/_vendor/packaging) by extension 'python_setup_py'
[0.883s] Level 1:colcon.colcon_core.package_identification:_identify(atob/venv/lib/python3.12/site-packages/pip/_vendor/packaging/__pycache__) by extensions ['ignore', 'ignore_ament_install']
[0.883s] Level 1:colcon.colcon_core.package_identification:_identify(atob/venv/lib/python3.12/site-packages/pip/_vendor/packaging/__pycache__) by extension 'ignore'
[0.883s] Level 1:colcon.colcon_core.package_identification:_identify(atob/venv/lib/python3.12/site-packages/pip/_vendor/packaging/__pycache__) by extension 'ignore_ament_install'
[0.883s] Level 1:colcon.colcon_core.package_identification:_identify(atob/venv/lib/python3.12/site-packages/pip/_vendor/packaging/__pycache__) by extensions ['colcon_pkg']
[0.883s] Level 1:colcon.colcon_core.package_identification:_identify(atob/venv/lib/python3.12/site-packages/pip/_vendor/packaging/__pycache__) by extension 'colcon_pkg'
[0.884s] Level 1:colcon.colcon_core.package_identification:_identify(atob/venv/lib/python3.12/site-packages/pip/_vendor/packaging/__pycache__) by extensions ['colcon_meta']
[0.884s] Level 1:colcon.colcon_core.package_identification:_identify(atob/venv/lib/python3.12/site-packages/pip/_vendor/packaging/__pycache__) by extension 'colcon_meta'
[0.884s] Level 1:colcon.colcon_core.package_identification:_identify(atob/venv/lib/python3.12/site-packages/pip/_vendor/packaging/__pycache__) by extensions ['ros']
[0.884s] Level 1:colcon.colcon_core.package_identification:_identify(atob/venv/lib/python3.12/site-packages/pip/_vendor/packaging/__pycache__) by extension 'ros'
[0.884s] Level 1:colcon.colcon_core.package_identification:_identify(atob/venv/lib/python3.12/site-packages/pip/_vendor/packaging/__pycache__) by extensions ['cmake', 'python']
[0.884s] Level 1:colcon.colcon_core.package_identification:_identify(atob/venv/lib/python3.12/site-packages/pip/_vendor/packaging/__pycache__) by extension 'cmake'
[0.884s] Level 1:colcon.colcon_core.package_identification:_identify(atob/venv/lib/python3.12/site-packages/pip/_vendor/packaging/__pycache__) by extension 'python'
[0.884s] Level 1:colcon.colcon_core.package_identification:_identify(atob/venv/lib/python3.12/site-packages/pip/_vendor/packaging/__pycache__) by extensions ['python_setup_py']
[0.884s] Level 1:colcon.colcon_core.package_identification:_identify(atob/venv/lib/python3.12/site-packages/pip/_vendor/packaging/__pycache__) by extension 'python_setup_py'
[0.884s] Level 1:colcon.colcon_core.package_identification:_identify(atob/venv/lib/python3.12/site-packages/pip/_vendor/packaging/licenses) by extensions ['ignore', 'ignore_ament_install']
[0.885s] Level 1:colcon.colcon_core.package_identification:_identify(atob/venv/lib/python3.12/site-packages/pip/_vendor/packaging/licenses) by extension 'ignore'
[0.885s] Level 1:colcon.colcon_core.package_identification:_identify(atob/venv/lib/python3.12/site-packages/pip/_vendor/packaging/licenses) by extension 'ignore_ament_install'
[0.885s] Level 1:colcon.colcon_core.package_identification:_identify(atob/venv/lib/python3.12/site-packages/pip/_vendor/packaging/licenses) by extensions ['colcon_pkg']
[0.885s] Level 1:colcon.colcon_core.package_identification:_identify(atob/venv/lib/python3.12/site-packages/pip/_vendor/packaging/licenses) by extension 'colcon_pkg'
[0.885s] Level 1:colcon.colcon_core.package_identification:_identify(atob/venv/lib/python3.12/site-packages/pip/_vendor/packaging/licenses) by extensions ['colcon_meta']
[0.885s] Level 1:colcon.colcon_core.package_identification:_identify(atob/venv/lib/python3.12/site-packages/pip/_vendor/packaging/licenses) by extension 'colcon_meta'
[0.885s] Level 1:colcon.colcon_core.package_identification:_identify(atob/venv/lib/python3.12/site-packages/pip/_vendor/packaging/licenses) by extensions ['ros']
[0.885s] Level 1:colcon.colcon_core.package_identification:_identify(atob/venv/lib/python3.12/site-packages/pip/_vendor/packaging/licenses) by extension 'ros'
[0.885s] Level 1:colcon.colcon_core.package_identification:_identify(atob/venv/lib/python3.12/site-packages/pip/_vendor/packaging/licenses) by extensions ['cmake', 'python']
[0.885s] Level 1:colcon.colcon_core.package_identification:_identify(atob/venv/lib/python3.12/site-packages/pip/_vendor/packaging/licenses) by extension 'cmake'
[0.885s] Level 1:colcon.colcon_core.package_identification:_identify(atob/venv/lib/python3.12/site-packages/pip/_vendor/packaging/licenses) by extension 'python'
[0.885s] Level 1:colcon.colcon_core.package_identification:_identify(atob/venv/lib/python3.12/site-packages/pip/_vendor/packaging/licenses) by extensions ['python_setup_py']
[0.885s] Level 1:colcon.colcon_core.package_identification:_identify(atob/venv/lib/python3.12/site-packages/pip/_vendor/packaging/licenses) by extension 'python_setup_py'
[0.886s] Level 1:colcon.colcon_core.package_identification:_identify(atob/venv/lib/python3.12/site-packages/pip/_vendor/packaging/licenses/__pycache__) by extensions ['ignore', 'ignore_ament_install']
[0.886s] Level 1:colcon.colcon_core.package_identification:_identify(atob/venv/lib/python3.12/site-packages/pip/_vendor/packaging/licenses/__pycache__) by extension 'ignore'
[0.886s] Level 1:colcon.colcon_core.package_identification:_identify(atob/venv/lib/python3.12/site-packages/pip/_vendor/packaging/licenses/__pycache__) by extension 'ignore_ament_install'
[0.886s] Level 1:colcon.colcon_core.package_identification:_identify(atob/venv/lib/python3.12/site-packages/pip/_vendor/packaging/licenses/__pycache__) by extensions ['colcon_pkg']
[0.886s] Level 1:colcon.colcon_core.package_identification:_identify(atob/venv/lib/python3.12/site-packages/pip/_vendor/packaging/licenses/__pycache__) by extension 'colcon_pkg'
[0.886s] Level 1:colcon.colcon_core.package_identification:_identify(atob/venv/lib/python3.12/site-packages/pip/_vendor/packaging/licenses/__pycache__) by extensions ['colcon_meta']
[0.886s] Level 1:colcon.colcon_core.package_identification:_identify(atob/venv/lib/python3.12/site-packages/pip/_vendor/packaging/licenses/__pycache__) by extension 'colcon_meta'
[0.886s] Level 1:colcon.colcon_core.package_identification:_identify(atob/venv/lib/python3.12/site-packages/pip/_vendor/packaging/licenses/__pycache__) by extensions ['ros']
[0.887s] Level 1:colcon.colcon_core.package_identification:_identify(atob/venv/lib/python3.12/site-packages/pip/_vendor/packaging/licenses/__pycache__) by extension 'ros'
[0.887s] Level 1:colcon.colcon_core.package_identification:_identify(atob/venv/lib/python3.12/site-packages/pip/_vendor/packaging/licenses/__pycache__) by extensions ['cmake', 'python']
[0.887s] Level 1:colcon.colcon_core.package_identification:_identify(atob/venv/lib/python3.12/site-packages/pip/_vendor/packaging/licenses/__pycache__) by extension 'cmake'
[0.887s] Level 1:colcon.colcon_core.package_identification:_identify(atob/venv/lib/python3.12/site-packages/pip/_vendor/packaging/licenses/__pycache__) by extension 'python'
[0.887s] Level 1:colcon.colcon_core.package_identification:_identify(atob/venv/lib/python3.12/site-packages/pip/_vendor/packaging/licenses/__pycache__) by extensions ['python_setup_py']
[0.887s] Level 1:colcon.colcon_core.package_identification:_identify(atob/venv/lib/python3.12/site-packages/pip/_vendor/packaging/licenses/__pycache__) by extension 'python_setup_py'
[0.889s] Level 1:colcon.colcon_core.package_identification:_identify(atob/venv/lib/python3.12/site-packages/pip/_vendor/pkg_resources) by extensions ['ignore', 'ignore_ament_install']
[0.889s] Level 1:colcon.colcon_core.package_identification:_identify(atob/venv/lib/python3.12/site-packages/pip/_vendor/pkg_resources) by extension 'ignore'
[0.889s] Level 1:colcon.colcon_core.package_identification:_identify(atob/venv/lib/python3.12/site-packages/pip/_vendor/pkg_resources) by extension 'ignore_ament_install'
[0.889s] Level 1:colcon.colcon_core.package_identification:_identify(atob/venv/lib/python3.12/site-packages/pip/_vendor/pkg_resources) by extensions ['colcon_pkg']
[0.889s] Level 1:colcon.colcon_core.package_identification:_identify(atob/venv/lib/python3.12/site-packages/pip/_vendor/pkg_resources) by extension 'colcon_pkg'
[0.889s] Level 1:colcon.colcon_core.package_identification:_identify(atob/venv/lib/python3.12/site-packages/pip/_vendor/pkg_resources) by extensions ['colcon_meta']
[0.889s] Level 1:colcon.colcon_core.package_identification:_identify(atob/venv/lib/python3.12/site-packages/pip/_vendor/pkg_resources) by extension 'colcon_meta'
[0.889s] Level 1:colcon.colcon_core.package_identification:_identify(atob/venv/lib/python3.12/site-packages/pip/_vendor/pkg_resources) by extensions ['ros']
[0.889s] Level 1:colcon.colcon_core.package_identification:_identify(atob/venv/lib/python3.12/site-packages/pip/_vendor/pkg_resources) by extension 'ros'
[0.889s] Level 1:colcon.colcon_core.package_identification:_identify(atob/venv/lib/python3.12/site-packages/pip/_vendor/pkg_resources) by extensions ['cmake', 'python']
[0.889s] Level 1:colcon.colcon_core.package_identification:_identify(atob/venv/lib/python3.12/site-packages/pip/_vendor/pkg_resources) by extension 'cmake'
[0.890s] Level 1:colcon.colcon_core.package_identification:_identify(atob/venv/lib/python3.12/site-packages/pip/_vendor/pkg_resources) by extension 'python'
[0.890s] Level 1:colcon.colcon_core.package_identification:_identify(atob/venv/lib/python3.12/site-packages/pip/_vendor/pkg_resources) by extensions ['python_setup_py']
[0.890s] Level 1:colcon.colcon_core.package_identification:_identify(atob/venv/lib/python3.12/site-packages/pip/_vendor/pkg_resources) by extension 'python_setup_py'
[0.890s] Level 1:colcon.colcon_core.package_identification:_identify(atob/venv/lib/python3.12/site-packages/pip/_vendor/pkg_resources/__pycache__) by extensions ['ignore', 'ignore_ament_install']
[0.890s] Level 1:colcon.colcon_core.package_identification:_identify(atob/venv/lib/python3.12/site-packages/pip/_vendor/pkg_resources/__pycache__) by extension 'ignore'
[0.890s] Level 1:colcon.colcon_core.package_identification:_identify(atob/venv/lib/python3.12/site-packages/pip/_vendor/pkg_resources/__pycache__) by extension 'ignore_ament_install'
[0.890s] Level 1:colcon.colcon_core.package_identification:_identify(atob/venv/lib/python3.12/site-packages/pip/_vendor/pkg_resources/__pycache__) by extensions ['colcon_pkg']
[0.891s] Level 1:colcon.colcon_core.package_identification:_identify(atob/venv/lib/python3.12/site-packages/pip/_vendor/pkg_resources/__pycache__) by extension 'colcon_pkg'
[0.891s] Level 1:colcon.colcon_core.package_identification:_identify(atob/venv/lib/python3.12/site-packages/pip/_vendor/pkg_resources/__pycache__) by extensions ['colcon_meta']
[0.891s] Level 1:colcon.colcon_core.package_identification:_identify(atob/venv/lib/python3.12/site-packages/pip/_vendor/pkg_resources/__pycache__) by extension 'colcon_meta'
[0.891s] Level 1:colcon.colcon_core.package_identification:_identify(atob/venv/lib/python3.12/site-packages/pip/_vendor/pkg_resources/__pycache__) by extensions ['ros']
[0.891s] Level 1:colcon.colcon_core.package_identification:_identify(atob/venv/lib/python3.12/site-packages/pip/_vendor/pkg_resources/__pycache__) by extension 'ros'
[0.891s] Level 1:colcon.colcon_core.package_identification:_identify(atob/venv/lib/python3.12/site-packages/pip/_vendor/pkg_resources/__pycache__) by extensions ['cmake', 'python']
[0.891s] Level 1:colcon.colcon_core.package_identification:_identify(atob/venv/lib/python3.12/site-packages/pip/_vendor/pkg_resources/__pycache__) by extension 'cmake'
[0.891s] Level 1:colcon.colcon_core.package_identification:_identify(atob/venv/lib/python3.12/site-packages/pip/_vendor/pkg_resources/__pycache__) by extension 'python'
[0.891s] Level 1:colcon.colcon_core.package_identification:_identify(atob/venv/lib/python3.12/site-packages/pip/_vendor/pkg_resources/__pycache__) by extensions ['python_setup_py']
[0.891s] Level 1:colcon.colcon_core.package_identification:_identify(atob/venv/lib/python3.12/site-packages/pip/_vendor/pkg_resources/__pycache__) by extension 'python_setup_py'
[0.891s] Level 1:colcon.colcon_core.package_identification:_identify(atob/venv/lib/python3.12/site-packages/pip/_vendor/platformdirs) by extensions ['ignore', 'ignore_ament_install']
[0.892s] Level 1:colcon.colcon_core.package_identification:_identify(atob/venv/lib/python3.12/site-packages/pip/_vendor/platformdirs) by extension 'ignore'
[0.892s] Level 1:colcon.colcon_core.package_identification:_identify(atob/venv/lib/python3.12/site-packages/pip/_vendor/platformdirs) by extension 'ignore_ament_install'
[0.892s] Level 1:colcon.colcon_core.package_identification:_identify(atob/venv/lib/python3.12/site-packages/pip/_vendor/platformdirs) by extensions ['colcon_pkg']
[0.892s] Level 1:colcon.colcon_core.package_identification:_identify(atob/venv/lib/python3.12/site-packages/pip/_vendor/platformdirs) by extension 'colcon_pkg'
[0.892s] Level 1:colcon.colcon_core.package_identification:_identify(atob/venv/lib/python3.12/site-packages/pip/_vendor/platformdirs) by extensions ['colcon_meta']
[0.892s] Level 1:colcon.colcon_core.package_identification:_identify(atob/venv/lib/python3.12/site-packages/pip/_vendor/platformdirs) by extension 'colcon_meta'
[0.892s] Level 1:colcon.colcon_core.package_identification:_identify(atob/venv/lib/python3.12/site-packages/pip/_vendor/platformdirs) by extensions ['ros']
[0.892s] Level 1:colcon.colcon_core.package_identification:_identify(atob/venv/lib/python3.12/site-packages/pip/_vendor/platformdirs) by extension 'ros'
[0.892s] Level 1:colcon.colcon_core.package_identification:_identify(atob/venv/lib/python3.12/site-packages/pip/_vendor/platformdirs) by extensions ['cmake', 'python']
[0.892s] Level 1:colcon.colcon_core.package_identification:_identify(atob/venv/lib/python3.12/site-packages/pip/_vendor/platformdirs) by extension 'cmake'
[0.892s] Level 1:colcon.colcon_core.package_identification:_identify(atob/venv/lib/python3.12/site-packages/pip/_vendor/platformdirs) by extension 'python'
[0.892s] Level 1:colcon.colcon_core.package_identification:_identify(atob/venv/lib/python3.12/site-packages/pip/_vendor/platformdirs) by extensions ['python_setup_py']
[0.892s] Level 1:colcon.colcon_core.package_identification:_identify(atob/venv/lib/python3.12/site-packages/pip/_vendor/platformdirs) by extension 'python_setup_py'
[0.893s] Level 1:colcon.colcon_core.package_identification:_identify(atob/venv/lib/python3.12/site-packages/pip/_vendor/platformdirs/__pycache__) by extensions ['ignore', 'ignore_ament_install']
[0.893s] Level 1:colcon.colcon_core.package_identification:_identify(atob/venv/lib/python3.12/site-packages/pip/_vendor/platformdirs/__pycache__) by extension 'ignore'
[0.893s] Level 1:colcon.colcon_core.package_identification:_identify(atob/venv/lib/python3.12/site-packages/pip/_vendor/platformdirs/__pycache__) by extension 'ignore_ament_install'
[0.893s] Level 1:colcon.colcon_core.package_identification:_identify(atob/venv/lib/python3.12/site-packages/pip/_vendor/platformdirs/__pycache__) by extensions ['colcon_pkg']
[0.893s] Level 1:colcon.colcon_core.package_identification:_identify(atob/venv/lib/python3.12/site-packages/pip/_vendor/platformdirs/__pycache__) by extension 'colcon_pkg'
[0.893s] Level 1:colcon.colcon_core.package_identification:_identify(atob/venv/lib/python3.12/site-packages/pip/_vendor/platformdirs/__pycache__) by extensions ['colcon_meta']
[0.893s] Level 1:colcon.colcon_core.package_identification:_identify(atob/venv/lib/python3.12/site-packages/pip/_vendor/platformdirs/__pycache__) by extension 'colcon_meta'
[0.893s] Level 1:colcon.colcon_core.package_identification:_identify(atob/venv/lib/python3.12/site-packages/pip/_vendor/platformdirs/__pycache__) by extensions ['ros']
[0.894s] Level 1:colcon.colcon_core.package_identification:_identify(atob/venv/lib/python3.12/site-packages/pip/_vendor/platformdirs/__pycache__) by extension 'ros'
[0.894s] Level 1:colcon.colcon_core.package_identification:_identify(atob/venv/lib/python3.12/site-packages/pip/_vendor/platformdirs/__pycache__) by extensions ['cmake', 'python']
[0.894s] Level 1:colcon.colcon_core.package_identification:_identify(atob/venv/lib/python3.12/site-packages/pip/_vendor/platformdirs/__pycache__) by extension 'cmake'
[0.894s] Level 1:colcon.colcon_core.package_identification:_identify(atob/venv/lib/python3.12/site-packages/pip/_vendor/platformdirs/__pycache__) by extension 'python'
[0.894s] Level 1:colcon.colcon_core.package_identification:_identify(atob/venv/lib/python3.12/site-packages/pip/_vendor/platformdirs/__pycache__) by extensions ['python_setup_py']
[0.894s] Level 1:colcon.colcon_core.package_identification:_identify(atob/venv/lib/python3.12/site-packages/pip/_vendor/platformdirs/__pycache__) by extension 'python_setup_py'
[0.894s] Level 1:colcon.colcon_core.package_identification:_identify(atob/venv/lib/python3.12/site-packages/pip/_vendor/pygments) by extensions ['ignore', 'ignore_ament_install']
[0.894s] Level 1:colcon.colcon_core.package_identification:_identify(atob/venv/lib/python3.12/site-packages/pip/_vendor/pygments) by extension 'ignore'
[0.895s] Level 1:colcon.colcon_core.package_identification:_identify(atob/venv/lib/python3.12/site-packages/pip/_vendor/pygments) by extension 'ignore_ament_install'
[0.895s] Level 1:colcon.colcon_core.package_identification:_identify(atob/venv/lib/python3.12/site-packages/pip/_vendor/pygments) by extensions ['colcon_pkg']
[0.895s] Level 1:colcon.colcon_core.package_identification:_identify(atob/venv/lib/python3.12/site-packages/pip/_vendor/pygments) by extension 'colcon_pkg'
[0.895s] Level 1:colcon.colcon_core.package_identification:_identify(atob/venv/lib/python3.12/site-packages/pip/_vendor/pygments) by extensions ['colcon_meta']
[0.895s] Level 1:colcon.colcon_core.package_identification:_identify(atob/venv/lib/python3.12/site-packages/pip/_vendor/pygments) by extension 'colcon_meta'
[0.895s] Level 1:colcon.colcon_core.package_identification:_identify(atob/venv/lib/python3.12/site-packages/pip/_vendor/pygments) by extensions ['ros']
[0.895s] Level 1:colcon.colcon_core.package_identification:_identify(atob/venv/lib/python3.12/site-packages/pip/_vendor/pygments) by extension 'ros'
[0.895s] Level 1:colcon.colcon_core.package_identification:_identify(atob/venv/lib/python3.12/site-packages/pip/_vendor/pygments) by extensions ['cmake', 'python']
[0.895s] Level 1:colcon.colcon_core.package_identification:_identify(atob/venv/lib/python3.12/site-packages/pip/_vendor/pygments) by extension 'cmake'
[0.895s] Level 1:colcon.colcon_core.package_identification:_identify(atob/venv/lib/python3.12/site-packages/pip/_vendor/pygments) by extension 'python'
[0.895s] Level 1:colcon.colcon_core.package_identification:_identify(atob/venv/lib/python3.12/site-packages/pip/_vendor/pygments) by extensions ['python_setup_py']
[0.895s] Level 1:colcon.colcon_core.package_identification:_identify(atob/venv/lib/python3.12/site-packages/pip/_vendor/pygments) by extension 'python_setup_py'
[0.896s] Level 1:colcon.colcon_core.package_identification:_identify(atob/venv/lib/python3.12/site-packages/pip/_vendor/pygments/__pycache__) by extensions ['ignore', 'ignore_ament_install']
[0.896s] Level 1:colcon.colcon_core.package_identification:_identify(atob/venv/lib/python3.12/site-packages/pip/_vendor/pygments/__pycache__) by extension 'ignore'
[0.896s] Level 1:colcon.colcon_core.package_identification:_identify(atob/venv/lib/python3.12/site-packages/pip/_vendor/pygments/__pycache__) by extension 'ignore_ament_install'
[0.896s] Level 1:colcon.colcon_core.package_identification:_identify(atob/venv/lib/python3.12/site-packages/pip/_vendor/pygments/__pycache__) by extensions ['colcon_pkg']
[0.896s] Level 1:colcon.colcon_core.package_identification:_identify(atob/venv/lib/python3.12/site-packages/pip/_vendor/pygments/__pycache__) by extension 'colcon_pkg'
[0.896s] Level 1:colcon.colcon_core.package_identification:_identify(atob/venv/lib/python3.12/site-packages/pip/_vendor/pygments/__pycache__) by extensions ['colcon_meta']
[0.896s] Level 1:colcon.colcon_core.package_identification:_identify(atob/venv/lib/python3.12/site-packages/pip/_vendor/pygments/__pycache__) by extension 'colcon_meta'
[0.896s] Level 1:colcon.colcon_core.package_identification:_identify(atob/venv/lib/python3.12/site-packages/pip/_vendor/pygments/__pycache__) by extensions ['ros']
[0.896s] Level 1:colcon.colcon_core.package_identification:_identify(atob/venv/lib/python3.12/site-packages/pip/_vendor/pygments/__pycache__) by extension 'ros'
[0.896s] Level 1:colcon.colcon_core.package_identification:_identify(atob/venv/lib/python3.12/site-packages/pip/_vendor/pygments/__pycache__) by extensions ['cmake', 'python']
[0.896s] Level 1:colcon.colcon_core.package_identification:_identify(atob/venv/lib/python3.12/site-packages/pip/_vendor/pygments/__pycache__) by extension 'cmake'
[0.897s] Level 1:colcon.colcon_core.package_identification:_identify(atob/venv/lib/python3.12/site-packages/pip/_vendor/pygments/__pycache__) by extension 'python'
[0.897s] Level 1:colcon.colcon_core.package_identification:_identify(atob/venv/lib/python3.12/site-packages/pip/_vendor/pygments/__pycache__) by extensions ['python_setup_py']
[0.897s] Level 1:colcon.colcon_core.package_identification:_identify(atob/venv/lib/python3.12/site-packages/pip/_vendor/pygments/__pycache__) by extension 'python_setup_py'
[0.897s] Level 1:colcon.colcon_core.package_identification:_identify(atob/venv/lib/python3.12/site-packages/pip/_vendor/pygments/filters) by extensions ['ignore', 'ignore_ament_install']
[0.897s] Level 1:colcon.colcon_core.package_identification:_identify(atob/venv/lib/python3.12/site-packages/pip/_vendor/pygments/filters) by extension 'ignore'
[0.897s] Level 1:colcon.colcon_core.package_identification:_identify(atob/venv/lib/python3.12/site-packages/pip/_vendor/pygments/filters) by extension 'ignore_ament_install'
[0.897s] Level 1:colcon.colcon_core.package_identification:_identify(atob/venv/lib/python3.12/site-packages/pip/_vendor/pygments/filters) by extensions ['colcon_pkg']
[0.897s] Level 1:colcon.colcon_core.package_identification:_identify(atob/venv/lib/python3.12/site-packages/pip/_vendor/pygments/filters) by extension 'colcon_pkg'
[0.898s] Level 1:colcon.colcon_core.package_identification:_identify(atob/venv/lib/python3.12/site-packages/pip/_vendor/pygments/filters) by extensions ['colcon_meta']
[0.898s] Level 1:colcon.colcon_core.package_identification:_identify(atob/venv/lib/python3.12/site-packages/pip/_vendor/pygments/filters) by extension 'colcon_meta'
[0.898s] Level 1:colcon.colcon_core.package_identification:_identify(atob/venv/lib/python3.12/site-packages/pip/_vendor/pygments/filters) by extensions ['ros']
[0.898s] Level 1:colcon.colcon_core.package_identification:_identify(atob/venv/lib/python3.12/site-packages/pip/_vendor/pygments/filters) by extension 'ros'
[0.898s] Level 1:colcon.colcon_core.package_identification:_identify(atob/venv/lib/python3.12/site-packages/pip/_vendor/pygments/filters) by extensions ['cmake', 'python']
[0.898s] Level 1:colcon.colcon_core.package_identification:_identify(atob/venv/lib/python3.12/site-packages/pip/_vendor/pygments/filters) by extension 'cmake'
[0.898s] Level 1:colcon.colcon_core.package_identification:_identify(atob/venv/lib/python3.12/site-packages/pip/_vendor/pygments/filters) by extension 'python'
[0.898s] Level 1:colcon.colcon_core.package_identification:_identify(atob/venv/lib/python3.12/site-packages/pip/_vendor/pygments/filters) by extensions ['python_setup_py']
[0.898s] Level 1:colcon.colcon_core.package_identification:_identify(atob/venv/lib/python3.12/site-packages/pip/_vendor/pygments/filters) by extension 'python_setup_py'
[0.898s] Level 1:colcon.colcon_core.package_identification:_identify(atob/venv/lib/python3.12/site-packages/pip/_vendor/pygments/filters/__pycache__) by extensions ['ignore', 'ignore_ament_install']
[0.899s] Level 1:colcon.colcon_core.package_identification:_identify(atob/venv/lib/python3.12/site-packages/pip/_vendor/pygments/filters/__pycache__) by extension 'ignore'
[0.899s] Level 1:colcon.colcon_core.package_identification:_identify(atob/venv/lib/python3.12/site-packages/pip/_vendor/pygments/filters/__pycache__) by extension 'ignore_ament_install'
[0.899s] Level 1:colcon.colcon_core.package_identification:_identify(atob/venv/lib/python3.12/site-packages/pip/_vendor/pygments/filters/__pycache__) by extensions ['colcon_pkg']
[0.899s] Level 1:colcon.colcon_core.package_identification:_identify(atob/venv/lib/python3.12/site-packages/pip/_vendor/pygments/filters/__pycache__) by extension 'colcon_pkg'
[0.899s] Level 1:colcon.colcon_core.package_identification:_identify(atob/venv/lib/python3.12/site-packages/pip/_vendor/pygments/filters/__pycache__) by extensions ['colcon_meta']
[0.899s] Level 1:colcon.colcon_core.package_identification:_identify(atob/venv/lib/python3.12/site-packages/pip/_vendor/pygments/filters/__pycache__) by extension 'colcon_meta'
[0.899s] Level 1:colcon.colcon_core.package_identification:_identify(atob/venv/lib/python3.12/site-packages/pip/_vendor/pygments/filters/__pycache__) by extensions ['ros']
[0.899s] Level 1:colcon.colcon_core.package_identification:_identify(atob/venv/lib/python3.12/site-packages/pip/_vendor/pygments/filters/__pycache__) by extension 'ros'
[0.899s] Level 1:colcon.colcon_core.package_identification:_identify(atob/venv/lib/python3.12/site-packages/pip/_vendor/pygments/filters/__pycache__) by extensions ['cmake', 'python']
[0.899s] Level 1:colcon.colcon_core.package_identification:_identify(atob/venv/lib/python3.12/site-packages/pip/_vendor/pygments/filters/__pycache__) by extension 'cmake'
[0.899s] Level 1:colcon.colcon_core.package_identification:_identify(atob/venv/lib/python3.12/site-packages/pip/_vendor/pygments/filters/__pycache__) by extension 'python'
[0.899s] Level 1:colcon.colcon_core.package_identification:_identify(atob/venv/lib/python3.12/site-packages/pip/_vendor/pygments/filters/__pycache__) by extensions ['python_setup_py']
[0.899s] Level 1:colcon.colcon_core.package_identification:_identify(atob/venv/lib/python3.12/site-packages/pip/_vendor/pygments/filters/__pycache__) by extension 'python_setup_py'
[0.900s] Level 1:colcon.colcon_core.package_identification:_identify(atob/venv/lib/python3.12/site-packages/pip/_vendor/pygments/formatters) by extensions ['ignore', 'ignore_ament_install']
[0.900s] Level 1:colcon.colcon_core.package_identification:_identify(atob/venv/lib/python3.12/site-packages/pip/_vendor/pygments/formatters) by extension 'ignore'
[0.900s] Level 1:colcon.colcon_core.package_identification:_identify(atob/venv/lib/python3.12/site-packages/pip/_vendor/pygments/formatters) by extension 'ignore_ament_install'
[0.900s] Level 1:colcon.colcon_core.package_identification:_identify(atob/venv/lib/python3.12/site-packages/pip/_vendor/pygments/formatters) by extensions ['colcon_pkg']
[0.900s] Level 1:colcon.colcon_core.package_identification:_identify(atob/venv/lib/python3.12/site-packages/pip/_vendor/pygments/formatters) by extension 'colcon_pkg'
[0.900s] Level 1:colcon.colcon_core.package_identification:_identify(atob/venv/lib/python3.12/site-packages/pip/_vendor/pygments/formatters) by extensions ['colcon_meta']
[0.900s] Level 1:colcon.colcon_core.package_identification:_identify(atob/venv/lib/python3.12/site-packages/pip/_vendor/pygments/formatters) by extension 'colcon_meta'
[0.900s] Level 1:colcon.colcon_core.package_identification:_identify(atob/venv/lib/python3.12/site-packages/pip/_vendor/pygments/formatters) by extensions ['ros']
[0.900s] Level 1:colcon.colcon_core.package_identification:_identify(atob/venv/lib/python3.12/site-packages/pip/_vendor/pygments/formatters) by extension 'ros'
[0.901s] Level 1:colcon.colcon_core.package_identification:_identify(atob/venv/lib/python3.12/site-packages/pip/_vendor/pygments/formatters) by extensions ['cmake', 'python']
[0.901s] Level 1:colcon.colcon_core.package_identification:_identify(atob/venv/lib/python3.12/site-packages/pip/_vendor/pygments/formatters) by extension 'cmake'
[0.901s] Level 1:colcon.colcon_core.package_identification:_identify(atob/venv/lib/python3.12/site-packages/pip/_vendor/pygments/formatters) by extension 'python'
[0.901s] Level 1:colcon.colcon_core.package_identification:_identify(atob/venv/lib/python3.12/site-packages/pip/_vendor/pygments/formatters) by extensions ['python_setup_py']
[0.901s] Level 1:colcon.colcon_core.package_identification:_identify(atob/venv/lib/python3.12/site-packages/pip/_vendor/pygments/formatters) by extension 'python_setup_py'
[0.901s] Level 1:colcon.colcon_core.package_identification:_identify(atob/venv/lib/python3.12/site-packages/pip/_vendor/pygments/formatters/__pycache__) by extensions ['ignore', 'ignore_ament_install']
[0.901s] Level 1:colcon.colcon_core.package_identification:_identify(atob/venv/lib/python3.12/site-packages/pip/_vendor/pygments/formatters/__pycache__) by extension 'ignore'
[0.901s] Level 1:colcon.colcon_core.package_identification:_identify(atob/venv/lib/python3.12/site-packages/pip/_vendor/pygments/formatters/__pycache__) by extension 'ignore_ament_install'
[0.901s] Level 1:colcon.colcon_core.package_identification:_identify(atob/venv/lib/python3.12/site-packages/pip/_vendor/pygments/formatters/__pycache__) by extensions ['colcon_pkg']
[0.902s] Level 1:colcon.colcon_core.package_identification:_identify(atob/venv/lib/python3.12/site-packages/pip/_vendor/pygments/formatters/__pycache__) by extension 'colcon_pkg'
[0.902s] Level 1:colcon.colcon_core.package_identification:_identify(atob/venv/lib/python3.12/site-packages/pip/_vendor/pygments/formatters/__pycache__) by extensions ['colcon_meta']
[0.902s] Level 1:colcon.colcon_core.package_identification:_identify(atob/venv/lib/python3.12/site-packages/pip/_vendor/pygments/formatters/__pycache__) by extension 'colcon_meta'
[0.902s] Level 1:colcon.colcon_core.package_identification:_identify(atob/venv/lib/python3.12/site-packages/pip/_vendor/pygments/formatters/__pycache__) by extensions ['ros']
[0.902s] Level 1:colcon.colcon_core.package_identification:_identify(atob/venv/lib/python3.12/site-packages/pip/_vendor/pygments/formatters/__pycache__) by extension 'ros'
[0.902s] Level 1:colcon.colcon_core.package_identification:_identify(atob/venv/lib/python3.12/site-packages/pip/_vendor/pygments/formatters/__pycache__) by extensions ['cmake', 'python']
[0.902s] Level 1:colcon.colcon_core.package_identification:_identify(atob/venv/lib/python3.12/site-packages/pip/_vendor/pygments/formatters/__pycache__) by extension 'cmake'
[0.902s] Level 1:colcon.colcon_core.package_identification:_identify(atob/venv/lib/python3.12/site-packages/pip/_vendor/pygments/formatters/__pycache__) by extension 'python'
[0.902s] Level 1:colcon.colcon_core.package_identification:_identify(atob/venv/lib/python3.12/site-packages/pip/_vendor/pygments/formatters/__pycache__) by extensions ['python_setup_py']
[0.902s] Level 1:colcon.colcon_core.package_identification:_identify(atob/venv/lib/python3.12/site-packages/pip/_vendor/pygments/formatters/__pycache__) by extension 'python_setup_py'
[0.903s] Level 1:colcon.colcon_core.package_identification:_identify(atob/venv/lib/python3.12/site-packages/pip/_vendor/pygments/lexers) by extensions ['ignore', 'ignore_ament_install']
[0.903s] Level 1:colcon.colcon_core.package_identification:_identify(atob/venv/lib/python3.12/site-packages/pip/_vendor/pygments/lexers) by extension 'ignore'
[0.903s] Level 1:colcon.colcon_core.package_identification:_identify(atob/venv/lib/python3.12/site-packages/pip/_vendor/pygments/lexers) by extension 'ignore_ament_install'
[0.903s] Level 1:colcon.colcon_core.package_identification:_identify(atob/venv/lib/python3.12/site-packages/pip/_vendor/pygments/lexers) by extensions ['colcon_pkg']
[0.903s] Level 1:colcon.colcon_core.package_identification:_identify(atob/venv/lib/python3.12/site-packages/pip/_vendor/pygments/lexers) by extension 'colcon_pkg'
[0.903s] Level 1:colcon.colcon_core.package_identification:_identify(atob/venv/lib/python3.12/site-packages/pip/_vendor/pygments/lexers) by extensions ['colcon_meta']
[0.903s] Level 1:colcon.colcon_core.package_identification:_identify(atob/venv/lib/python3.12/site-packages/pip/_vendor/pygments/lexers) by extension 'colcon_meta'
[0.903s] Level 1:colcon.colcon_core.package_identification:_identify(atob/venv/lib/python3.12/site-packages/pip/_vendor/pygments/lexers) by extensions ['ros']
[0.903s] Level 1:colcon.colcon_core.package_identification:_identify(atob/venv/lib/python3.12/site-packages/pip/_vendor/pygments/lexers) by extension 'ros'
[0.903s] Level 1:colcon.colcon_core.package_identification:_identify(atob/venv/lib/python3.12/site-packages/pip/_vendor/pygments/lexers) by extensions ['cmake', 'python']
[0.903s] Level 1:colcon.colcon_core.package_identification:_identify(atob/venv/lib/python3.12/site-packages/pip/_vendor/pygments/lexers) by extension 'cmake'
[0.903s] Level 1:colcon.colcon_core.package_identification:_identify(atob/venv/lib/python3.12/site-packages/pip/_vendor/pygments/lexers) by extension 'python'
[0.903s] Level 1:colcon.colcon_core.package_identification:_identify(atob/venv/lib/python3.12/site-packages/pip/_vendor/pygments/lexers) by extensions ['python_setup_py']
[0.903s] Level 1:colcon.colcon_core.package_identification:_identify(atob/venv/lib/python3.12/site-packages/pip/_vendor/pygments/lexers) by extension 'python_setup_py'
[0.904s] Level 1:colcon.colcon_core.package_identification:_identify(atob/venv/lib/python3.12/site-packages/pip/_vendor/pygments/lexers/__pycache__) by extensions ['ignore', 'ignore_ament_install']
[0.904s] Level 1:colcon.colcon_core.package_identification:_identify(atob/venv/lib/python3.12/site-packages/pip/_vendor/pygments/lexers/__pycache__) by extension 'ignore'
[0.904s] Level 1:colcon.colcon_core.package_identification:_identify(atob/venv/lib/python3.12/site-packages/pip/_vendor/pygments/lexers/__pycache__) by extension 'ignore_ament_install'
[0.904s] Level 1:colcon.colcon_core.package_identification:_identify(atob/venv/lib/python3.12/site-packages/pip/_vendor/pygments/lexers/__pycache__) by extensions ['colcon_pkg']
[0.904s] Level 1:colcon.colcon_core.package_identification:_identify(atob/venv/lib/python3.12/site-packages/pip/_vendor/pygments/lexers/__pycache__) by extension 'colcon_pkg'
[0.904s] Level 1:colcon.colcon_core.package_identification:_identify(atob/venv/lib/python3.12/site-packages/pip/_vendor/pygments/lexers/__pycache__) by extensions ['colcon_meta']
[0.904s] Level 1:colcon.colcon_core.package_identification:_identify(atob/venv/lib/python3.12/site-packages/pip/_vendor/pygments/lexers/__pycache__) by extension 'colcon_meta'
[0.904s] Level 1:colcon.colcon_core.package_identification:_identify(atob/venv/lib/python3.12/site-packages/pip/_vendor/pygments/lexers/__pycache__) by extensions ['ros']
[0.904s] Level 1:colcon.colcon_core.package_identification:_identify(atob/venv/lib/python3.12/site-packages/pip/_vendor/pygments/lexers/__pycache__) by extension 'ros'
[0.904s] Level 1:colcon.colcon_core.package_identification:_identify(atob/venv/lib/python3.12/site-packages/pip/_vendor/pygments/lexers/__pycache__) by extensions ['cmake', 'python']
[0.904s] Level 1:colcon.colcon_core.package_identification:_identify(atob/venv/lib/python3.12/site-packages/pip/_vendor/pygments/lexers/__pycache__) by extension 'cmake'
[0.905s] Level 1:colcon.colcon_core.package_identification:_identify(atob/venv/lib/python3.12/site-packages/pip/_vendor/pygments/lexers/__pycache__) by extension 'python'
[0.905s] Level 1:colcon.colcon_core.package_identification:_identify(atob/venv/lib/python3.12/site-packages/pip/_vendor/pygments/lexers/__pycache__) by extensions ['python_setup_py']
[0.905s] Level 1:colcon.colcon_core.package_identification:_identify(atob/venv/lib/python3.12/site-packages/pip/_vendor/pygments/lexers/__pycache__) by extension 'python_setup_py'
[0.905s] Level 1:colcon.colcon_core.package_identification:_identify(atob/venv/lib/python3.12/site-packages/pip/_vendor/pygments/styles) by extensions ['ignore', 'ignore_ament_install']
[0.905s] Level 1:colcon.colcon_core.package_identification:_identify(atob/venv/lib/python3.12/site-packages/pip/_vendor/pygments/styles) by extension 'ignore'
[0.905s] Level 1:colcon.colcon_core.package_identification:_identify(atob/venv/lib/python3.12/site-packages/pip/_vendor/pygments/styles) by extension 'ignore_ament_install'
[0.905s] Level 1:colcon.colcon_core.package_identification:_identify(atob/venv/lib/python3.12/site-packages/pip/_vendor/pygments/styles) by extensions ['colcon_pkg']
[0.905s] Level 1:colcon.colcon_core.package_identification:_identify(atob/venv/lib/python3.12/site-packages/pip/_vendor/pygments/styles) by extension 'colcon_pkg'
[0.905s] Level 1:colcon.colcon_core.package_identification:_identify(atob/venv/lib/python3.12/site-packages/pip/_vendor/pygments/styles) by extensions ['colcon_meta']
[0.906s] Level 1:colcon.colcon_core.package_identification:_identify(atob/venv/lib/python3.12/site-packages/pip/_vendor/pygments/styles) by extension 'colcon_meta'
[0.906s] Level 1:colcon.colcon_core.package_identification:_identify(atob/venv/lib/python3.12/site-packages/pip/_vendor/pygments/styles) by extensions ['ros']
[0.906s] Level 1:colcon.colcon_core.package_identification:_identify(atob/venv/lib/python3.12/site-packages/pip/_vendor/pygments/styles) by extension 'ros'
[0.906s] Level 1:colcon.colcon_core.package_identification:_identify(atob/venv/lib/python3.12/site-packages/pip/_vendor/pygments/styles) by extensions ['cmake', 'python']
[0.906s] Level 1:colcon.colcon_core.package_identification:_identify(atob/venv/lib/python3.12/site-packages/pip/_vendor/pygments/styles) by extension 'cmake'
[0.906s] Level 1:colcon.colcon_core.package_identification:_identify(atob/venv/lib/python3.12/site-packages/pip/_vendor/pygments/styles) by extension 'python'
[0.906s] Level 1:colcon.colcon_core.package_identification:_identify(atob/venv/lib/python3.12/site-packages/pip/_vendor/pygments/styles) by extensions ['python_setup_py']
[0.906s] Level 1:colcon.colcon_core.package_identification:_identify(atob/venv/lib/python3.12/site-packages/pip/_vendor/pygments/styles) by extension 'python_setup_py'
[0.906s] Level 1:colcon.colcon_core.package_identification:_identify(atob/venv/lib/python3.12/site-packages/pip/_vendor/pygments/styles/__pycache__) by extensions ['ignore', 'ignore_ament_install']
[0.906s] Level 1:colcon.colcon_core.package_identification:_identify(atob/venv/lib/python3.12/site-packages/pip/_vendor/pygments/styles/__pycache__) by extension 'ignore'
[0.907s] Level 1:colcon.colcon_core.package_identification:_identify(atob/venv/lib/python3.12/site-packages/pip/_vendor/pygments/styles/__pycache__) by extension 'ignore_ament_install'
[0.907s] Level 1:colcon.colcon_core.package_identification:_identify(atob/venv/lib/python3.12/site-packages/pip/_vendor/pygments/styles/__pycache__) by extensions ['colcon_pkg']
[0.907s] Level 1:colcon.colcon_core.package_identification:_identify(atob/venv/lib/python3.12/site-packages/pip/_vendor/pygments/styles/__pycache__) by extension 'colcon_pkg'
[0.907s] Level 1:colcon.colcon_core.package_identification:_identify(atob/venv/lib/python3.12/site-packages/pip/_vendor/pygments/styles/__pycache__) by extensions ['colcon_meta']
[0.907s] Level 1:colcon.colcon_core.package_identification:_identify(atob/venv/lib/python3.12/site-packages/pip/_vendor/pygments/styles/__pycache__) by extension 'colcon_meta'
[0.907s] Level 1:colcon.colcon_core.package_identification:_identify(atob/venv/lib/python3.12/site-packages/pip/_vendor/pygments/styles/__pycache__) by extensions ['ros']
[0.907s] Level 1:colcon.colcon_core.package_identification:_identify(atob/venv/lib/python3.12/site-packages/pip/_vendor/pygments/styles/__pycache__) by extension 'ros'
[0.907s] Level 1:colcon.colcon_core.package_identification:_identify(atob/venv/lib/python3.12/site-packages/pip/_vendor/pygments/styles/__pycache__) by extensions ['cmake', 'python']
[0.907s] Level 1:colcon.colcon_core.package_identification:_identify(atob/venv/lib/python3.12/site-packages/pip/_vendor/pygments/styles/__pycache__) by extension 'cmake'
[0.907s] Level 1:colcon.colcon_core.package_identification:_identify(atob/venv/lib/python3.12/site-packages/pip/_vendor/pygments/styles/__pycache__) by extension 'python'
[0.907s] Level 1:colcon.colcon_core.package_identification:_identify(atob/venv/lib/python3.12/site-packages/pip/_vendor/pygments/styles/__pycache__) by extensions ['python_setup_py']
[0.907s] Level 1:colcon.colcon_core.package_identification:_identify(atob/venv/lib/python3.12/site-packages/pip/_vendor/pygments/styles/__pycache__) by extension 'python_setup_py'
[0.908s] Level 1:colcon.colcon_core.package_identification:_identify(atob/venv/lib/python3.12/site-packages/pip/_vendor/pyproject_hooks) by extensions ['ignore', 'ignore_ament_install']
[0.908s] Level 1:colcon.colcon_core.package_identification:_identify(atob/venv/lib/python3.12/site-packages/pip/_vendor/pyproject_hooks) by extension 'ignore'
[0.908s] Level 1:colcon.colcon_core.package_identification:_identify(atob/venv/lib/python3.12/site-packages/pip/_vendor/pyproject_hooks) by extension 'ignore_ament_install'
[0.908s] Level 1:colcon.colcon_core.package_identification:_identify(atob/venv/lib/python3.12/site-packages/pip/_vendor/pyproject_hooks) by extensions ['colcon_pkg']
[0.908s] Level 1:colcon.colcon_core.package_identification:_identify(atob/venv/lib/python3.12/site-packages/pip/_vendor/pyproject_hooks) by extension 'colcon_pkg'
[0.908s] Level 1:colcon.colcon_core.package_identification:_identify(atob/venv/lib/python3.12/site-packages/pip/_vendor/pyproject_hooks) by extensions ['colcon_meta']
[0.908s] Level 1:colcon.colcon_core.package_identification:_identify(atob/venv/lib/python3.12/site-packages/pip/_vendor/pyproject_hooks) by extension 'colcon_meta'
[0.908s] Level 1:colcon.colcon_core.package_identification:_identify(atob/venv/lib/python3.12/site-packages/pip/_vendor/pyproject_hooks) by extensions ['ros']
[0.908s] Level 1:colcon.colcon_core.package_identification:_identify(atob/venv/lib/python3.12/site-packages/pip/_vendor/pyproject_hooks) by extension 'ros'
[0.908s] Level 1:colcon.colcon_core.package_identification:_identify(atob/venv/lib/python3.12/site-packages/pip/_vendor/pyproject_hooks) by extensions ['cmake', 'python']
[0.908s] Level 1:colcon.colcon_core.package_identification:_identify(atob/venv/lib/python3.12/site-packages/pip/_vendor/pyproject_hooks) by extension 'cmake'
[0.908s] Level 1:colcon.colcon_core.package_identification:_identify(atob/venv/lib/python3.12/site-packages/pip/_vendor/pyproject_hooks) by extension 'python'
[0.908s] Level 1:colcon.colcon_core.package_identification:_identify(atob/venv/lib/python3.12/site-packages/pip/_vendor/pyproject_hooks) by extensions ['python_setup_py']
[0.908s] Level 1:colcon.colcon_core.package_identification:_identify(atob/venv/lib/python3.12/site-packages/pip/_vendor/pyproject_hooks) by extension 'python_setup_py'
[0.909s] Level 1:colcon.colcon_core.package_identification:_identify(atob/venv/lib/python3.12/site-packages/pip/_vendor/pyproject_hooks/__pycache__) by extensions ['ignore', 'ignore_ament_install']
[0.909s] Level 1:colcon.colcon_core.package_identification:_identify(atob/venv/lib/python3.12/site-packages/pip/_vendor/pyproject_hooks/__pycache__) by extension 'ignore'
[0.909s] Level 1:colcon.colcon_core.package_identification:_identify(atob/venv/lib/python3.12/site-packages/pip/_vendor/pyproject_hooks/__pycache__) by extension 'ignore_ament_install'
[0.909s] Level 1:colcon.colcon_core.package_identification:_identify(atob/venv/lib/python3.12/site-packages/pip/_vendor/pyproject_hooks/__pycache__) by extensions ['colcon_pkg']
[0.909s] Level 1:colcon.colcon_core.package_identification:_identify(atob/venv/lib/python3.12/site-packages/pip/_vendor/pyproject_hooks/__pycache__) by extension 'colcon_pkg'
[0.909s] Level 1:colcon.colcon_core.package_identification:_identify(atob/venv/lib/python3.12/site-packages/pip/_vendor/pyproject_hooks/__pycache__) by extensions ['colcon_meta']
[0.909s] Level 1:colcon.colcon_core.package_identification:_identify(atob/venv/lib/python3.12/site-packages/pip/_vendor/pyproject_hooks/__pycache__) by extension 'colcon_meta'
[0.909s] Level 1:colcon.colcon_core.package_identification:_identify(atob/venv/lib/python3.12/site-packages/pip/_vendor/pyproject_hooks/__pycache__) by extensions ['ros']
[0.909s] Level 1:colcon.colcon_core.package_identification:_identify(atob/venv/lib/python3.12/site-packages/pip/_vendor/pyproject_hooks/__pycache__) by extension 'ros'
[0.910s] Level 1:colcon.colcon_core.package_identification:_identify(atob/venv/lib/python3.12/site-packages/pip/_vendor/pyproject_hooks/__pycache__) by extensions ['cmake', 'python']
[0.910s] Level 1:colcon.colcon_core.package_identification:_identify(atob/venv/lib/python3.12/site-packages/pip/_vendor/pyproject_hooks/__pycache__) by extension 'cmake'
[0.910s] Level 1:colcon.colcon_core.package_identification:_identify(atob/venv/lib/python3.12/site-packages/pip/_vendor/pyproject_hooks/__pycache__) by extension 'python'
[0.910s] Level 1:colcon.colcon_core.package_identification:_identify(atob/venv/lib/python3.12/site-packages/pip/_vendor/pyproject_hooks/__pycache__) by extensions ['python_setup_py']
[0.910s] Level 1:colcon.colcon_core.package_identification:_identify(atob/venv/lib/python3.12/site-packages/pip/_vendor/pyproject_hooks/__pycache__) by extension 'python_setup_py'
[0.910s] Level 1:colcon.colcon_core.package_identification:_identify(atob/venv/lib/python3.12/site-packages/pip/_vendor/pyproject_hooks/_in_process) by extensions ['ignore', 'ignore_ament_install']
[0.910s] Level 1:colcon.colcon_core.package_identification:_identify(atob/venv/lib/python3.12/site-packages/pip/_vendor/pyproject_hooks/_in_process) by extension 'ignore'
[0.910s] Level 1:colcon.colcon_core.package_identification:_identify(atob/venv/lib/python3.12/site-packages/pip/_vendor/pyproject_hooks/_in_process) by extension 'ignore_ament_install'
[0.911s] Level 1:colcon.colcon_core.package_identification:_identify(atob/venv/lib/python3.12/site-packages/pip/_vendor/pyproject_hooks/_in_process) by extensions ['colcon_pkg']
[0.911s] Level 1:colcon.colcon_core.package_identification:_identify(atob/venv/lib/python3.12/site-packages/pip/_vendor/pyproject_hooks/_in_process) by extension 'colcon_pkg'
[0.911s] Level 1:colcon.colcon_core.package_identification:_identify(atob/venv/lib/python3.12/site-packages/pip/_vendor/pyproject_hooks/_in_process) by extensions ['colcon_meta']
[0.911s] Level 1:colcon.colcon_core.package_identification:_identify(atob/venv/lib/python3.12/site-packages/pip/_vendor/pyproject_hooks/_in_process) by extension 'colcon_meta'
[0.911s] Level 1:colcon.colcon_core.package_identification:_identify(atob/venv/lib/python3.12/site-packages/pip/_vendor/pyproject_hooks/_in_process) by extensions ['ros']
[0.911s] Level 1:colcon.colcon_core.package_identification:_identify(atob/venv/lib/python3.12/site-packages/pip/_vendor/pyproject_hooks/_in_process) by extension 'ros'
[0.911s] Level 1:colcon.colcon_core.package_identification:_identify(atob/venv/lib/python3.12/site-packages/pip/_vendor/pyproject_hooks/_in_process) by extensions ['cmake', 'python']
[0.911s] Level 1:colcon.colcon_core.package_identification:_identify(atob/venv/lib/python3.12/site-packages/pip/_vendor/pyproject_hooks/_in_process) by extension 'cmake'
[0.911s] Level 1:colcon.colcon_core.package_identification:_identify(atob/venv/lib/python3.12/site-packages/pip/_vendor/pyproject_hooks/_in_process) by extension 'python'
[0.911s] Level 1:colcon.colcon_core.package_identification:_identify(atob/venv/lib/python3.12/site-packages/pip/_vendor/pyproject_hooks/_in_process) by extensions ['python_setup_py']
[0.911s] Level 1:colcon.colcon_core.package_identification:_identify(atob/venv/lib/python3.12/site-packages/pip/_vendor/pyproject_hooks/_in_process) by extension 'python_setup_py'
[0.912s] Level 1:colcon.colcon_core.package_identification:_identify(atob/venv/lib/python3.12/site-packages/pip/_vendor/pyproject_hooks/_in_process/__pycache__) by extensions ['ignore', 'ignore_ament_install']
[0.912s] Level 1:colcon.colcon_core.package_identification:_identify(atob/venv/lib/python3.12/site-packages/pip/_vendor/pyproject_hooks/_in_process/__pycache__) by extension 'ignore'
[0.912s] Level 1:colcon.colcon_core.package_identification:_identify(atob/venv/lib/python3.12/site-packages/pip/_vendor/pyproject_hooks/_in_process/__pycache__) by extension 'ignore_ament_install'
[0.912s] Level 1:colcon.colcon_core.package_identification:_identify(atob/venv/lib/python3.12/site-packages/pip/_vendor/pyproject_hooks/_in_process/__pycache__) by extensions ['colcon_pkg']
[0.912s] Level 1:colcon.colcon_core.package_identification:_identify(atob/venv/lib/python3.12/site-packages/pip/_vendor/pyproject_hooks/_in_process/__pycache__) by extension 'colcon_pkg'
[0.912s] Level 1:colcon.colcon_core.package_identification:_identify(atob/venv/lib/python3.12/site-packages/pip/_vendor/pyproject_hooks/_in_process/__pycache__) by extensions ['colcon_meta']
[0.912s] Level 1:colcon.colcon_core.package_identification:_identify(atob/venv/lib/python3.12/site-packages/pip/_vendor/pyproject_hooks/_in_process/__pycache__) by extension 'colcon_meta'
[0.912s] Level 1:colcon.colcon_core.package_identification:_identify(atob/venv/lib/python3.12/site-packages/pip/_vendor/pyproject_hooks/_in_process/__pycache__) by extensions ['ros']
[0.912s] Level 1:colcon.colcon_core.package_identification:_identify(atob/venv/lib/python3.12/site-packages/pip/_vendor/pyproject_hooks/_in_process/__pycache__) by extension 'ros'
[0.912s] Level 1:colcon.colcon_core.package_identification:_identify(atob/venv/lib/python3.12/site-packages/pip/_vendor/pyproject_hooks/_in_process/__pycache__) by extensions ['cmake', 'python']
[0.912s] Level 1:colcon.colcon_core.package_identification:_identify(atob/venv/lib/python3.12/site-packages/pip/_vendor/pyproject_hooks/_in_process/__pycache__) by extension 'cmake'
[0.912s] Level 1:colcon.colcon_core.package_identification:_identify(atob/venv/lib/python3.12/site-packages/pip/_vendor/pyproject_hooks/_in_process/__pycache__) by extension 'python'
[0.912s] Level 1:colcon.colcon_core.package_identification:_identify(atob/venv/lib/python3.12/site-packages/pip/_vendor/pyproject_hooks/_in_process/__pycache__) by extensions ['python_setup_py']
[0.912s] Level 1:colcon.colcon_core.package_identification:_identify(atob/venv/lib/python3.12/site-packages/pip/_vendor/pyproject_hooks/_in_process/__pycache__) by extension 'python_setup_py'
[0.913s] Level 1:colcon.colcon_core.package_identification:_identify(atob/venv/lib/python3.12/site-packages/pip/_vendor/requests) by extensions ['ignore', 'ignore_ament_install']
[0.913s] Level 1:colcon.colcon_core.package_identification:_identify(atob/venv/lib/python3.12/site-packages/pip/_vendor/requests) by extension 'ignore'
[0.913s] Level 1:colcon.colcon_core.package_identification:_identify(atob/venv/lib/python3.12/site-packages/pip/_vendor/requests) by extension 'ignore_ament_install'
[0.913s] Level 1:colcon.colcon_core.package_identification:_identify(atob/venv/lib/python3.12/site-packages/pip/_vendor/requests) by extensions ['colcon_pkg']
[0.913s] Level 1:colcon.colcon_core.package_identification:_identify(atob/venv/lib/python3.12/site-packages/pip/_vendor/requests) by extension 'colcon_pkg'
[0.913s] Level 1:colcon.colcon_core.package_identification:_identify(atob/venv/lib/python3.12/site-packages/pip/_vendor/requests) by extensions ['colcon_meta']
[0.913s] Level 1:colcon.colcon_core.package_identification:_identify(atob/venv/lib/python3.12/site-packages/pip/_vendor/requests) by extension 'colcon_meta'
[0.913s] Level 1:colcon.colcon_core.package_identification:_identify(atob/venv/lib/python3.12/site-packages/pip/_vendor/requests) by extensions ['ros']
[0.913s] Level 1:colcon.colcon_core.package_identification:_identify(atob/venv/lib/python3.12/site-packages/pip/_vendor/requests) by extension 'ros'
[0.913s] Level 1:colcon.colcon_core.package_identification:_identify(atob/venv/lib/python3.12/site-packages/pip/_vendor/requests) by extensions ['cmake', 'python']
[0.914s] Level 1:colcon.colcon_core.package_identification:_identify(atob/venv/lib/python3.12/site-packages/pip/_vendor/requests) by extension 'cmake'
[0.914s] Level 1:colcon.colcon_core.package_identification:_identify(atob/venv/lib/python3.12/site-packages/pip/_vendor/requests) by extension 'python'
[0.914s] Level 1:colcon.colcon_core.package_identification:_identify(atob/venv/lib/python3.12/site-packages/pip/_vendor/requests) by extensions ['python_setup_py']
[0.914s] Level 1:colcon.colcon_core.package_identification:_identify(atob/venv/lib/python3.12/site-packages/pip/_vendor/requests) by extension 'python_setup_py'
[0.914s] Level 1:colcon.colcon_core.package_identification:_identify(atob/venv/lib/python3.12/site-packages/pip/_vendor/requests/__pycache__) by extensions ['ignore', 'ignore_ament_install']
[0.914s] Level 1:colcon.colcon_core.package_identification:_identify(atob/venv/lib/python3.12/site-packages/pip/_vendor/requests/__pycache__) by extension 'ignore'
[0.914s] Level 1:colcon.colcon_core.package_identification:_identify(atob/venv/lib/python3.12/site-packages/pip/_vendor/requests/__pycache__) by extension 'ignore_ament_install'
[0.914s] Level 1:colcon.colcon_core.package_identification:_identify(atob/venv/lib/python3.12/site-packages/pip/_vendor/requests/__pycache__) by extensions ['colcon_pkg']
[0.914s] Level 1:colcon.colcon_core.package_identification:_identify(atob/venv/lib/python3.12/site-packages/pip/_vendor/requests/__pycache__) by extension 'colcon_pkg'
[0.914s] Level 1:colcon.colcon_core.package_identification:_identify(atob/venv/lib/python3.12/site-packages/pip/_vendor/requests/__pycache__) by extensions ['colcon_meta']
[0.915s] Level 1:colcon.colcon_core.package_identification:_identify(atob/venv/lib/python3.12/site-packages/pip/_vendor/requests/__pycache__) by extension 'colcon_meta'
[0.915s] Level 1:colcon.colcon_core.package_identification:_identify(atob/venv/lib/python3.12/site-packages/pip/_vendor/requests/__pycache__) by extensions ['ros']
[0.915s] Level 1:colcon.colcon_core.package_identification:_identify(atob/venv/lib/python3.12/site-packages/pip/_vendor/requests/__pycache__) by extension 'ros'
[0.915s] Level 1:colcon.colcon_core.package_identification:_identify(atob/venv/lib/python3.12/site-packages/pip/_vendor/requests/__pycache__) by extensions ['cmake', 'python']
[0.915s] Level 1:colcon.colcon_core.package_identification:_identify(atob/venv/lib/python3.12/site-packages/pip/_vendor/requests/__pycache__) by extension 'cmake'
[0.915s] Level 1:colcon.colcon_core.package_identification:_identify(atob/venv/lib/python3.12/site-packages/pip/_vendor/requests/__pycache__) by extension 'python'
[0.915s] Level 1:colcon.colcon_core.package_identification:_identify(atob/venv/lib/python3.12/site-packages/pip/_vendor/requests/__pycache__) by extensions ['python_setup_py']
[0.915s] Level 1:colcon.colcon_core.package_identification:_identify(atob/venv/lib/python3.12/site-packages/pip/_vendor/requests/__pycache__) by extension 'python_setup_py'
[0.915s] Level 1:colcon.colcon_core.package_identification:_identify(atob/venv/lib/python3.12/site-packages/pip/_vendor/resolvelib) by extensions ['ignore', 'ignore_ament_install']
[0.915s] Level 1:colcon.colcon_core.package_identification:_identify(atob/venv/lib/python3.12/site-packages/pip/_vendor/resolvelib) by extension 'ignore'
[0.916s] Level 1:colcon.colcon_core.package_identification:_identify(atob/venv/lib/python3.12/site-packages/pip/_vendor/resolvelib) by extension 'ignore_ament_install'
[0.916s] Level 1:colcon.colcon_core.package_identification:_identify(atob/venv/lib/python3.12/site-packages/pip/_vendor/resolvelib) by extensions ['colcon_pkg']
[0.916s] Level 1:colcon.colcon_core.package_identification:_identify(atob/venv/lib/python3.12/site-packages/pip/_vendor/resolvelib) by extension 'colcon_pkg'
[0.916s] Level 1:colcon.colcon_core.package_identification:_identify(atob/venv/lib/python3.12/site-packages/pip/_vendor/resolvelib) by extensions ['colcon_meta']
[0.916s] Level 1:colcon.colcon_core.package_identification:_identify(atob/venv/lib/python3.12/site-packages/pip/_vendor/resolvelib) by extension 'colcon_meta'
[0.916s] Level 1:colcon.colcon_core.package_identification:_identify(atob/venv/lib/python3.12/site-packages/pip/_vendor/resolvelib) by extensions ['ros']
[0.916s] Level 1:colcon.colcon_core.package_identification:_identify(atob/venv/lib/python3.12/site-packages/pip/_vendor/resolvelib) by extension 'ros'
[0.916s] Level 1:colcon.colcon_core.package_identification:_identify(atob/venv/lib/python3.12/site-packages/pip/_vendor/resolvelib) by extensions ['cmake', 'python']
[0.916s] Level 1:colcon.colcon_core.package_identification:_identify(atob/venv/lib/python3.12/site-packages/pip/_vendor/resolvelib) by extension 'cmake'
[0.916s] Level 1:colcon.colcon_core.package_identification:_identify(atob/venv/lib/python3.12/site-packages/pip/_vendor/resolvelib) by extension 'python'
[0.916s] Level 1:colcon.colcon_core.package_identification:_identify(atob/venv/lib/python3.12/site-packages/pip/_vendor/resolvelib) by extensions ['python_setup_py']
[0.916s] Level 1:colcon.colcon_core.package_identification:_identify(atob/venv/lib/python3.12/site-packages/pip/_vendor/resolvelib) by extension 'python_setup_py'
[0.917s] Level 1:colcon.colcon_core.package_identification:_identify(atob/venv/lib/python3.12/site-packages/pip/_vendor/resolvelib/__pycache__) by extensions ['ignore', 'ignore_ament_install']
[0.917s] Level 1:colcon.colcon_core.package_identification:_identify(atob/venv/lib/python3.12/site-packages/pip/_vendor/resolvelib/__pycache__) by extension 'ignore'
[0.917s] Level 1:colcon.colcon_core.package_identification:_identify(atob/venv/lib/python3.12/site-packages/pip/_vendor/resolvelib/__pycache__) by extension 'ignore_ament_install'
[0.917s] Level 1:colcon.colcon_core.package_identification:_identify(atob/venv/lib/python3.12/site-packages/pip/_vendor/resolvelib/__pycache__) by extensions ['colcon_pkg']
[0.917s] Level 1:colcon.colcon_core.package_identification:_identify(atob/venv/lib/python3.12/site-packages/pip/_vendor/resolvelib/__pycache__) by extension 'colcon_pkg'
[0.917s] Level 1:colcon.colcon_core.package_identification:_identify(atob/venv/lib/python3.12/site-packages/pip/_vendor/resolvelib/__pycache__) by extensions ['colcon_meta']
[0.917s] Level 1:colcon.colcon_core.package_identification:_identify(atob/venv/lib/python3.12/site-packages/pip/_vendor/resolvelib/__pycache__) by extension 'colcon_meta'
[0.917s] Level 1:colcon.colcon_core.package_identification:_identify(atob/venv/lib/python3.12/site-packages/pip/_vendor/resolvelib/__pycache__) by extensions ['ros']
[0.917s] Level 1:colcon.colcon_core.package_identification:_identify(atob/venv/lib/python3.12/site-packages/pip/_vendor/resolvelib/__pycache__) by extension 'ros'
[0.917s] Level 1:colcon.colcon_core.package_identification:_identify(atob/venv/lib/python3.12/site-packages/pip/_vendor/resolvelib/__pycache__) by extensions ['cmake', 'python']
[0.917s] Level 1:colcon.colcon_core.package_identification:_identify(atob/venv/lib/python3.12/site-packages/pip/_vendor/resolvelib/__pycache__) by extension 'cmake'
[0.917s] Level 1:colcon.colcon_core.package_identification:_identify(atob/venv/lib/python3.12/site-packages/pip/_vendor/resolvelib/__pycache__) by extension 'python'
[0.917s] Level 1:colcon.colcon_core.package_identification:_identify(atob/venv/lib/python3.12/site-packages/pip/_vendor/resolvelib/__pycache__) by extensions ['python_setup_py']
[0.917s] Level 1:colcon.colcon_core.package_identification:_identify(atob/venv/lib/python3.12/site-packages/pip/_vendor/resolvelib/__pycache__) by extension 'python_setup_py'
[0.918s] Level 1:colcon.colcon_core.package_identification:_identify(atob/venv/lib/python3.12/site-packages/pip/_vendor/resolvelib/resolvers) by extensions ['ignore', 'ignore_ament_install']
[0.918s] Level 1:colcon.colcon_core.package_identification:_identify(atob/venv/lib/python3.12/site-packages/pip/_vendor/resolvelib/resolvers) by extension 'ignore'
[0.918s] Level 1:colcon.colcon_core.package_identification:_identify(atob/venv/lib/python3.12/site-packages/pip/_vendor/resolvelib/resolvers) by extension 'ignore_ament_install'
[0.918s] Level 1:colcon.colcon_core.package_identification:_identify(atob/venv/lib/python3.12/site-packages/pip/_vendor/resolvelib/resolvers) by extensions ['colcon_pkg']
[0.918s] Level 1:colcon.colcon_core.package_identification:_identify(atob/venv/lib/python3.12/site-packages/pip/_vendor/resolvelib/resolvers) by extension 'colcon_pkg'
[0.918s] Level 1:colcon.colcon_core.package_identification:_identify(atob/venv/lib/python3.12/site-packages/pip/_vendor/resolvelib/resolvers) by extensions ['colcon_meta']
[0.918s] Level 1:colcon.colcon_core.package_identification:_identify(atob/venv/lib/python3.12/site-packages/pip/_vendor/resolvelib/resolvers) by extension 'colcon_meta'
[0.918s] Level 1:colcon.colcon_core.package_identification:_identify(atob/venv/lib/python3.12/site-packages/pip/_vendor/resolvelib/resolvers) by extensions ['ros']
[0.918s] Level 1:colcon.colcon_core.package_identification:_identify(atob/venv/lib/python3.12/site-packages/pip/_vendor/resolvelib/resolvers) by extension 'ros'
[0.919s] Level 1:colcon.colcon_core.package_identification:_identify(atob/venv/lib/python3.12/site-packages/pip/_vendor/resolvelib/resolvers) by extensions ['cmake', 'python']
[0.919s] Level 1:colcon.colcon_core.package_identification:_identify(atob/venv/lib/python3.12/site-packages/pip/_vendor/resolvelib/resolvers) by extension 'cmake'
[0.919s] Level 1:colcon.colcon_core.package_identification:_identify(atob/venv/lib/python3.12/site-packages/pip/_vendor/resolvelib/resolvers) by extension 'python'
[0.919s] Level 1:colcon.colcon_core.package_identification:_identify(atob/venv/lib/python3.12/site-packages/pip/_vendor/resolvelib/resolvers) by extensions ['python_setup_py']
[0.919s] Level 1:colcon.colcon_core.package_identification:_identify(atob/venv/lib/python3.12/site-packages/pip/_vendor/resolvelib/resolvers) by extension 'python_setup_py'
[0.919s] Level 1:colcon.colcon_core.package_identification:_identify(atob/venv/lib/python3.12/site-packages/pip/_vendor/resolvelib/resolvers/__pycache__) by extensions ['ignore', 'ignore_ament_install']
[0.919s] Level 1:colcon.colcon_core.package_identification:_identify(atob/venv/lib/python3.12/site-packages/pip/_vendor/resolvelib/resolvers/__pycache__) by extension 'ignore'
[0.919s] Level 1:colcon.colcon_core.package_identification:_identify(atob/venv/lib/python3.12/site-packages/pip/_vendor/resolvelib/resolvers/__pycache__) by extension 'ignore_ament_install'
[0.919s] Level 1:colcon.colcon_core.package_identification:_identify(atob/venv/lib/python3.12/site-packages/pip/_vendor/resolvelib/resolvers/__pycache__) by extensions ['colcon_pkg']
[0.919s] Level 1:colcon.colcon_core.package_identification:_identify(atob/venv/lib/python3.12/site-packages/pip/_vendor/resolvelib/resolvers/__pycache__) by extension 'colcon_pkg'
[0.920s] Level 1:colcon.colcon_core.package_identification:_identify(atob/venv/lib/python3.12/site-packages/pip/_vendor/resolvelib/resolvers/__pycache__) by extensions ['colcon_meta']
[0.920s] Level 1:colcon.colcon_core.package_identification:_identify(atob/venv/lib/python3.12/site-packages/pip/_vendor/resolvelib/resolvers/__pycache__) by extension 'colcon_meta'
[0.920s] Level 1:colcon.colcon_core.package_identification:_identify(atob/venv/lib/python3.12/site-packages/pip/_vendor/resolvelib/resolvers/__pycache__) by extensions ['ros']
[0.920s] Level 1:colcon.colcon_core.package_identification:_identify(atob/venv/lib/python3.12/site-packages/pip/_vendor/resolvelib/resolvers/__pycache__) by extension 'ros'
[0.920s] Level 1:colcon.colcon_core.package_identification:_identify(atob/venv/lib/python3.12/site-packages/pip/_vendor/resolvelib/resolvers/__pycache__) by extensions ['cmake', 'python']
[0.920s] Level 1:colcon.colcon_core.package_identification:_identify(atob/venv/lib/python3.12/site-packages/pip/_vendor/resolvelib/resolvers/__pycache__) by extension 'cmake'
[0.920s] Level 1:colcon.colcon_core.package_identification:_identify(atob/venv/lib/python3.12/site-packages/pip/_vendor/resolvelib/resolvers/__pycache__) by extension 'python'
[0.920s] Level 1:colcon.colcon_core.package_identification:_identify(atob/venv/lib/python3.12/site-packages/pip/_vendor/resolvelib/resolvers/__pycache__) by extensions ['python_setup_py']
[0.920s] Level 1:colcon.colcon_core.package_identification:_identify(atob/venv/lib/python3.12/site-packages/pip/_vendor/resolvelib/resolvers/__pycache__) by extension 'python_setup_py'
[0.922s] Level 1:colcon.colcon_core.package_identification:_identify(atob/venv/lib/python3.12/site-packages/pip/_vendor/rich) by extensions ['ignore', 'ignore_ament_install']
[0.922s] Level 1:colcon.colcon_core.package_identification:_identify(atob/venv/lib/python3.12/site-packages/pip/_vendor/rich) by extension 'ignore'
[0.922s] Level 1:colcon.colcon_core.package_identification:_identify(atob/venv/lib/python3.12/site-packages/pip/_vendor/rich) by extension 'ignore_ament_install'
[0.922s] Level 1:colcon.colcon_core.package_identification:_identify(atob/venv/lib/python3.12/site-packages/pip/_vendor/rich) by extensions ['colcon_pkg']
[0.922s] Level 1:colcon.colcon_core.package_identification:_identify(atob/venv/lib/python3.12/site-packages/pip/_vendor/rich) by extension 'colcon_pkg'
[0.922s] Level 1:colcon.colcon_core.package_identification:_identify(atob/venv/lib/python3.12/site-packages/pip/_vendor/rich) by extensions ['colcon_meta']
[0.923s] Level 1:colcon.colcon_core.package_identification:_identify(atob/venv/lib/python3.12/site-packages/pip/_vendor/rich) by extension 'colcon_meta'
[0.923s] Level 1:colcon.colcon_core.package_identification:_identify(atob/venv/lib/python3.12/site-packages/pip/_vendor/rich) by extensions ['ros']
[0.923s] Level 1:colcon.colcon_core.package_identification:_identify(atob/venv/lib/python3.12/site-packages/pip/_vendor/rich) by extension 'ros'
[0.923s] Level 1:colcon.colcon_core.package_identification:_identify(atob/venv/lib/python3.12/site-packages/pip/_vendor/rich) by extensions ['cmake', 'python']
[0.923s] Level 1:colcon.colcon_core.package_identification:_identify(atob/venv/lib/python3.12/site-packages/pip/_vendor/rich) by extension 'cmake'
[0.923s] Level 1:colcon.colcon_core.package_identification:_identify(atob/venv/lib/python3.12/site-packages/pip/_vendor/rich) by extension 'python'
[0.923s] Level 1:colcon.colcon_core.package_identification:_identify(atob/venv/lib/python3.12/site-packages/pip/_vendor/rich) by extensions ['python_setup_py']
[0.923s] Level 1:colcon.colcon_core.package_identification:_identify(atob/venv/lib/python3.12/site-packages/pip/_vendor/rich) by extension 'python_setup_py'
[0.923s] Level 1:colcon.colcon_core.package_identification:_identify(atob/venv/lib/python3.12/site-packages/pip/_vendor/rich/__pycache__) by extensions ['ignore', 'ignore_ament_install']
[0.924s] Level 1:colcon.colcon_core.package_identification:_identify(atob/venv/lib/python3.12/site-packages/pip/_vendor/rich/__pycache__) by extension 'ignore'
[0.924s] Level 1:colcon.colcon_core.package_identification:_identify(atob/venv/lib/python3.12/site-packages/pip/_vendor/rich/__pycache__) by extension 'ignore_ament_install'
[0.924s] Level 1:colcon.colcon_core.package_identification:_identify(atob/venv/lib/python3.12/site-packages/pip/_vendor/rich/__pycache__) by extensions ['colcon_pkg']
[0.924s] Level 1:colcon.colcon_core.package_identification:_identify(atob/venv/lib/python3.12/site-packages/pip/_vendor/rich/__pycache__) by extension 'colcon_pkg'
[0.924s] Level 1:colcon.colcon_core.package_identification:_identify(atob/venv/lib/python3.12/site-packages/pip/_vendor/rich/__pycache__) by extensions ['colcon_meta']
[0.924s] Level 1:colcon.colcon_core.package_identification:_identify(atob/venv/lib/python3.12/site-packages/pip/_vendor/rich/__pycache__) by extension 'colcon_meta'
[0.924s] Level 1:colcon.colcon_core.package_identification:_identify(atob/venv/lib/python3.12/site-packages/pip/_vendor/rich/__pycache__) by extensions ['ros']
[0.924s] Level 1:colcon.colcon_core.package_identification:_identify(atob/venv/lib/python3.12/site-packages/pip/_vendor/rich/__pycache__) by extension 'ros'
[0.924s] Level 1:colcon.colcon_core.package_identification:_identify(atob/venv/lib/python3.12/site-packages/pip/_vendor/rich/__pycache__) by extensions ['cmake', 'python']
[0.924s] Level 1:colcon.colcon_core.package_identification:_identify(atob/venv/lib/python3.12/site-packages/pip/_vendor/rich/__pycache__) by extension 'cmake'
[0.924s] Level 1:colcon.colcon_core.package_identification:_identify(atob/venv/lib/python3.12/site-packages/pip/_vendor/rich/__pycache__) by extension 'python'
[0.924s] Level 1:colcon.colcon_core.package_identification:_identify(atob/venv/lib/python3.12/site-packages/pip/_vendor/rich/__pycache__) by extensions ['python_setup_py']
[0.924s] Level 1:colcon.colcon_core.package_identification:_identify(atob/venv/lib/python3.12/site-packages/pip/_vendor/rich/__pycache__) by extension 'python_setup_py'
[0.925s] Level 1:colcon.colcon_core.package_identification:_identify(atob/venv/lib/python3.12/site-packages/pip/_vendor/tomli) by extensions ['ignore', 'ignore_ament_install']
[0.925s] Level 1:colcon.colcon_core.package_identification:_identify(atob/venv/lib/python3.12/site-packages/pip/_vendor/tomli) by extension 'ignore'
[0.925s] Level 1:colcon.colcon_core.package_identification:_identify(atob/venv/lib/python3.12/site-packages/pip/_vendor/tomli) by extension 'ignore_ament_install'
[0.925s] Level 1:colcon.colcon_core.package_identification:_identify(atob/venv/lib/python3.12/site-packages/pip/_vendor/tomli) by extensions ['colcon_pkg']
[0.925s] Level 1:colcon.colcon_core.package_identification:_identify(atob/venv/lib/python3.12/site-packages/pip/_vendor/tomli) by extension 'colcon_pkg'
[0.925s] Level 1:colcon.colcon_core.package_identification:_identify(atob/venv/lib/python3.12/site-packages/pip/_vendor/tomli) by extensions ['colcon_meta']
[0.925s] Level 1:colcon.colcon_core.package_identification:_identify(atob/venv/lib/python3.12/site-packages/pip/_vendor/tomli) by extension 'colcon_meta'
[0.925s] Level 1:colcon.colcon_core.package_identification:_identify(atob/venv/lib/python3.12/site-packages/pip/_vendor/tomli) by extensions ['ros']
[0.925s] Level 1:colcon.colcon_core.package_identification:_identify(atob/venv/lib/python3.12/site-packages/pip/_vendor/tomli) by extension 'ros'
[0.925s] Level 1:colcon.colcon_core.package_identification:_identify(atob/venv/lib/python3.12/site-packages/pip/_vendor/tomli) by extensions ['cmake', 'python']
[0.925s] Level 1:colcon.colcon_core.package_identification:_identify(atob/venv/lib/python3.12/site-packages/pip/_vendor/tomli) by extension 'cmake'
[0.926s] Level 1:colcon.colcon_core.package_identification:_identify(atob/venv/lib/python3.12/site-packages/pip/_vendor/tomli) by extension 'python'
[0.926s] Level 1:colcon.colcon_core.package_identification:_identify(atob/venv/lib/python3.12/site-packages/pip/_vendor/tomli) by extensions ['python_setup_py']
[0.926s] Level 1:colcon.colcon_core.package_identification:_identify(atob/venv/lib/python3.12/site-packages/pip/_vendor/tomli) by extension 'python_setup_py'
[0.926s] Level 1:colcon.colcon_core.package_identification:_identify(atob/venv/lib/python3.12/site-packages/pip/_vendor/tomli/__pycache__) by extensions ['ignore', 'ignore_ament_install']
[0.926s] Level 1:colcon.colcon_core.package_identification:_identify(atob/venv/lib/python3.12/site-packages/pip/_vendor/tomli/__pycache__) by extension 'ignore'
[0.926s] Level 1:colcon.colcon_core.package_identification:_identify(atob/venv/lib/python3.12/site-packages/pip/_vendor/tomli/__pycache__) by extension 'ignore_ament_install'
[0.926s] Level 1:colcon.colcon_core.package_identification:_identify(atob/venv/lib/python3.12/site-packages/pip/_vendor/tomli/__pycache__) by extensions ['colcon_pkg']
[0.926s] Level 1:colcon.colcon_core.package_identification:_identify(atob/venv/lib/python3.12/site-packages/pip/_vendor/tomli/__pycache__) by extension 'colcon_pkg'
[0.926s] Level 1:colcon.colcon_core.package_identification:_identify(atob/venv/lib/python3.12/site-packages/pip/_vendor/tomli/__pycache__) by extensions ['colcon_meta']
[0.926s] Level 1:colcon.colcon_core.package_identification:_identify(atob/venv/lib/python3.12/site-packages/pip/_vendor/tomli/__pycache__) by extension 'colcon_meta'
[0.927s] Level 1:colcon.colcon_core.package_identification:_identify(atob/venv/lib/python3.12/site-packages/pip/_vendor/tomli/__pycache__) by extensions ['ros']
[0.927s] Level 1:colcon.colcon_core.package_identification:_identify(atob/venv/lib/python3.12/site-packages/pip/_vendor/tomli/__pycache__) by extension 'ros'
[0.927s] Level 1:colcon.colcon_core.package_identification:_identify(atob/venv/lib/python3.12/site-packages/pip/_vendor/tomli/__pycache__) by extensions ['cmake', 'python']
[0.927s] Level 1:colcon.colcon_core.package_identification:_identify(atob/venv/lib/python3.12/site-packages/pip/_vendor/tomli/__pycache__) by extension 'cmake'
[0.927s] Level 1:colcon.colcon_core.package_identification:_identify(atob/venv/lib/python3.12/site-packages/pip/_vendor/tomli/__pycache__) by extension 'python'
[0.927s] Level 1:colcon.colcon_core.package_identification:_identify(atob/venv/lib/python3.12/site-packages/pip/_vendor/tomli/__pycache__) by extensions ['python_setup_py']
[0.927s] Level 1:colcon.colcon_core.package_identification:_identify(atob/venv/lib/python3.12/site-packages/pip/_vendor/tomli/__pycache__) by extension 'python_setup_py'
[0.927s] Level 1:colcon.colcon_core.package_identification:_identify(atob/venv/lib/python3.12/site-packages/pip/_vendor/tomli_w) by extensions ['ignore', 'ignore_ament_install']
[0.927s] Level 1:colcon.colcon_core.package_identification:_identify(atob/venv/lib/python3.12/site-packages/pip/_vendor/tomli_w) by extension 'ignore'
[0.928s] Level 1:colcon.colcon_core.package_identification:_identify(atob/venv/lib/python3.12/site-packages/pip/_vendor/tomli_w) by extension 'ignore_ament_install'
[0.928s] Level 1:colcon.colcon_core.package_identification:_identify(atob/venv/lib/python3.12/site-packages/pip/_vendor/tomli_w) by extensions ['colcon_pkg']
[0.928s] Level 1:colcon.colcon_core.package_identification:_identify(atob/venv/lib/python3.12/site-packages/pip/_vendor/tomli_w) by extension 'colcon_pkg'
[0.928s] Level 1:colcon.colcon_core.package_identification:_identify(atob/venv/lib/python3.12/site-packages/pip/_vendor/tomli_w) by extensions ['colcon_meta']
[0.928s] Level 1:colcon.colcon_core.package_identification:_identify(atob/venv/lib/python3.12/site-packages/pip/_vendor/tomli_w) by extension 'colcon_meta'
[0.928s] Level 1:colcon.colcon_core.package_identification:_identify(atob/venv/lib/python3.12/site-packages/pip/_vendor/tomli_w) by extensions ['ros']
[0.928s] Level 1:colcon.colcon_core.package_identification:_identify(atob/venv/lib/python3.12/site-packages/pip/_vendor/tomli_w) by extension 'ros'
[0.928s] Level 1:colcon.colcon_core.package_identification:_identify(atob/venv/lib/python3.12/site-packages/pip/_vendor/tomli_w) by extensions ['cmake', 'python']
[0.928s] Level 1:colcon.colcon_core.package_identification:_identify(atob/venv/lib/python3.12/site-packages/pip/_vendor/tomli_w) by extension 'cmake'
[0.928s] Level 1:colcon.colcon_core.package_identification:_identify(atob/venv/lib/python3.12/site-packages/pip/_vendor/tomli_w) by extension 'python'
[0.928s] Level 1:colcon.colcon_core.package_identification:_identify(atob/venv/lib/python3.12/site-packages/pip/_vendor/tomli_w) by extensions ['python_setup_py']
[0.928s] Level 1:colcon.colcon_core.package_identification:_identify(atob/venv/lib/python3.12/site-packages/pip/_vendor/tomli_w) by extension 'python_setup_py'
[0.929s] Level 1:colcon.colcon_core.package_identification:_identify(atob/venv/lib/python3.12/site-packages/pip/_vendor/tomli_w/__pycache__) by extensions ['ignore', 'ignore_ament_install']
[0.929s] Level 1:colcon.colcon_core.package_identification:_identify(atob/venv/lib/python3.12/site-packages/pip/_vendor/tomli_w/__pycache__) by extension 'ignore'
[0.929s] Level 1:colcon.colcon_core.package_identification:_identify(atob/venv/lib/python3.12/site-packages/pip/_vendor/tomli_w/__pycache__) by extension 'ignore_ament_install'
[0.929s] Level 1:colcon.colcon_core.package_identification:_identify(atob/venv/lib/python3.12/site-packages/pip/_vendor/tomli_w/__pycache__) by extensions ['colcon_pkg']
[0.929s] Level 1:colcon.colcon_core.package_identification:_identify(atob/venv/lib/python3.12/site-packages/pip/_vendor/tomli_w/__pycache__) by extension 'colcon_pkg'
[0.929s] Level 1:colcon.colcon_core.package_identification:_identify(atob/venv/lib/python3.12/site-packages/pip/_vendor/tomli_w/__pycache__) by extensions ['colcon_meta']
[0.929s] Level 1:colcon.colcon_core.package_identification:_identify(atob/venv/lib/python3.12/site-packages/pip/_vendor/tomli_w/__pycache__) by extension 'colcon_meta'
[0.929s] Level 1:colcon.colcon_core.package_identification:_identify(atob/venv/lib/python3.12/site-packages/pip/_vendor/tomli_w/__pycache__) by extensions ['ros']
[0.929s] Level 1:colcon.colcon_core.package_identification:_identify(atob/venv/lib/python3.12/site-packages/pip/_vendor/tomli_w/__pycache__) by extension 'ros'
[0.929s] Level 1:colcon.colcon_core.package_identification:_identify(atob/venv/lib/python3.12/site-packages/pip/_vendor/tomli_w/__pycache__) by extensions ['cmake', 'python']
[0.930s] Level 1:colcon.colcon_core.package_identification:_identify(atob/venv/lib/python3.12/site-packages/pip/_vendor/tomli_w/__pycache__) by extension 'cmake'
[0.930s] Level 1:colcon.colcon_core.package_identification:_identify(atob/venv/lib/python3.12/site-packages/pip/_vendor/tomli_w/__pycache__) by extension 'python'
[0.930s] Level 1:colcon.colcon_core.package_identification:_identify(atob/venv/lib/python3.12/site-packages/pip/_vendor/tomli_w/__pycache__) by extensions ['python_setup_py']
[0.930s] Level 1:colcon.colcon_core.package_identification:_identify(atob/venv/lib/python3.12/site-packages/pip/_vendor/tomli_w/__pycache__) by extension 'python_setup_py'
[0.930s] Level 1:colcon.colcon_core.package_identification:_identify(atob/venv/lib/python3.12/site-packages/pip/_vendor/truststore) by extensions ['ignore', 'ignore_ament_install']
[0.930s] Level 1:colcon.colcon_core.package_identification:_identify(atob/venv/lib/python3.12/site-packages/pip/_vendor/truststore) by extension 'ignore'
[0.930s] Level 1:colcon.colcon_core.package_identification:_identify(atob/venv/lib/python3.12/site-packages/pip/_vendor/truststore) by extension 'ignore_ament_install'
[0.930s] Level 1:colcon.colcon_core.package_identification:_identify(atob/venv/lib/python3.12/site-packages/pip/_vendor/truststore) by extensions ['colcon_pkg']
[0.930s] Level 1:colcon.colcon_core.package_identification:_identify(atob/venv/lib/python3.12/site-packages/pip/_vendor/truststore) by extension 'colcon_pkg'
[0.931s] Level 1:colcon.colcon_core.package_identification:_identify(atob/venv/lib/python3.12/site-packages/pip/_vendor/truststore) by extensions ['colcon_meta']
[0.931s] Level 1:colcon.colcon_core.package_identification:_identify(atob/venv/lib/python3.12/site-packages/pip/_vendor/truststore) by extension 'colcon_meta'
[0.931s] Level 1:colcon.colcon_core.package_identification:_identify(atob/venv/lib/python3.12/site-packages/pip/_vendor/truststore) by extensions ['ros']
[0.931s] Level 1:colcon.colcon_core.package_identification:_identify(atob/venv/lib/python3.12/site-packages/pip/_vendor/truststore) by extension 'ros'
[0.931s] Level 1:colcon.colcon_core.package_identification:_identify(atob/venv/lib/python3.12/site-packages/pip/_vendor/truststore) by extensions ['cmake', 'python']
[0.931s] Level 1:colcon.colcon_core.package_identification:_identify(atob/venv/lib/python3.12/site-packages/pip/_vendor/truststore) by extension 'cmake'
[0.931s] Level 1:colcon.colcon_core.package_identification:_identify(atob/venv/lib/python3.12/site-packages/pip/_vendor/truststore) by extension 'python'
[0.931s] Level 1:colcon.colcon_core.package_identification:_identify(atob/venv/lib/python3.12/site-packages/pip/_vendor/truststore) by extensions ['python_setup_py']
[0.931s] Level 1:colcon.colcon_core.package_identification:_identify(atob/venv/lib/python3.12/site-packages/pip/_vendor/truststore) by extension 'python_setup_py'
[0.931s] Level 1:colcon.colcon_core.package_identification:_identify(atob/venv/lib/python3.12/site-packages/pip/_vendor/truststore/__pycache__) by extensions ['ignore', 'ignore_ament_install']
[0.932s] Level 1:colcon.colcon_core.package_identification:_identify(atob/venv/lib/python3.12/site-packages/pip/_vendor/truststore/__pycache__) by extension 'ignore'
[0.932s] Level 1:colcon.colcon_core.package_identification:_identify(atob/venv/lib/python3.12/site-packages/pip/_vendor/truststore/__pycache__) by extension 'ignore_ament_install'
[0.932s] Level 1:colcon.colcon_core.package_identification:_identify(atob/venv/lib/python3.12/site-packages/pip/_vendor/truststore/__pycache__) by extensions ['colcon_pkg']
[0.932s] Level 1:colcon.colcon_core.package_identification:_identify(atob/venv/lib/python3.12/site-packages/pip/_vendor/truststore/__pycache__) by extension 'colcon_pkg'
[0.932s] Level 1:colcon.colcon_core.package_identification:_identify(atob/venv/lib/python3.12/site-packages/pip/_vendor/truststore/__pycache__) by extensions ['colcon_meta']
[0.932s] Level 1:colcon.colcon_core.package_identification:_identify(atob/venv/lib/python3.12/site-packages/pip/_vendor/truststore/__pycache__) by extension 'colcon_meta'
[0.932s] Level 1:colcon.colcon_core.package_identification:_identify(atob/venv/lib/python3.12/site-packages/pip/_vendor/truststore/__pycache__) by extensions ['ros']
[0.932s] Level 1:colcon.colcon_core.package_identification:_identify(atob/venv/lib/python3.12/site-packages/pip/_vendor/truststore/__pycache__) by extension 'ros'
[0.932s] Level 1:colcon.colcon_core.package_identification:_identify(atob/venv/lib/python3.12/site-packages/pip/_vendor/truststore/__pycache__) by extensions ['cmake', 'python']
[0.932s] Level 1:colcon.colcon_core.package_identification:_identify(atob/venv/lib/python3.12/site-packages/pip/_vendor/truststore/__pycache__) by extension 'cmake'
[0.932s] Level 1:colcon.colcon_core.package_identification:_identify(atob/venv/lib/python3.12/site-packages/pip/_vendor/truststore/__pycache__) by extension 'python'
[0.932s] Level 1:colcon.colcon_core.package_identification:_identify(atob/venv/lib/python3.12/site-packages/pip/_vendor/truststore/__pycache__) by extensions ['python_setup_py']
[0.932s] Level 1:colcon.colcon_core.package_identification:_identify(atob/venv/lib/python3.12/site-packages/pip/_vendor/truststore/__pycache__) by extension 'python_setup_py'
[0.933s] Level 1:colcon.colcon_core.package_identification:_identify(atob/venv/lib/python3.12/site-packages/pip/_vendor/urllib3) by extensions ['ignore', 'ignore_ament_install']
[0.933s] Level 1:colcon.colcon_core.package_identification:_identify(atob/venv/lib/python3.12/site-packages/pip/_vendor/urllib3) by extension 'ignore'
[0.933s] Level 1:colcon.colcon_core.package_identification:_identify(atob/venv/lib/python3.12/site-packages/pip/_vendor/urllib3) by extension 'ignore_ament_install'
[0.933s] Level 1:colcon.colcon_core.package_identification:_identify(atob/venv/lib/python3.12/site-packages/pip/_vendor/urllib3) by extensions ['colcon_pkg']
[0.933s] Level 1:colcon.colcon_core.package_identification:_identify(atob/venv/lib/python3.12/site-packages/pip/_vendor/urllib3) by extension 'colcon_pkg'
[0.933s] Level 1:colcon.colcon_core.package_identification:_identify(atob/venv/lib/python3.12/site-packages/pip/_vendor/urllib3) by extensions ['colcon_meta']
[0.933s] Level 1:colcon.colcon_core.package_identification:_identify(atob/venv/lib/python3.12/site-packages/pip/_vendor/urllib3) by extension 'colcon_meta'
[0.933s] Level 1:colcon.colcon_core.package_identification:_identify(atob/venv/lib/python3.12/site-packages/pip/_vendor/urllib3) by extensions ['ros']
[0.933s] Level 1:colcon.colcon_core.package_identification:_identify(atob/venv/lib/python3.12/site-packages/pip/_vendor/urllib3) by extension 'ros'
[0.933s] Level 1:colcon.colcon_core.package_identification:_identify(atob/venv/lib/python3.12/site-packages/pip/_vendor/urllib3) by extensions ['cmake', 'python']
[0.933s] Level 1:colcon.colcon_core.package_identification:_identify(atob/venv/lib/python3.12/site-packages/pip/_vendor/urllib3) by extension 'cmake'
[0.934s] Level 1:colcon.colcon_core.package_identification:_identify(atob/venv/lib/python3.12/site-packages/pip/_vendor/urllib3) by extension 'python'
[0.934s] Level 1:colcon.colcon_core.package_identification:_identify(atob/venv/lib/python3.12/site-packages/pip/_vendor/urllib3) by extensions ['python_setup_py']
[0.934s] Level 1:colcon.colcon_core.package_identification:_identify(atob/venv/lib/python3.12/site-packages/pip/_vendor/urllib3) by extension 'python_setup_py'
[0.934s] Level 1:colcon.colcon_core.package_identification:_identify(atob/venv/lib/python3.12/site-packages/pip/_vendor/urllib3/__pycache__) by extensions ['ignore', 'ignore_ament_install']
[0.934s] Level 1:colcon.colcon_core.package_identification:_identify(atob/venv/lib/python3.12/site-packages/pip/_vendor/urllib3/__pycache__) by extension 'ignore'
[0.934s] Level 1:colcon.colcon_core.package_identification:_identify(atob/venv/lib/python3.12/site-packages/pip/_vendor/urllib3/__pycache__) by extension 'ignore_ament_install'
[0.934s] Level 1:colcon.colcon_core.package_identification:_identify(atob/venv/lib/python3.12/site-packages/pip/_vendor/urllib3/__pycache__) by extensions ['colcon_pkg']
[0.934s] Level 1:colcon.colcon_core.package_identification:_identify(atob/venv/lib/python3.12/site-packages/pip/_vendor/urllib3/__pycache__) by extension 'colcon_pkg'
[0.934s] Level 1:colcon.colcon_core.package_identification:_identify(atob/venv/lib/python3.12/site-packages/pip/_vendor/urllib3/__pycache__) by extensions ['colcon_meta']
[0.935s] Level 1:colcon.colcon_core.package_identification:_identify(atob/venv/lib/python3.12/site-packages/pip/_vendor/urllib3/__pycache__) by extension 'colcon_meta'
[0.935s] Level 1:colcon.colcon_core.package_identification:_identify(atob/venv/lib/python3.12/site-packages/pip/_vendor/urllib3/__pycache__) by extensions ['ros']
[0.935s] Level 1:colcon.colcon_core.package_identification:_identify(atob/venv/lib/python3.12/site-packages/pip/_vendor/urllib3/__pycache__) by extension 'ros'
[0.935s] Level 1:colcon.colcon_core.package_identification:_identify(atob/venv/lib/python3.12/site-packages/pip/_vendor/urllib3/__pycache__) by extensions ['cmake', 'python']
[0.935s] Level 1:colcon.colcon_core.package_identification:_identify(atob/venv/lib/python3.12/site-packages/pip/_vendor/urllib3/__pycache__) by extension 'cmake'
[0.935s] Level 1:colcon.colcon_core.package_identification:_identify(atob/venv/lib/python3.12/site-packages/pip/_vendor/urllib3/__pycache__) by extension 'python'
[0.935s] Level 1:colcon.colcon_core.package_identification:_identify(atob/venv/lib/python3.12/site-packages/pip/_vendor/urllib3/__pycache__) by extensions ['python_setup_py']
[0.935s] Level 1:colcon.colcon_core.package_identification:_identify(atob/venv/lib/python3.12/site-packages/pip/_vendor/urllib3/__pycache__) by extension 'python_setup_py'
[0.935s] Level 1:colcon.colcon_core.package_identification:_identify(atob/venv/lib/python3.12/site-packages/pip/_vendor/urllib3/contrib) by extensions ['ignore', 'ignore_ament_install']
[0.936s] Level 1:colcon.colcon_core.package_identification:_identify(atob/venv/lib/python3.12/site-packages/pip/_vendor/urllib3/contrib) by extension 'ignore'
[0.936s] Level 1:colcon.colcon_core.package_identification:_identify(atob/venv/lib/python3.12/site-packages/pip/_vendor/urllib3/contrib) by extension 'ignore_ament_install'
[0.936s] Level 1:colcon.colcon_core.package_identification:_identify(atob/venv/lib/python3.12/site-packages/pip/_vendor/urllib3/contrib) by extensions ['colcon_pkg']
[0.936s] Level 1:colcon.colcon_core.package_identification:_identify(atob/venv/lib/python3.12/site-packages/pip/_vendor/urllib3/contrib) by extension 'colcon_pkg'
[0.936s] Level 1:colcon.colcon_core.package_identification:_identify(atob/venv/lib/python3.12/site-packages/pip/_vendor/urllib3/contrib) by extensions ['colcon_meta']
[0.936s] Level 1:colcon.colcon_core.package_identification:_identify(atob/venv/lib/python3.12/site-packages/pip/_vendor/urllib3/contrib) by extension 'colcon_meta'
[0.936s] Level 1:colcon.colcon_core.package_identification:_identify(atob/venv/lib/python3.12/site-packages/pip/_vendor/urllib3/contrib) by extensions ['ros']
[0.936s] Level 1:colcon.colcon_core.package_identification:_identify(atob/venv/lib/python3.12/site-packages/pip/_vendor/urllib3/contrib) by extension 'ros'
[0.936s] Level 1:colcon.colcon_core.package_identification:_identify(atob/venv/lib/python3.12/site-packages/pip/_vendor/urllib3/contrib) by extensions ['cmake', 'python']
[0.936s] Level 1:colcon.colcon_core.package_identification:_identify(atob/venv/lib/python3.12/site-packages/pip/_vendor/urllib3/contrib) by extension 'cmake'
[0.936s] Level 1:colcon.colcon_core.package_identification:_identify(atob/venv/lib/python3.12/site-packages/pip/_vendor/urllib3/contrib) by extension 'python'
[0.936s] Level 1:colcon.colcon_core.package_identification:_identify(atob/venv/lib/python3.12/site-packages/pip/_vendor/urllib3/contrib) by extensions ['python_setup_py']
[0.936s] Level 1:colcon.colcon_core.package_identification:_identify(atob/venv/lib/python3.12/site-packages/pip/_vendor/urllib3/contrib) by extension 'python_setup_py'
[0.937s] Level 1:colcon.colcon_core.package_identification:_identify(atob/venv/lib/python3.12/site-packages/pip/_vendor/urllib3/contrib/__pycache__) by extensions ['ignore', 'ignore_ament_install']
[0.937s] Level 1:colcon.colcon_core.package_identification:_identify(atob/venv/lib/python3.12/site-packages/pip/_vendor/urllib3/contrib/__pycache__) by extension 'ignore'
[0.937s] Level 1:colcon.colcon_core.package_identification:_identify(atob/venv/lib/python3.12/site-packages/pip/_vendor/urllib3/contrib/__pycache__) by extension 'ignore_ament_install'
[0.937s] Level 1:colcon.colcon_core.package_identification:_identify(atob/venv/lib/python3.12/site-packages/pip/_vendor/urllib3/contrib/__pycache__) by extensions ['colcon_pkg']
[0.937s] Level 1:colcon.colcon_core.package_identification:_identify(atob/venv/lib/python3.12/site-packages/pip/_vendor/urllib3/contrib/__pycache__) by extension 'colcon_pkg'
[0.937s] Level 1:colcon.colcon_core.package_identification:_identify(atob/venv/lib/python3.12/site-packages/pip/_vendor/urllib3/contrib/__pycache__) by extensions ['colcon_meta']
[0.937s] Level 1:colcon.colcon_core.package_identification:_identify(atob/venv/lib/python3.12/site-packages/pip/_vendor/urllib3/contrib/__pycache__) by extension 'colcon_meta'
[0.937s] Level 1:colcon.colcon_core.package_identification:_identify(atob/venv/lib/python3.12/site-packages/pip/_vendor/urllib3/contrib/__pycache__) by extensions ['ros']
[0.937s] Level 1:colcon.colcon_core.package_identification:_identify(atob/venv/lib/python3.12/site-packages/pip/_vendor/urllib3/contrib/__pycache__) by extension 'ros'
[0.937s] Level 1:colcon.colcon_core.package_identification:_identify(atob/venv/lib/python3.12/site-packages/pip/_vendor/urllib3/contrib/__pycache__) by extensions ['cmake', 'python']
[0.937s] Level 1:colcon.colcon_core.package_identification:_identify(atob/venv/lib/python3.12/site-packages/pip/_vendor/urllib3/contrib/__pycache__) by extension 'cmake'
[0.938s] Level 1:colcon.colcon_core.package_identification:_identify(atob/venv/lib/python3.12/site-packages/pip/_vendor/urllib3/contrib/__pycache__) by extension 'python'
[0.938s] Level 1:colcon.colcon_core.package_identification:_identify(atob/venv/lib/python3.12/site-packages/pip/_vendor/urllib3/contrib/__pycache__) by extensions ['python_setup_py']
[0.938s] Level 1:colcon.colcon_core.package_identification:_identify(atob/venv/lib/python3.12/site-packages/pip/_vendor/urllib3/contrib/__pycache__) by extension 'python_setup_py'
[0.938s] Level 1:colcon.colcon_core.package_identification:_identify(atob/venv/lib/python3.12/site-packages/pip/_vendor/urllib3/contrib/_securetransport) by extensions ['ignore', 'ignore_ament_install']
[0.938s] Level 1:colcon.colcon_core.package_identification:_identify(atob/venv/lib/python3.12/site-packages/pip/_vendor/urllib3/contrib/_securetransport) by extension 'ignore'
[0.938s] Level 1:colcon.colcon_core.package_identification:_identify(atob/venv/lib/python3.12/site-packages/pip/_vendor/urllib3/contrib/_securetransport) by extension 'ignore_ament_install'
[0.938s] Level 1:colcon.colcon_core.package_identification:_identify(atob/venv/lib/python3.12/site-packages/pip/_vendor/urllib3/contrib/_securetransport) by extensions ['colcon_pkg']
[0.938s] Level 1:colcon.colcon_core.package_identification:_identify(atob/venv/lib/python3.12/site-packages/pip/_vendor/urllib3/contrib/_securetransport) by extension 'colcon_pkg'
[0.939s] Level 1:colcon.colcon_core.package_identification:_identify(atob/venv/lib/python3.12/site-packages/pip/_vendor/urllib3/contrib/_securetransport) by extensions ['colcon_meta']
[0.939s] Level 1:colcon.colcon_core.package_identification:_identify(atob/venv/lib/python3.12/site-packages/pip/_vendor/urllib3/contrib/_securetransport) by extension 'colcon_meta'
[0.939s] Level 1:colcon.colcon_core.package_identification:_identify(atob/venv/lib/python3.12/site-packages/pip/_vendor/urllib3/contrib/_securetransport) by extensions ['ros']
[0.939s] Level 1:colcon.colcon_core.package_identification:_identify(atob/venv/lib/python3.12/site-packages/pip/_vendor/urllib3/contrib/_securetransport) by extension 'ros'
[0.939s] Level 1:colcon.colcon_core.package_identification:_identify(atob/venv/lib/python3.12/site-packages/pip/_vendor/urllib3/contrib/_securetransport) by extensions ['cmake', 'python']
[0.939s] Level 1:colcon.colcon_core.package_identification:_identify(atob/venv/lib/python3.12/site-packages/pip/_vendor/urllib3/contrib/_securetransport) by extension 'cmake'
[0.939s] Level 1:colcon.colcon_core.package_identification:_identify(atob/venv/lib/python3.12/site-packages/pip/_vendor/urllib3/contrib/_securetransport) by extension 'python'
[0.939s] Level 1:colcon.colcon_core.package_identification:_identify(atob/venv/lib/python3.12/site-packages/pip/_vendor/urllib3/contrib/_securetransport) by extensions ['python_setup_py']
[0.939s] Level 1:colcon.colcon_core.package_identification:_identify(atob/venv/lib/python3.12/site-packages/pip/_vendor/urllib3/contrib/_securetransport) by extension 'python_setup_py'
[0.940s] Level 1:colcon.colcon_core.package_identification:_identify(atob/venv/lib/python3.12/site-packages/pip/_vendor/urllib3/contrib/_securetransport/__pycache__) by extensions ['ignore', 'ignore_ament_install']
[0.940s] Level 1:colcon.colcon_core.package_identification:_identify(atob/venv/lib/python3.12/site-packages/pip/_vendor/urllib3/contrib/_securetransport/__pycache__) by extension 'ignore'
[0.940s] Level 1:colcon.colcon_core.package_identification:_identify(atob/venv/lib/python3.12/site-packages/pip/_vendor/urllib3/contrib/_securetransport/__pycache__) by extension 'ignore_ament_install'
[0.940s] Level 1:colcon.colcon_core.package_identification:_identify(atob/venv/lib/python3.12/site-packages/pip/_vendor/urllib3/contrib/_securetransport/__pycache__) by extensions ['colcon_pkg']
[0.940s] Level 1:colcon.colcon_core.package_identification:_identify(atob/venv/lib/python3.12/site-packages/pip/_vendor/urllib3/contrib/_securetransport/__pycache__) by extension 'colcon_pkg'
[0.940s] Level 1:colcon.colcon_core.package_identification:_identify(atob/venv/lib/python3.12/site-packages/pip/_vendor/urllib3/contrib/_securetransport/__pycache__) by extensions ['colcon_meta']
[0.940s] Level 1:colcon.colcon_core.package_identification:_identify(atob/venv/lib/python3.12/site-packages/pip/_vendor/urllib3/contrib/_securetransport/__pycache__) by extension 'colcon_meta'
[0.940s] Level 1:colcon.colcon_core.package_identification:_identify(atob/venv/lib/python3.12/site-packages/pip/_vendor/urllib3/contrib/_securetransport/__pycache__) by extensions ['ros']
[0.940s] Level 1:colcon.colcon_core.package_identification:_identify(atob/venv/lib/python3.12/site-packages/pip/_vendor/urllib3/contrib/_securetransport/__pycache__) by extension 'ros'
[0.940s] Level 1:colcon.colcon_core.package_identification:_identify(atob/venv/lib/python3.12/site-packages/pip/_vendor/urllib3/contrib/_securetransport/__pycache__) by extensions ['cmake', 'python']
[0.940s] Level 1:colcon.colcon_core.package_identification:_identify(atob/venv/lib/python3.12/site-packages/pip/_vendor/urllib3/contrib/_securetransport/__pycache__) by extension 'cmake'
[0.940s] Level 1:colcon.colcon_core.package_identification:_identify(atob/venv/lib/python3.12/site-packages/pip/_vendor/urllib3/contrib/_securetransport/__pycache__) by extension 'python'
[0.940s] Level 1:colcon.colcon_core.package_identification:_identify(atob/venv/lib/python3.12/site-packages/pip/_vendor/urllib3/contrib/_securetransport/__pycache__) by extensions ['python_setup_py']
[0.940s] Level 1:colcon.colcon_core.package_identification:_identify(atob/venv/lib/python3.12/site-packages/pip/_vendor/urllib3/contrib/_securetransport/__pycache__) by extension 'python_setup_py'
[0.941s] Level 1:colcon.colcon_core.package_identification:_identify(atob/venv/lib/python3.12/site-packages/pip/_vendor/urllib3/packages) by extensions ['ignore', 'ignore_ament_install']
[0.941s] Level 1:colcon.colcon_core.package_identification:_identify(atob/venv/lib/python3.12/site-packages/pip/_vendor/urllib3/packages) by extension 'ignore'
[0.941s] Level 1:colcon.colcon_core.package_identification:_identify(atob/venv/lib/python3.12/site-packages/pip/_vendor/urllib3/packages) by extension 'ignore_ament_install'
[0.941s] Level 1:colcon.colcon_core.package_identification:_identify(atob/venv/lib/python3.12/site-packages/pip/_vendor/urllib3/packages) by extensions ['colcon_pkg']
[0.941s] Level 1:colcon.colcon_core.package_identification:_identify(atob/venv/lib/python3.12/site-packages/pip/_vendor/urllib3/packages) by extension 'colcon_pkg'
[0.941s] Level 1:colcon.colcon_core.package_identification:_identify(atob/venv/lib/python3.12/site-packages/pip/_vendor/urllib3/packages) by extensions ['colcon_meta']
[0.941s] Level 1:colcon.colcon_core.package_identification:_identify(atob/venv/lib/python3.12/site-packages/pip/_vendor/urllib3/packages) by extension 'colcon_meta'
[0.941s] Level 1:colcon.colcon_core.package_identification:_identify(atob/venv/lib/python3.12/site-packages/pip/_vendor/urllib3/packages) by extensions ['ros']
[0.941s] Level 1:colcon.colcon_core.package_identification:_identify(atob/venv/lib/python3.12/site-packages/pip/_vendor/urllib3/packages) by extension 'ros'
[0.942s] Level 1:colcon.colcon_core.package_identification:_identify(atob/venv/lib/python3.12/site-packages/pip/_vendor/urllib3/packages) by extensions ['cmake', 'python']
[0.942s] Level 1:colcon.colcon_core.package_identification:_identify(atob/venv/lib/python3.12/site-packages/pip/_vendor/urllib3/packages) by extension 'cmake'
[0.942s] Level 1:colcon.colcon_core.package_identification:_identify(atob/venv/lib/python3.12/site-packages/pip/_vendor/urllib3/packages) by extension 'python'
[0.942s] Level 1:colcon.colcon_core.package_identification:_identify(atob/venv/lib/python3.12/site-packages/pip/_vendor/urllib3/packages) by extensions ['python_setup_py']
[0.942s] Level 1:colcon.colcon_core.package_identification:_identify(atob/venv/lib/python3.12/site-packages/pip/_vendor/urllib3/packages) by extension 'python_setup_py'
[0.942s] Level 1:colcon.colcon_core.package_identification:_identify(atob/venv/lib/python3.12/site-packages/pip/_vendor/urllib3/packages/__pycache__) by extensions ['ignore', 'ignore_ament_install']
[0.942s] Level 1:colcon.colcon_core.package_identification:_identify(atob/venv/lib/python3.12/site-packages/pip/_vendor/urllib3/packages/__pycache__) by extension 'ignore'
[0.942s] Level 1:colcon.colcon_core.package_identification:_identify(atob/venv/lib/python3.12/site-packages/pip/_vendor/urllib3/packages/__pycache__) by extension 'ignore_ament_install'
[0.943s] Level 1:colcon.colcon_core.package_identification:_identify(atob/venv/lib/python3.12/site-packages/pip/_vendor/urllib3/packages/__pycache__) by extensions ['colcon_pkg']
[0.943s] Level 1:colcon.colcon_core.package_identification:_identify(atob/venv/lib/python3.12/site-packages/pip/_vendor/urllib3/packages/__pycache__) by extension 'colcon_pkg'
[0.943s] Level 1:colcon.colcon_core.package_identification:_identify(atob/venv/lib/python3.12/site-packages/pip/_vendor/urllib3/packages/__pycache__) by extensions ['colcon_meta']
[0.943s] Level 1:colcon.colcon_core.package_identification:_identify(atob/venv/lib/python3.12/site-packages/pip/_vendor/urllib3/packages/__pycache__) by extension 'colcon_meta'
[0.943s] Level 1:colcon.colcon_core.package_identification:_identify(atob/venv/lib/python3.12/site-packages/pip/_vendor/urllib3/packages/__pycache__) by extensions ['ros']
[0.943s] Level 1:colcon.colcon_core.package_identification:_identify(atob/venv/lib/python3.12/site-packages/pip/_vendor/urllib3/packages/__pycache__) by extension 'ros'
[0.943s] Level 1:colcon.colcon_core.package_identification:_identify(atob/venv/lib/python3.12/site-packages/pip/_vendor/urllib3/packages/__pycache__) by extensions ['cmake', 'python']
[0.943s] Level 1:colcon.colcon_core.package_identification:_identify(atob/venv/lib/python3.12/site-packages/pip/_vendor/urllib3/packages/__pycache__) by extension 'cmake'
[0.943s] Level 1:colcon.colcon_core.package_identification:_identify(atob/venv/lib/python3.12/site-packages/pip/_vendor/urllib3/packages/__pycache__) by extension 'python'
[0.943s] Level 1:colcon.colcon_core.package_identification:_identify(atob/venv/lib/python3.12/site-packages/pip/_vendor/urllib3/packages/__pycache__) by extensions ['python_setup_py']
[0.943s] Level 1:colcon.colcon_core.package_identification:_identify(atob/venv/lib/python3.12/site-packages/pip/_vendor/urllib3/packages/__pycache__) by extension 'python_setup_py'
[0.944s] Level 1:colcon.colcon_core.package_identification:_identify(atob/venv/lib/python3.12/site-packages/pip/_vendor/urllib3/packages/backports) by extensions ['ignore', 'ignore_ament_install']
[0.944s] Level 1:colcon.colcon_core.package_identification:_identify(atob/venv/lib/python3.12/site-packages/pip/_vendor/urllib3/packages/backports) by extension 'ignore'
[0.944s] Level 1:colcon.colcon_core.package_identification:_identify(atob/venv/lib/python3.12/site-packages/pip/_vendor/urllib3/packages/backports) by extension 'ignore_ament_install'
[0.944s] Level 1:colcon.colcon_core.package_identification:_identify(atob/venv/lib/python3.12/site-packages/pip/_vendor/urllib3/packages/backports) by extensions ['colcon_pkg']
[0.944s] Level 1:colcon.colcon_core.package_identification:_identify(atob/venv/lib/python3.12/site-packages/pip/_vendor/urllib3/packages/backports) by extension 'colcon_pkg'
[0.944s] Level 1:colcon.colcon_core.package_identification:_identify(atob/venv/lib/python3.12/site-packages/pip/_vendor/urllib3/packages/backports) by extensions ['colcon_meta']
[0.944s] Level 1:colcon.colcon_core.package_identification:_identify(atob/venv/lib/python3.12/site-packages/pip/_vendor/urllib3/packages/backports) by extension 'colcon_meta'
[0.944s] Level 1:colcon.colcon_core.package_identification:_identify(atob/venv/lib/python3.12/site-packages/pip/_vendor/urllib3/packages/backports) by extensions ['ros']
[0.944s] Level 1:colcon.colcon_core.package_identification:_identify(atob/venv/lib/python3.12/site-packages/pip/_vendor/urllib3/packages/backports) by extension 'ros'
[0.944s] Level 1:colcon.colcon_core.package_identification:_identify(atob/venv/lib/python3.12/site-packages/pip/_vendor/urllib3/packages/backports) by extensions ['cmake', 'python']
[0.944s] Level 1:colcon.colcon_core.package_identification:_identify(atob/venv/lib/python3.12/site-packages/pip/_vendor/urllib3/packages/backports) by extension 'cmake'
[0.944s] Level 1:colcon.colcon_core.package_identification:_identify(atob/venv/lib/python3.12/site-packages/pip/_vendor/urllib3/packages/backports) by extension 'python'
[0.944s] Level 1:colcon.colcon_core.package_identification:_identify(atob/venv/lib/python3.12/site-packages/pip/_vendor/urllib3/packages/backports) by extensions ['python_setup_py']
[0.944s] Level 1:colcon.colcon_core.package_identification:_identify(atob/venv/lib/python3.12/site-packages/pip/_vendor/urllib3/packages/backports) by extension 'python_setup_py'
[0.945s] Level 1:colcon.colcon_core.package_identification:_identify(atob/venv/lib/python3.12/site-packages/pip/_vendor/urllib3/packages/backports/__pycache__) by extensions ['ignore', 'ignore_ament_install']
[0.945s] Level 1:colcon.colcon_core.package_identification:_identify(atob/venv/lib/python3.12/site-packages/pip/_vendor/urllib3/packages/backports/__pycache__) by extension 'ignore'
[0.945s] Level 1:colcon.colcon_core.package_identification:_identify(atob/venv/lib/python3.12/site-packages/pip/_vendor/urllib3/packages/backports/__pycache__) by extension 'ignore_ament_install'
[0.945s] Level 1:colcon.colcon_core.package_identification:_identify(atob/venv/lib/python3.12/site-packages/pip/_vendor/urllib3/packages/backports/__pycache__) by extensions ['colcon_pkg']
[0.945s] Level 1:colcon.colcon_core.package_identification:_identify(atob/venv/lib/python3.12/site-packages/pip/_vendor/urllib3/packages/backports/__pycache__) by extension 'colcon_pkg'
[0.945s] Level 1:colcon.colcon_core.package_identification:_identify(atob/venv/lib/python3.12/site-packages/pip/_vendor/urllib3/packages/backports/__pycache__) by extensions ['colcon_meta']
[0.945s] Level 1:colcon.colcon_core.package_identification:_identify(atob/venv/lib/python3.12/site-packages/pip/_vendor/urllib3/packages/backports/__pycache__) by extension 'colcon_meta'
[0.945s] Level 1:colcon.colcon_core.package_identification:_identify(atob/venv/lib/python3.12/site-packages/pip/_vendor/urllib3/packages/backports/__pycache__) by extensions ['ros']
[0.946s] Level 1:colcon.colcon_core.package_identification:_identify(atob/venv/lib/python3.12/site-packages/pip/_vendor/urllib3/packages/backports/__pycache__) by extension 'ros'
[0.946s] Level 1:colcon.colcon_core.package_identification:_identify(atob/venv/lib/python3.12/site-packages/pip/_vendor/urllib3/packages/backports/__pycache__) by extensions ['cmake', 'python']
[0.946s] Level 1:colcon.colcon_core.package_identification:_identify(atob/venv/lib/python3.12/site-packages/pip/_vendor/urllib3/packages/backports/__pycache__) by extension 'cmake'
[0.946s] Level 1:colcon.colcon_core.package_identification:_identify(atob/venv/lib/python3.12/site-packages/pip/_vendor/urllib3/packages/backports/__pycache__) by extension 'python'
[0.946s] Level 1:colcon.colcon_core.package_identification:_identify(atob/venv/lib/python3.12/site-packages/pip/_vendor/urllib3/packages/backports/__pycache__) by extensions ['python_setup_py']
[0.946s] Level 1:colcon.colcon_core.package_identification:_identify(atob/venv/lib/python3.12/site-packages/pip/_vendor/urllib3/packages/backports/__pycache__) by extension 'python_setup_py'
[0.946s] Level 1:colcon.colcon_core.package_identification:_identify(atob/venv/lib/python3.12/site-packages/pip/_vendor/urllib3/util) by extensions ['ignore', 'ignore_ament_install']
[0.946s] Level 1:colcon.colcon_core.package_identification:_identify(atob/venv/lib/python3.12/site-packages/pip/_vendor/urllib3/util) by extension 'ignore'
[0.946s] Level 1:colcon.colcon_core.package_identification:_identify(atob/venv/lib/python3.12/site-packages/pip/_vendor/urllib3/util) by extension 'ignore_ament_install'
[0.947s] Level 1:colcon.colcon_core.package_identification:_identify(atob/venv/lib/python3.12/site-packages/pip/_vendor/urllib3/util) by extensions ['colcon_pkg']
[0.947s] Level 1:colcon.colcon_core.package_identification:_identify(atob/venv/lib/python3.12/site-packages/pip/_vendor/urllib3/util) by extension 'colcon_pkg'
[0.947s] Level 1:colcon.colcon_core.package_identification:_identify(atob/venv/lib/python3.12/site-packages/pip/_vendor/urllib3/util) by extensions ['colcon_meta']
[0.947s] Level 1:colcon.colcon_core.package_identification:_identify(atob/venv/lib/python3.12/site-packages/pip/_vendor/urllib3/util) by extension 'colcon_meta'
[0.947s] Level 1:colcon.colcon_core.package_identification:_identify(atob/venv/lib/python3.12/site-packages/pip/_vendor/urllib3/util) by extensions ['ros']
[0.947s] Level 1:colcon.colcon_core.package_identification:_identify(atob/venv/lib/python3.12/site-packages/pip/_vendor/urllib3/util) by extension 'ros'
[0.947s] Level 1:colcon.colcon_core.package_identification:_identify(atob/venv/lib/python3.12/site-packages/pip/_vendor/urllib3/util) by extensions ['cmake', 'python']
[0.947s] Level 1:colcon.colcon_core.package_identification:_identify(atob/venv/lib/python3.12/site-packages/pip/_vendor/urllib3/util) by extension 'cmake'
[0.947s] Level 1:colcon.colcon_core.package_identification:_identify(atob/venv/lib/python3.12/site-packages/pip/_vendor/urllib3/util) by extension 'python'
[0.947s] Level 1:colcon.colcon_core.package_identification:_identify(atob/venv/lib/python3.12/site-packages/pip/_vendor/urllib3/util) by extensions ['python_setup_py']
[0.947s] Level 1:colcon.colcon_core.package_identification:_identify(atob/venv/lib/python3.12/site-packages/pip/_vendor/urllib3/util) by extension 'python_setup_py'
[0.948s] Level 1:colcon.colcon_core.package_identification:_identify(atob/venv/lib/python3.12/site-packages/pip/_vendor/urllib3/util/__pycache__) by extensions ['ignore', 'ignore_ament_install']
[0.948s] Level 1:colcon.colcon_core.package_identification:_identify(atob/venv/lib/python3.12/site-packages/pip/_vendor/urllib3/util/__pycache__) by extension 'ignore'
[0.948s] Level 1:colcon.colcon_core.package_identification:_identify(atob/venv/lib/python3.12/site-packages/pip/_vendor/urllib3/util/__pycache__) by extension 'ignore_ament_install'
[0.948s] Level 1:colcon.colcon_core.package_identification:_identify(atob/venv/lib/python3.12/site-packages/pip/_vendor/urllib3/util/__pycache__) by extensions ['colcon_pkg']
[0.948s] Level 1:colcon.colcon_core.package_identification:_identify(atob/venv/lib/python3.12/site-packages/pip/_vendor/urllib3/util/__pycache__) by extension 'colcon_pkg'
[0.948s] Level 1:colcon.colcon_core.package_identification:_identify(atob/venv/lib/python3.12/site-packages/pip/_vendor/urllib3/util/__pycache__) by extensions ['colcon_meta']
[0.948s] Level 1:colcon.colcon_core.package_identification:_identify(atob/venv/lib/python3.12/site-packages/pip/_vendor/urllib3/util/__pycache__) by extension 'colcon_meta'
[0.948s] Level 1:colcon.colcon_core.package_identification:_identify(atob/venv/lib/python3.12/site-packages/pip/_vendor/urllib3/util/__pycache__) by extensions ['ros']
[0.948s] Level 1:colcon.colcon_core.package_identification:_identify(atob/venv/lib/python3.12/site-packages/pip/_vendor/urllib3/util/__pycache__) by extension 'ros'
[0.948s] Level 1:colcon.colcon_core.package_identification:_identify(atob/venv/lib/python3.12/site-packages/pip/_vendor/urllib3/util/__pycache__) by extensions ['cmake', 'python']
[0.948s] Level 1:colcon.colcon_core.package_identification:_identify(atob/venv/lib/python3.12/site-packages/pip/_vendor/urllib3/util/__pycache__) by extension 'cmake'
[0.948s] Level 1:colcon.colcon_core.package_identification:_identify(atob/venv/lib/python3.12/site-packages/pip/_vendor/urllib3/util/__pycache__) by extension 'python'
[0.948s] Level 1:colcon.colcon_core.package_identification:_identify(atob/venv/lib/python3.12/site-packages/pip/_vendor/urllib3/util/__pycache__) by extensions ['python_setup_py']
[0.948s] Level 1:colcon.colcon_core.package_identification:_identify(atob/venv/lib/python3.12/site-packages/pip/_vendor/urllib3/util/__pycache__) by extension 'python_setup_py'
[0.949s] Level 1:colcon.colcon_core.package_identification:_identify(atob/venv/lib/python3.12/site-packages/pip-26.0.1.dist-info) by extensions ['ignore', 'ignore_ament_install']
[0.949s] Level 1:colcon.colcon_core.package_identification:_identify(atob/venv/lib/python3.12/site-packages/pip-26.0.1.dist-info) by extension 'ignore'
[0.949s] Level 1:colcon.colcon_core.package_identification:_identify(atob/venv/lib/python3.12/site-packages/pip-26.0.1.dist-info) by extension 'ignore_ament_install'
[0.949s] Level 1:colcon.colcon_core.package_identification:_identify(atob/venv/lib/python3.12/site-packages/pip-26.0.1.dist-info) by extensions ['colcon_pkg']
[0.949s] Level 1:colcon.colcon_core.package_identification:_identify(atob/venv/lib/python3.12/site-packages/pip-26.0.1.dist-info) by extension 'colcon_pkg'
[0.949s] Level 1:colcon.colcon_core.package_identification:_identify(atob/venv/lib/python3.12/site-packages/pip-26.0.1.dist-info) by extensions ['colcon_meta']
[0.949s] Level 1:colcon.colcon_core.package_identification:_identify(atob/venv/lib/python3.12/site-packages/pip-26.0.1.dist-info) by extension 'colcon_meta'
[0.949s] Level 1:colcon.colcon_core.package_identification:_identify(atob/venv/lib/python3.12/site-packages/pip-26.0.1.dist-info) by extensions ['ros']
[0.949s] Level 1:colcon.colcon_core.package_identification:_identify(atob/venv/lib/python3.12/site-packages/pip-26.0.1.dist-info) by extension 'ros'
[0.949s] Level 1:colcon.colcon_core.package_identification:_identify(atob/venv/lib/python3.12/site-packages/pip-26.0.1.dist-info) by extensions ['cmake', 'python']
[0.950s] Level 1:colcon.colcon_core.package_identification:_identify(atob/venv/lib/python3.12/site-packages/pip-26.0.1.dist-info) by extension 'cmake'
[0.950s] Level 1:colcon.colcon_core.package_identification:_identify(atob/venv/lib/python3.12/site-packages/pip-26.0.1.dist-info) by extension 'python'
[0.950s] Level 1:colcon.colcon_core.package_identification:_identify(atob/venv/lib/python3.12/site-packages/pip-26.0.1.dist-info) by extensions ['python_setup_py']
[0.950s] Level 1:colcon.colcon_core.package_identification:_identify(atob/venv/lib/python3.12/site-packages/pip-26.0.1.dist-info) by extension 'python_setup_py'
[0.950s] Level 1:colcon.colcon_core.package_identification:_identify(atob/venv/lib/python3.12/site-packages/pip-26.0.1.dist-info/licenses) by extensions ['ignore', 'ignore_ament_install']
[0.950s] Level 1:colcon.colcon_core.package_identification:_identify(atob/venv/lib/python3.12/site-packages/pip-26.0.1.dist-info/licenses) by extension 'ignore'
[0.950s] Level 1:colcon.colcon_core.package_identification:_identify(atob/venv/lib/python3.12/site-packages/pip-26.0.1.dist-info/licenses) by extension 'ignore_ament_install'
[0.950s] Level 1:colcon.colcon_core.package_identification:_identify(atob/venv/lib/python3.12/site-packages/pip-26.0.1.dist-info/licenses) by extensions ['colcon_pkg']
[0.951s] Level 1:colcon.colcon_core.package_identification:_identify(atob/venv/lib/python3.12/site-packages/pip-26.0.1.dist-info/licenses) by extension 'colcon_pkg'
[0.951s] Level 1:colcon.colcon_core.package_identification:_identify(atob/venv/lib/python3.12/site-packages/pip-26.0.1.dist-info/licenses) by extensions ['colcon_meta']
[0.951s] Level 1:colcon.colcon_core.package_identification:_identify(atob/venv/lib/python3.12/site-packages/pip-26.0.1.dist-info/licenses) by extension 'colcon_meta'
[0.951s] Level 1:colcon.colcon_core.package_identification:_identify(atob/venv/lib/python3.12/site-packages/pip-26.0.1.dist-info/licenses) by extensions ['ros']
[0.951s] Level 1:colcon.colcon_core.package_identification:_identify(atob/venv/lib/python3.12/site-packages/pip-26.0.1.dist-info/licenses) by extension 'ros'
[0.951s] Level 1:colcon.colcon_core.package_identification:_identify(atob/venv/lib/python3.12/site-packages/pip-26.0.1.dist-info/licenses) by extensions ['cmake', 'python']
[0.951s] Level 1:colcon.colcon_core.package_identification:_identify(atob/venv/lib/python3.12/site-packages/pip-26.0.1.dist-info/licenses) by extension 'cmake'
[0.951s] Level 1:colcon.colcon_core.package_identification:_identify(atob/venv/lib/python3.12/site-packages/pip-26.0.1.dist-info/licenses) by extension 'python'
[0.951s] Level 1:colcon.colcon_core.package_identification:_identify(atob/venv/lib/python3.12/site-packages/pip-26.0.1.dist-info/licenses) by extensions ['python_setup_py']
[0.951s] Level 1:colcon.colcon_core.package_identification:_identify(atob/venv/lib/python3.12/site-packages/pip-26.0.1.dist-info/licenses) by extension 'python_setup_py'
[0.951s] Level 1:colcon.colcon_core.package_identification:_identify(atob/venv/lib/python3.12/site-packages/pip-26.0.1.dist-info/licenses/src) by extensions ['ignore', 'ignore_ament_install']
[0.952s] Level 1:colcon.colcon_core.package_identification:_identify(atob/venv/lib/python3.12/site-packages/pip-26.0.1.dist-info/licenses/src) by extension 'ignore'
[0.952s] Level 1:colcon.colcon_core.package_identification:_identify(atob/venv/lib/python3.12/site-packages/pip-26.0.1.dist-info/licenses/src) by extension 'ignore_ament_install'
[0.952s] Level 1:colcon.colcon_core.package_identification:_identify(atob/venv/lib/python3.12/site-packages/pip-26.0.1.dist-info/licenses/src) by extensions ['colcon_pkg']
[0.952s] Level 1:colcon.colcon_core.package_identification:_identify(atob/venv/lib/python3.12/site-packages/pip-26.0.1.dist-info/licenses/src) by extension 'colcon_pkg'
[0.952s] Level 1:colcon.colcon_core.package_identification:_identify(atob/venv/lib/python3.12/site-packages/pip-26.0.1.dist-info/licenses/src) by extensions ['colcon_meta']
[0.952s] Level 1:colcon.colcon_core.package_identification:_identify(atob/venv/lib/python3.12/site-packages/pip-26.0.1.dist-info/licenses/src) by extension 'colcon_meta'
[0.952s] Level 1:colcon.colcon_core.package_identification:_identify(atob/venv/lib/python3.12/site-packages/pip-26.0.1.dist-info/licenses/src) by extensions ['ros']
[0.952s] Level 1:colcon.colcon_core.package_identification:_identify(atob/venv/lib/python3.12/site-packages/pip-26.0.1.dist-info/licenses/src) by extension 'ros'
[0.952s] Level 1:colcon.colcon_core.package_identification:_identify(atob/venv/lib/python3.12/site-packages/pip-26.0.1.dist-info/licenses/src) by extensions ['cmake', 'python']
[0.952s] Level 1:colcon.colcon_core.package_identification:_identify(atob/venv/lib/python3.12/site-packages/pip-26.0.1.dist-info/licenses/src) by extension 'cmake'
[0.952s] Level 1:colcon.colcon_core.package_identification:_identify(atob/venv/lib/python3.12/site-packages/pip-26.0.1.dist-info/licenses/src) by extension 'python'
[0.952s] Level 1:colcon.colcon_core.package_identification:_identify(atob/venv/lib/python3.12/site-packages/pip-26.0.1.dist-info/licenses/src) by extensions ['python_setup_py']
[0.952s] Level 1:colcon.colcon_core.package_identification:_identify(atob/venv/lib/python3.12/site-packages/pip-26.0.1.dist-info/licenses/src) by extension 'python_setup_py'
[0.953s] Level 1:colcon.colcon_core.package_identification:_identify(atob/venv/lib/python3.12/site-packages/pip-26.0.1.dist-info/licenses/src/pip) by extensions ['ignore', 'ignore_ament_install']
[0.953s] Level 1:colcon.colcon_core.package_identification:_identify(atob/venv/lib/python3.12/site-packages/pip-26.0.1.dist-info/licenses/src/pip) by extension 'ignore'
[0.953s] Level 1:colcon.colcon_core.package_identification:_identify(atob/venv/lib/python3.12/site-packages/pip-26.0.1.dist-info/licenses/src/pip) by extension 'ignore_ament_install'
[0.953s] Level 1:colcon.colcon_core.package_identification:_identify(atob/venv/lib/python3.12/site-packages/pip-26.0.1.dist-info/licenses/src/pip) by extensions ['colcon_pkg']
[0.953s] Level 1:colcon.colcon_core.package_identification:_identify(atob/venv/lib/python3.12/site-packages/pip-26.0.1.dist-info/licenses/src/pip) by extension 'colcon_pkg'
[0.953s] Level 1:colcon.colcon_core.package_identification:_identify(atob/venv/lib/python3.12/site-packages/pip-26.0.1.dist-info/licenses/src/pip) by extensions ['colcon_meta']
[0.953s] Level 1:colcon.colcon_core.package_identification:_identify(atob/venv/lib/python3.12/site-packages/pip-26.0.1.dist-info/licenses/src/pip) by extension 'colcon_meta'
[0.954s] Level 1:colcon.colcon_core.package_identification:_identify(atob/venv/lib/python3.12/site-packages/pip-26.0.1.dist-info/licenses/src/pip) by extensions ['ros']
[0.954s] Level 1:colcon.colcon_core.package_identification:_identify(atob/venv/lib/python3.12/site-packages/pip-26.0.1.dist-info/licenses/src/pip) by extension 'ros'
[0.954s] Level 1:colcon.colcon_core.package_identification:_identify(atob/venv/lib/python3.12/site-packages/pip-26.0.1.dist-info/licenses/src/pip) by extensions ['cmake', 'python']
[0.954s] Level 1:colcon.colcon_core.package_identification:_identify(atob/venv/lib/python3.12/site-packages/pip-26.0.1.dist-info/licenses/src/pip) by extension 'cmake'
[0.954s] Level 1:colcon.colcon_core.package_identification:_identify(atob/venv/lib/python3.12/site-packages/pip-26.0.1.dist-info/licenses/src/pip) by extension 'python'
[0.954s] Level 1:colcon.colcon_core.package_identification:_identify(atob/venv/lib/python3.12/site-packages/pip-26.0.1.dist-info/licenses/src/pip) by extensions ['python_setup_py']
[0.954s] Level 1:colcon.colcon_core.package_identification:_identify(atob/venv/lib/python3.12/site-packages/pip-26.0.1.dist-info/licenses/src/pip) by extension 'python_setup_py'
[0.954s] Level 1:colcon.colcon_core.package_identification:_identify(atob/venv/lib/python3.12/site-packages/pip-26.0.1.dist-info/licenses/src/pip/_vendor) by extensions ['ignore', 'ignore_ament_install']
[0.955s] Level 1:colcon.colcon_core.package_identification:_identify(atob/venv/lib/python3.12/site-packages/pip-26.0.1.dist-info/licenses/src/pip/_vendor) by extension 'ignore'
[0.955s] Level 1:colcon.colcon_core.package_identification:_identify(atob/venv/lib/python3.12/site-packages/pip-26.0.1.dist-info/licenses/src/pip/_vendor) by extension 'ignore_ament_install'
[0.955s] Level 1:colcon.colcon_core.package_identification:_identify(atob/venv/lib/python3.12/site-packages/pip-26.0.1.dist-info/licenses/src/pip/_vendor) by extensions ['colcon_pkg']
[0.955s] Level 1:colcon.colcon_core.package_identification:_identify(atob/venv/lib/python3.12/site-packages/pip-26.0.1.dist-info/licenses/src/pip/_vendor) by extension 'colcon_pkg'
[0.955s] Level 1:colcon.colcon_core.package_identification:_identify(atob/venv/lib/python3.12/site-packages/pip-26.0.1.dist-info/licenses/src/pip/_vendor) by extensions ['colcon_meta']
[0.955s] Level 1:colcon.colcon_core.package_identification:_identify(atob/venv/lib/python3.12/site-packages/pip-26.0.1.dist-info/licenses/src/pip/_vendor) by extension 'colcon_meta'
[0.955s] Level 1:colcon.colcon_core.package_identification:_identify(atob/venv/lib/python3.12/site-packages/pip-26.0.1.dist-info/licenses/src/pip/_vendor) by extensions ['ros']
[0.955s] Level 1:colcon.colcon_core.package_identification:_identify(atob/venv/lib/python3.12/site-packages/pip-26.0.1.dist-info/licenses/src/pip/_vendor) by extension 'ros'
[0.955s] Level 1:colcon.colcon_core.package_identification:_identify(atob/venv/lib/python3.12/site-packages/pip-26.0.1.dist-info/licenses/src/pip/_vendor) by extensions ['cmake', 'python']
[0.955s] Level 1:colcon.colcon_core.package_identification:_identify(atob/venv/lib/python3.12/site-packages/pip-26.0.1.dist-info/licenses/src/pip/_vendor) by extension 'cmake'
[0.955s] Level 1:colcon.colcon_core.package_identification:_identify(atob/venv/lib/python3.12/site-packages/pip-26.0.1.dist-info/licenses/src/pip/_vendor) by extension 'python'
[0.955s] Level 1:colcon.colcon_core.package_identification:_identify(atob/venv/lib/python3.12/site-packages/pip-26.0.1.dist-info/licenses/src/pip/_vendor) by extensions ['python_setup_py']
[0.955s] Level 1:colcon.colcon_core.package_identification:_identify(atob/venv/lib/python3.12/site-packages/pip-26.0.1.dist-info/licenses/src/pip/_vendor) by extension 'python_setup_py'
[0.956s] Level 1:colcon.colcon_core.package_identification:_identify(atob/venv/lib/python3.12/site-packages/pip-26.0.1.dist-info/licenses/src/pip/_vendor/cachecontrol) by extensions ['ignore', 'ignore_ament_install']
[0.956s] Level 1:colcon.colcon_core.package_identification:_identify(atob/venv/lib/python3.12/site-packages/pip-26.0.1.dist-info/licenses/src/pip/_vendor/cachecontrol) by extension 'ignore'
[0.956s] Level 1:colcon.colcon_core.package_identification:_identify(atob/venv/lib/python3.12/site-packages/pip-26.0.1.dist-info/licenses/src/pip/_vendor/cachecontrol) by extension 'ignore_ament_install'
[0.956s] Level 1:colcon.colcon_core.package_identification:_identify(atob/venv/lib/python3.12/site-packages/pip-26.0.1.dist-info/licenses/src/pip/_vendor/cachecontrol) by extensions ['colcon_pkg']
[0.956s] Level 1:colcon.colcon_core.package_identification:_identify(atob/venv/lib/python3.12/site-packages/pip-26.0.1.dist-info/licenses/src/pip/_vendor/cachecontrol) by extension 'colcon_pkg'
[0.956s] Level 1:colcon.colcon_core.package_identification:_identify(atob/venv/lib/python3.12/site-packages/pip-26.0.1.dist-info/licenses/src/pip/_vendor/cachecontrol) by extensions ['colcon_meta']
[0.956s] Level 1:colcon.colcon_core.package_identification:_identify(atob/venv/lib/python3.12/site-packages/pip-26.0.1.dist-info/licenses/src/pip/_vendor/cachecontrol) by extension 'colcon_meta'
[0.956s] Level 1:colcon.colcon_core.package_identification:_identify(atob/venv/lib/python3.12/site-packages/pip-26.0.1.dist-info/licenses/src/pip/_vendor/cachecontrol) by extensions ['ros']
[0.956s] Level 1:colcon.colcon_core.package_identification:_identify(atob/venv/lib/python3.12/site-packages/pip-26.0.1.dist-info/licenses/src/pip/_vendor/cachecontrol) by extension 'ros'
[0.956s] Level 1:colcon.colcon_core.package_identification:_identify(atob/venv/lib/python3.12/site-packages/pip-26.0.1.dist-info/licenses/src/pip/_vendor/cachecontrol) by extensions ['cmake', 'python']
[0.957s] Level 1:colcon.colcon_core.package_identification:_identify(atob/venv/lib/python3.12/site-packages/pip-26.0.1.dist-info/licenses/src/pip/_vendor/cachecontrol) by extension 'cmake'
[0.957s] Level 1:colcon.colcon_core.package_identification:_identify(atob/venv/lib/python3.12/site-packages/pip-26.0.1.dist-info/licenses/src/pip/_vendor/cachecontrol) by extension 'python'
[0.957s] Level 1:colcon.colcon_core.package_identification:_identify(atob/venv/lib/python3.12/site-packages/pip-26.0.1.dist-info/licenses/src/pip/_vendor/cachecontrol) by extensions ['python_setup_py']
[0.957s] Level 1:colcon.colcon_core.package_identification:_identify(atob/venv/lib/python3.12/site-packages/pip-26.0.1.dist-info/licenses/src/pip/_vendor/cachecontrol) by extension 'python_setup_py'
[0.957s] Level 1:colcon.colcon_core.package_identification:_identify(atob/venv/lib/python3.12/site-packages/pip-26.0.1.dist-info/licenses/src/pip/_vendor/certifi) by extensions ['ignore', 'ignore_ament_install']
[0.957s] Level 1:colcon.colcon_core.package_identification:_identify(atob/venv/lib/python3.12/site-packages/pip-26.0.1.dist-info/licenses/src/pip/_vendor/certifi) by extension 'ignore'
[0.957s] Level 1:colcon.colcon_core.package_identification:_identify(atob/venv/lib/python3.12/site-packages/pip-26.0.1.dist-info/licenses/src/pip/_vendor/certifi) by extension 'ignore_ament_install'
[0.957s] Level 1:colcon.colcon_core.package_identification:_identify(atob/venv/lib/python3.12/site-packages/pip-26.0.1.dist-info/licenses/src/pip/_vendor/certifi) by extensions ['colcon_pkg']
[0.957s] Level 1:colcon.colcon_core.package_identification:_identify(atob/venv/lib/python3.12/site-packages/pip-26.0.1.dist-info/licenses/src/pip/_vendor/certifi) by extension 'colcon_pkg'
[0.958s] Level 1:colcon.colcon_core.package_identification:_identify(atob/venv/lib/python3.12/site-packages/pip-26.0.1.dist-info/licenses/src/pip/_vendor/certifi) by extensions ['colcon_meta']
[0.958s] Level 1:colcon.colcon_core.package_identification:_identify(atob/venv/lib/python3.12/site-packages/pip-26.0.1.dist-info/licenses/src/pip/_vendor/certifi) by extension 'colcon_meta'
[0.958s] Level 1:colcon.colcon_core.package_identification:_identify(atob/venv/lib/python3.12/site-packages/pip-26.0.1.dist-info/licenses/src/pip/_vendor/certifi) by extensions ['ros']
[0.958s] Level 1:colcon.colcon_core.package_identification:_identify(atob/venv/lib/python3.12/site-packages/pip-26.0.1.dist-info/licenses/src/pip/_vendor/certifi) by extension 'ros'
[0.958s] Level 1:colcon.colcon_core.package_identification:_identify(atob/venv/lib/python3.12/site-packages/pip-26.0.1.dist-info/licenses/src/pip/_vendor/certifi) by extensions ['cmake', 'python']
[0.958s] Level 1:colcon.colcon_core.package_identification:_identify(atob/venv/lib/python3.12/site-packages/pip-26.0.1.dist-info/licenses/src/pip/_vendor/certifi) by extension 'cmake'
[0.958s] Level 1:colcon.colcon_core.package_identification:_identify(atob/venv/lib/python3.12/site-packages/pip-26.0.1.dist-info/licenses/src/pip/_vendor/certifi) by extension 'python'
[0.958s] Level 1:colcon.colcon_core.package_identification:_identify(atob/venv/lib/python3.12/site-packages/pip-26.0.1.dist-info/licenses/src/pip/_vendor/certifi) by extensions ['python_setup_py']
[0.958s] Level 1:colcon.colcon_core.package_identification:_identify(atob/venv/lib/python3.12/site-packages/pip-26.0.1.dist-info/licenses/src/pip/_vendor/certifi) by extension 'python_setup_py'
[0.959s] Level 1:colcon.colcon_core.package_identification:_identify(atob/venv/lib/python3.12/site-packages/pip-26.0.1.dist-info/licenses/src/pip/_vendor/dependency_groups) by extensions ['ignore', 'ignore_ament_install']
[0.959s] Level 1:colcon.colcon_core.package_identification:_identify(atob/venv/lib/python3.12/site-packages/pip-26.0.1.dist-info/licenses/src/pip/_vendor/dependency_groups) by extension 'ignore'
[0.959s] Level 1:colcon.colcon_core.package_identification:_identify(atob/venv/lib/python3.12/site-packages/pip-26.0.1.dist-info/licenses/src/pip/_vendor/dependency_groups) by extension 'ignore_ament_install'
[0.959s] Level 1:colcon.colcon_core.package_identification:_identify(atob/venv/lib/python3.12/site-packages/pip-26.0.1.dist-info/licenses/src/pip/_vendor/dependency_groups) by extensions ['colcon_pkg']
[0.959s] Level 1:colcon.colcon_core.package_identification:_identify(atob/venv/lib/python3.12/site-packages/pip-26.0.1.dist-info/licenses/src/pip/_vendor/dependency_groups) by extension 'colcon_pkg'
[0.959s] Level 1:colcon.colcon_core.package_identification:_identify(atob/venv/lib/python3.12/site-packages/pip-26.0.1.dist-info/licenses/src/pip/_vendor/dependency_groups) by extensions ['colcon_meta']
[0.959s] Level 1:colcon.colcon_core.package_identification:_identify(atob/venv/lib/python3.12/site-packages/pip-26.0.1.dist-info/licenses/src/pip/_vendor/dependency_groups) by extension 'colcon_meta'
[0.959s] Level 1:colcon.colcon_core.package_identification:_identify(atob/venv/lib/python3.12/site-packages/pip-26.0.1.dist-info/licenses/src/pip/_vendor/dependency_groups) by extensions ['ros']
[0.959s] Level 1:colcon.colcon_core.package_identification:_identify(atob/venv/lib/python3.12/site-packages/pip-26.0.1.dist-info/licenses/src/pip/_vendor/dependency_groups) by extension 'ros'
[0.959s] Level 1:colcon.colcon_core.package_identification:_identify(atob/venv/lib/python3.12/site-packages/pip-26.0.1.dist-info/licenses/src/pip/_vendor/dependency_groups) by extensions ['cmake', 'python']
[0.959s] Level 1:colcon.colcon_core.package_identification:_identify(atob/venv/lib/python3.12/site-packages/pip-26.0.1.dist-info/licenses/src/pip/_vendor/dependency_groups) by extension 'cmake'
[0.959s] Level 1:colcon.colcon_core.package_identification:_identify(atob/venv/lib/python3.12/site-packages/pip-26.0.1.dist-info/licenses/src/pip/_vendor/dependency_groups) by extension 'python'
[0.959s] Level 1:colcon.colcon_core.package_identification:_identify(atob/venv/lib/python3.12/site-packages/pip-26.0.1.dist-info/licenses/src/pip/_vendor/dependency_groups) by extensions ['python_setup_py']
[0.959s] Level 1:colcon.colcon_core.package_identification:_identify(atob/venv/lib/python3.12/site-packages/pip-26.0.1.dist-info/licenses/src/pip/_vendor/dependency_groups) by extension 'python_setup_py'
[0.960s] Level 1:colcon.colcon_core.package_identification:_identify(atob/venv/lib/python3.12/site-packages/pip-26.0.1.dist-info/licenses/src/pip/_vendor/distlib) by extensions ['ignore', 'ignore_ament_install']
[0.960s] Level 1:colcon.colcon_core.package_identification:_identify(atob/venv/lib/python3.12/site-packages/pip-26.0.1.dist-info/licenses/src/pip/_vendor/distlib) by extension 'ignore'
[0.960s] Level 1:colcon.colcon_core.package_identification:_identify(atob/venv/lib/python3.12/site-packages/pip-26.0.1.dist-info/licenses/src/pip/_vendor/distlib) by extension 'ignore_ament_install'
[0.960s] Level 1:colcon.colcon_core.package_identification:_identify(atob/venv/lib/python3.12/site-packages/pip-26.0.1.dist-info/licenses/src/pip/_vendor/distlib) by extensions ['colcon_pkg']
[0.960s] Level 1:colcon.colcon_core.package_identification:_identify(atob/venv/lib/python3.12/site-packages/pip-26.0.1.dist-info/licenses/src/pip/_vendor/distlib) by extension 'colcon_pkg'
[0.960s] Level 1:colcon.colcon_core.package_identification:_identify(atob/venv/lib/python3.12/site-packages/pip-26.0.1.dist-info/licenses/src/pip/_vendor/distlib) by extensions ['colcon_meta']
[0.960s] Level 1:colcon.colcon_core.package_identification:_identify(atob/venv/lib/python3.12/site-packages/pip-26.0.1.dist-info/licenses/src/pip/_vendor/distlib) by extension 'colcon_meta'
[0.960s] Level 1:colcon.colcon_core.package_identification:_identify(atob/venv/lib/python3.12/site-packages/pip-26.0.1.dist-info/licenses/src/pip/_vendor/distlib) by extensions ['ros']
[0.960s] Level 1:colcon.colcon_core.package_identification:_identify(atob/venv/lib/python3.12/site-packages/pip-26.0.1.dist-info/licenses/src/pip/_vendor/distlib) by extension 'ros'
[0.961s] Level 1:colcon.colcon_core.package_identification:_identify(atob/venv/lib/python3.12/site-packages/pip-26.0.1.dist-info/licenses/src/pip/_vendor/distlib) by extensions ['cmake', 'python']
[0.961s] Level 1:colcon.colcon_core.package_identification:_identify(atob/venv/lib/python3.12/site-packages/pip-26.0.1.dist-info/licenses/src/pip/_vendor/distlib) by extension 'cmake'
[0.961s] Level 1:colcon.colcon_core.package_identification:_identify(atob/venv/lib/python3.12/site-packages/pip-26.0.1.dist-info/licenses/src/pip/_vendor/distlib) by extension 'python'
[0.961s] Level 1:colcon.colcon_core.package_identification:_identify(atob/venv/lib/python3.12/site-packages/pip-26.0.1.dist-info/licenses/src/pip/_vendor/distlib) by extensions ['python_setup_py']
[0.961s] Level 1:colcon.colcon_core.package_identification:_identify(atob/venv/lib/python3.12/site-packages/pip-26.0.1.dist-info/licenses/src/pip/_vendor/distlib) by extension 'python_setup_py'
[0.961s] Level 1:colcon.colcon_core.package_identification:_identify(atob/venv/lib/python3.12/site-packages/pip-26.0.1.dist-info/licenses/src/pip/_vendor/distro) by extensions ['ignore', 'ignore_ament_install']
[0.961s] Level 1:colcon.colcon_core.package_identification:_identify(atob/venv/lib/python3.12/site-packages/pip-26.0.1.dist-info/licenses/src/pip/_vendor/distro) by extension 'ignore'
[0.961s] Level 1:colcon.colcon_core.package_identification:_identify(atob/venv/lib/python3.12/site-packages/pip-26.0.1.dist-info/licenses/src/pip/_vendor/distro) by extension 'ignore_ament_install'
[0.961s] Level 1:colcon.colcon_core.package_identification:_identify(atob/venv/lib/python3.12/site-packages/pip-26.0.1.dist-info/licenses/src/pip/_vendor/distro) by extensions ['colcon_pkg']
[0.962s] Level 1:colcon.colcon_core.package_identification:_identify(atob/venv/lib/python3.12/site-packages/pip-26.0.1.dist-info/licenses/src/pip/_vendor/distro) by extension 'colcon_pkg'
[0.962s] Level 1:colcon.colcon_core.package_identification:_identify(atob/venv/lib/python3.12/site-packages/pip-26.0.1.dist-info/licenses/src/pip/_vendor/distro) by extensions ['colcon_meta']
[0.962s] Level 1:colcon.colcon_core.package_identification:_identify(atob/venv/lib/python3.12/site-packages/pip-26.0.1.dist-info/licenses/src/pip/_vendor/distro) by extension 'colcon_meta'
[0.962s] Level 1:colcon.colcon_core.package_identification:_identify(atob/venv/lib/python3.12/site-packages/pip-26.0.1.dist-info/licenses/src/pip/_vendor/distro) by extensions ['ros']
[0.962s] Level 1:colcon.colcon_core.package_identification:_identify(atob/venv/lib/python3.12/site-packages/pip-26.0.1.dist-info/licenses/src/pip/_vendor/distro) by extension 'ros'
[0.962s] Level 1:colcon.colcon_core.package_identification:_identify(atob/venv/lib/python3.12/site-packages/pip-26.0.1.dist-info/licenses/src/pip/_vendor/distro) by extensions ['cmake', 'python']
[0.962s] Level 1:colcon.colcon_core.package_identification:_identify(atob/venv/lib/python3.12/site-packages/pip-26.0.1.dist-info/licenses/src/pip/_vendor/distro) by extension 'cmake'
[0.962s] Level 1:colcon.colcon_core.package_identification:_identify(atob/venv/lib/python3.12/site-packages/pip-26.0.1.dist-info/licenses/src/pip/_vendor/distro) by extension 'python'
[0.962s] Level 1:colcon.colcon_core.package_identification:_identify(atob/venv/lib/python3.12/site-packages/pip-26.0.1.dist-info/licenses/src/pip/_vendor/distro) by extensions ['python_setup_py']
[0.962s] Level 1:colcon.colcon_core.package_identification:_identify(atob/venv/lib/python3.12/site-packages/pip-26.0.1.dist-info/licenses/src/pip/_vendor/distro) by extension 'python_setup_py'
[0.963s] Level 1:colcon.colcon_core.package_identification:_identify(atob/venv/lib/python3.12/site-packages/pip-26.0.1.dist-info/licenses/src/pip/_vendor/idna) by extensions ['ignore', 'ignore_ament_install']
[0.963s] Level 1:colcon.colcon_core.package_identification:_identify(atob/venv/lib/python3.12/site-packages/pip-26.0.1.dist-info/licenses/src/pip/_vendor/idna) by extension 'ignore'
[0.963s] Level 1:colcon.colcon_core.package_identification:_identify(atob/venv/lib/python3.12/site-packages/pip-26.0.1.dist-info/licenses/src/pip/_vendor/idna) by extension 'ignore_ament_install'
[0.963s] Level 1:colcon.colcon_core.package_identification:_identify(atob/venv/lib/python3.12/site-packages/pip-26.0.1.dist-info/licenses/src/pip/_vendor/idna) by extensions ['colcon_pkg']
[0.963s] Level 1:colcon.colcon_core.package_identification:_identify(atob/venv/lib/python3.12/site-packages/pip-26.0.1.dist-info/licenses/src/pip/_vendor/idna) by extension 'colcon_pkg'
[0.963s] Level 1:colcon.colcon_core.package_identification:_identify(atob/venv/lib/python3.12/site-packages/pip-26.0.1.dist-info/licenses/src/pip/_vendor/idna) by extensions ['colcon_meta']
[0.963s] Level 1:colcon.colcon_core.package_identification:_identify(atob/venv/lib/python3.12/site-packages/pip-26.0.1.dist-info/licenses/src/pip/_vendor/idna) by extension 'colcon_meta'
[0.963s] Level 1:colcon.colcon_core.package_identification:_identify(atob/venv/lib/python3.12/site-packages/pip-26.0.1.dist-info/licenses/src/pip/_vendor/idna) by extensions ['ros']
[0.963s] Level 1:colcon.colcon_core.package_identification:_identify(atob/venv/lib/python3.12/site-packages/pip-26.0.1.dist-info/licenses/src/pip/_vendor/idna) by extension 'ros'
[0.964s] Level 1:colcon.colcon_core.package_identification:_identify(atob/venv/lib/python3.12/site-packages/pip-26.0.1.dist-info/licenses/src/pip/_vendor/idna) by extensions ['cmake', 'python']
[0.964s] Level 1:colcon.colcon_core.package_identification:_identify(atob/venv/lib/python3.12/site-packages/pip-26.0.1.dist-info/licenses/src/pip/_vendor/idna) by extension 'cmake'
[0.964s] Level 1:colcon.colcon_core.package_identification:_identify(atob/venv/lib/python3.12/site-packages/pip-26.0.1.dist-info/licenses/src/pip/_vendor/idna) by extension 'python'
[0.964s] Level 1:colcon.colcon_core.package_identification:_identify(atob/venv/lib/python3.12/site-packages/pip-26.0.1.dist-info/licenses/src/pip/_vendor/idna) by extensions ['python_setup_py']
[0.964s] Level 1:colcon.colcon_core.package_identification:_identify(atob/venv/lib/python3.12/site-packages/pip-26.0.1.dist-info/licenses/src/pip/_vendor/idna) by extension 'python_setup_py'
[0.964s] Level 1:colcon.colcon_core.package_identification:_identify(atob/venv/lib/python3.12/site-packages/pip-26.0.1.dist-info/licenses/src/pip/_vendor/msgpack) by extensions ['ignore', 'ignore_ament_install']
[0.964s] Level 1:colcon.colcon_core.package_identification:_identify(atob/venv/lib/python3.12/site-packages/pip-26.0.1.dist-info/licenses/src/pip/_vendor/msgpack) by extension 'ignore'
[0.964s] Level 1:colcon.colcon_core.package_identification:_identify(atob/venv/lib/python3.12/site-packages/pip-26.0.1.dist-info/licenses/src/pip/_vendor/msgpack) by extension 'ignore_ament_install'
[0.965s] Level 1:colcon.colcon_core.package_identification:_identify(atob/venv/lib/python3.12/site-packages/pip-26.0.1.dist-info/licenses/src/pip/_vendor/msgpack) by extensions ['colcon_pkg']
[0.965s] Level 1:colcon.colcon_core.package_identification:_identify(atob/venv/lib/python3.12/site-packages/pip-26.0.1.dist-info/licenses/src/pip/_vendor/msgpack) by extension 'colcon_pkg'
[0.965s] Level 1:colcon.colcon_core.package_identification:_identify(atob/venv/lib/python3.12/site-packages/pip-26.0.1.dist-info/licenses/src/pip/_vendor/msgpack) by extensions ['colcon_meta']
[0.965s] Level 1:colcon.colcon_core.package_identification:_identify(atob/venv/lib/python3.12/site-packages/pip-26.0.1.dist-info/licenses/src/pip/_vendor/msgpack) by extension 'colcon_meta'
[0.965s] Level 1:colcon.colcon_core.package_identification:_identify(atob/venv/lib/python3.12/site-packages/pip-26.0.1.dist-info/licenses/src/pip/_vendor/msgpack) by extensions ['ros']
[0.965s] Level 1:colcon.colcon_core.package_identification:_identify(atob/venv/lib/python3.12/site-packages/pip-26.0.1.dist-info/licenses/src/pip/_vendor/msgpack) by extension 'ros'
[0.965s] Level 1:colcon.colcon_core.package_identification:_identify(atob/venv/lib/python3.12/site-packages/pip-26.0.1.dist-info/licenses/src/pip/_vendor/msgpack) by extensions ['cmake', 'python']
[0.965s] Level 1:colcon.colcon_core.package_identification:_identify(atob/venv/lib/python3.12/site-packages/pip-26.0.1.dist-info/licenses/src/pip/_vendor/msgpack) by extension 'cmake'
[0.965s] Level 1:colcon.colcon_core.package_identification:_identify(atob/venv/lib/python3.12/site-packages/pip-26.0.1.dist-info/licenses/src/pip/_vendor/msgpack) by extension 'python'
[0.965s] Level 1:colcon.colcon_core.package_identification:_identify(atob/venv/lib/python3.12/site-packages/pip-26.0.1.dist-info/licenses/src/pip/_vendor/msgpack) by extensions ['python_setup_py']
[0.965s] Level 1:colcon.colcon_core.package_identification:_identify(atob/venv/lib/python3.12/site-packages/pip-26.0.1.dist-info/licenses/src/pip/_vendor/msgpack) by extension 'python_setup_py'
[0.966s] Level 1:colcon.colcon_core.package_identification:_identify(atob/venv/lib/python3.12/site-packages/pip-26.0.1.dist-info/licenses/src/pip/_vendor/packaging) by extensions ['ignore', 'ignore_ament_install']
[0.966s] Level 1:colcon.colcon_core.package_identification:_identify(atob/venv/lib/python3.12/site-packages/pip-26.0.1.dist-info/licenses/src/pip/_vendor/packaging) by extension 'ignore'
[0.966s] Level 1:colcon.colcon_core.package_identification:_identify(atob/venv/lib/python3.12/site-packages/pip-26.0.1.dist-info/licenses/src/pip/_vendor/packaging) by extension 'ignore_ament_install'
[0.966s] Level 1:colcon.colcon_core.package_identification:_identify(atob/venv/lib/python3.12/site-packages/pip-26.0.1.dist-info/licenses/src/pip/_vendor/packaging) by extensions ['colcon_pkg']
[0.966s] Level 1:colcon.colcon_core.package_identification:_identify(atob/venv/lib/python3.12/site-packages/pip-26.0.1.dist-info/licenses/src/pip/_vendor/packaging) by extension 'colcon_pkg'
[0.966s] Level 1:colcon.colcon_core.package_identification:_identify(atob/venv/lib/python3.12/site-packages/pip-26.0.1.dist-info/licenses/src/pip/_vendor/packaging) by extensions ['colcon_meta']
[0.966s] Level 1:colcon.colcon_core.package_identification:_identify(atob/venv/lib/python3.12/site-packages/pip-26.0.1.dist-info/licenses/src/pip/_vendor/packaging) by extension 'colcon_meta'
[0.966s] Level 1:colcon.colcon_core.package_identification:_identify(atob/venv/lib/python3.12/site-packages/pip-26.0.1.dist-info/licenses/src/pip/_vendor/packaging) by extensions ['ros']
[0.966s] Level 1:colcon.colcon_core.package_identification:_identify(atob/venv/lib/python3.12/site-packages/pip-26.0.1.dist-info/licenses/src/pip/_vendor/packaging) by extension 'ros'
[0.966s] Level 1:colcon.colcon_core.package_identification:_identify(atob/venv/lib/python3.12/site-packages/pip-26.0.1.dist-info/licenses/src/pip/_vendor/packaging) by extensions ['cmake', 'python']
[0.966s] Level 1:colcon.colcon_core.package_identification:_identify(atob/venv/lib/python3.12/site-packages/pip-26.0.1.dist-info/licenses/src/pip/_vendor/packaging) by extension 'cmake'
[0.966s] Level 1:colcon.colcon_core.package_identification:_identify(atob/venv/lib/python3.12/site-packages/pip-26.0.1.dist-info/licenses/src/pip/_vendor/packaging) by extension 'python'
[0.966s] Level 1:colcon.colcon_core.package_identification:_identify(atob/venv/lib/python3.12/site-packages/pip-26.0.1.dist-info/licenses/src/pip/_vendor/packaging) by extensions ['python_setup_py']
[0.966s] Level 1:colcon.colcon_core.package_identification:_identify(atob/venv/lib/python3.12/site-packages/pip-26.0.1.dist-info/licenses/src/pip/_vendor/packaging) by extension 'python_setup_py'
[0.967s] Level 1:colcon.colcon_core.package_identification:_identify(atob/venv/lib/python3.12/site-packages/pip-26.0.1.dist-info/licenses/src/pip/_vendor/pkg_resources) by extensions ['ignore', 'ignore_ament_install']
[0.967s] Level 1:colcon.colcon_core.package_identification:_identify(atob/venv/lib/python3.12/site-packages/pip-26.0.1.dist-info/licenses/src/pip/_vendor/pkg_resources) by extension 'ignore'
[0.967s] Level 1:colcon.colcon_core.package_identification:_identify(atob/venv/lib/python3.12/site-packages/pip-26.0.1.dist-info/licenses/src/pip/_vendor/pkg_resources) by extension 'ignore_ament_install'
[0.967s] Level 1:colcon.colcon_core.package_identification:_identify(atob/venv/lib/python3.12/site-packages/pip-26.0.1.dist-info/licenses/src/pip/_vendor/pkg_resources) by extensions ['colcon_pkg']
[0.967s] Level 1:colcon.colcon_core.package_identification:_identify(atob/venv/lib/python3.12/site-packages/pip-26.0.1.dist-info/licenses/src/pip/_vendor/pkg_resources) by extension 'colcon_pkg'
[0.967s] Level 1:colcon.colcon_core.package_identification:_identify(atob/venv/lib/python3.12/site-packages/pip-26.0.1.dist-info/licenses/src/pip/_vendor/pkg_resources) by extensions ['colcon_meta']
[0.967s] Level 1:colcon.colcon_core.package_identification:_identify(atob/venv/lib/python3.12/site-packages/pip-26.0.1.dist-info/licenses/src/pip/_vendor/pkg_resources) by extension 'colcon_meta'
[0.967s] Level 1:colcon.colcon_core.package_identification:_identify(atob/venv/lib/python3.12/site-packages/pip-26.0.1.dist-info/licenses/src/pip/_vendor/pkg_resources) by extensions ['ros']
[0.967s] Level 1:colcon.colcon_core.package_identification:_identify(atob/venv/lib/python3.12/site-packages/pip-26.0.1.dist-info/licenses/src/pip/_vendor/pkg_resources) by extension 'ros'
[0.968s] Level 1:colcon.colcon_core.package_identification:_identify(atob/venv/lib/python3.12/site-packages/pip-26.0.1.dist-info/licenses/src/pip/_vendor/pkg_resources) by extensions ['cmake', 'python']
[0.968s] Level 1:colcon.colcon_core.package_identification:_identify(atob/venv/lib/python3.12/site-packages/pip-26.0.1.dist-info/licenses/src/pip/_vendor/pkg_resources) by extension 'cmake'
[0.968s] Level 1:colcon.colcon_core.package_identification:_identify(atob/venv/lib/python3.12/site-packages/pip-26.0.1.dist-info/licenses/src/pip/_vendor/pkg_resources) by extension 'python'
[0.968s] Level 1:colcon.colcon_core.package_identification:_identify(atob/venv/lib/python3.12/site-packages/pip-26.0.1.dist-info/licenses/src/pip/_vendor/pkg_resources) by extensions ['python_setup_py']
[0.968s] Level 1:colcon.colcon_core.package_identification:_identify(atob/venv/lib/python3.12/site-packages/pip-26.0.1.dist-info/licenses/src/pip/_vendor/pkg_resources) by extension 'python_setup_py'
[0.968s] Level 1:colcon.colcon_core.package_identification:_identify(atob/venv/lib/python3.12/site-packages/pip-26.0.1.dist-info/licenses/src/pip/_vendor/platformdirs) by extensions ['ignore', 'ignore_ament_install']
[0.968s] Level 1:colcon.colcon_core.package_identification:_identify(atob/venv/lib/python3.12/site-packages/pip-26.0.1.dist-info/licenses/src/pip/_vendor/platformdirs) by extension 'ignore'
[0.968s] Level 1:colcon.colcon_core.package_identification:_identify(atob/venv/lib/python3.12/site-packages/pip-26.0.1.dist-info/licenses/src/pip/_vendor/platformdirs) by extension 'ignore_ament_install'
[0.969s] Level 1:colcon.colcon_core.package_identification:_identify(atob/venv/lib/python3.12/site-packages/pip-26.0.1.dist-info/licenses/src/pip/_vendor/platformdirs) by extensions ['colcon_pkg']
[0.969s] Level 1:colcon.colcon_core.package_identification:_identify(atob/venv/lib/python3.12/site-packages/pip-26.0.1.dist-info/licenses/src/pip/_vendor/platformdirs) by extension 'colcon_pkg'
[0.969s] Level 1:colcon.colcon_core.package_identification:_identify(atob/venv/lib/python3.12/site-packages/pip-26.0.1.dist-info/licenses/src/pip/_vendor/platformdirs) by extensions ['colcon_meta']
[0.969s] Level 1:colcon.colcon_core.package_identification:_identify(atob/venv/lib/python3.12/site-packages/pip-26.0.1.dist-info/licenses/src/pip/_vendor/platformdirs) by extension 'colcon_meta'
[0.969s] Level 1:colcon.colcon_core.package_identification:_identify(atob/venv/lib/python3.12/site-packages/pip-26.0.1.dist-info/licenses/src/pip/_vendor/platformdirs) by extensions ['ros']
[0.969s] Level 1:colcon.colcon_core.package_identification:_identify(atob/venv/lib/python3.12/site-packages/pip-26.0.1.dist-info/licenses/src/pip/_vendor/platformdirs) by extension 'ros'
[0.969s] Level 1:colcon.colcon_core.package_identification:_identify(atob/venv/lib/python3.12/site-packages/pip-26.0.1.dist-info/licenses/src/pip/_vendor/platformdirs) by extensions ['cmake', 'python']
[0.969s] Level 1:colcon.colcon_core.package_identification:_identify(atob/venv/lib/python3.12/site-packages/pip-26.0.1.dist-info/licenses/src/pip/_vendor/platformdirs) by extension 'cmake'
[0.969s] Level 1:colcon.colcon_core.package_identification:_identify(atob/venv/lib/python3.12/site-packages/pip-26.0.1.dist-info/licenses/src/pip/_vendor/platformdirs) by extension 'python'
[0.969s] Level 1:colcon.colcon_core.package_identification:_identify(atob/venv/lib/python3.12/site-packages/pip-26.0.1.dist-info/licenses/src/pip/_vendor/platformdirs) by extensions ['python_setup_py']
[0.969s] Level 1:colcon.colcon_core.package_identification:_identify(atob/venv/lib/python3.12/site-packages/pip-26.0.1.dist-info/licenses/src/pip/_vendor/platformdirs) by extension 'python_setup_py'
[0.970s] Level 1:colcon.colcon_core.package_identification:_identify(atob/venv/lib/python3.12/site-packages/pip-26.0.1.dist-info/licenses/src/pip/_vendor/pygments) by extensions ['ignore', 'ignore_ament_install']
[0.970s] Level 1:colcon.colcon_core.package_identification:_identify(atob/venv/lib/python3.12/site-packages/pip-26.0.1.dist-info/licenses/src/pip/_vendor/pygments) by extension 'ignore'
[0.970s] Level 1:colcon.colcon_core.package_identification:_identify(atob/venv/lib/python3.12/site-packages/pip-26.0.1.dist-info/licenses/src/pip/_vendor/pygments) by extension 'ignore_ament_install'
[0.970s] Level 1:colcon.colcon_core.package_identification:_identify(atob/venv/lib/python3.12/site-packages/pip-26.0.1.dist-info/licenses/src/pip/_vendor/pygments) by extensions ['colcon_pkg']
[0.970s] Level 1:colcon.colcon_core.package_identification:_identify(atob/venv/lib/python3.12/site-packages/pip-26.0.1.dist-info/licenses/src/pip/_vendor/pygments) by extension 'colcon_pkg'
[0.970s] Level 1:colcon.colcon_core.package_identification:_identify(atob/venv/lib/python3.12/site-packages/pip-26.0.1.dist-info/licenses/src/pip/_vendor/pygments) by extensions ['colcon_meta']
[0.970s] Level 1:colcon.colcon_core.package_identification:_identify(atob/venv/lib/python3.12/site-packages/pip-26.0.1.dist-info/licenses/src/pip/_vendor/pygments) by extension 'colcon_meta'
[0.970s] Level 1:colcon.colcon_core.package_identification:_identify(atob/venv/lib/python3.12/site-packages/pip-26.0.1.dist-info/licenses/src/pip/_vendor/pygments) by extensions ['ros']
[0.970s] Level 1:colcon.colcon_core.package_identification:_identify(atob/venv/lib/python3.12/site-packages/pip-26.0.1.dist-info/licenses/src/pip/_vendor/pygments) by extension 'ros'
[0.970s] Level 1:colcon.colcon_core.package_identification:_identify(atob/venv/lib/python3.12/site-packages/pip-26.0.1.dist-info/licenses/src/pip/_vendor/pygments) by extensions ['cmake', 'python']
[0.970s] Level 1:colcon.colcon_core.package_identification:_identify(atob/venv/lib/python3.12/site-packages/pip-26.0.1.dist-info/licenses/src/pip/_vendor/pygments) by extension 'cmake'
[0.970s] Level 1:colcon.colcon_core.package_identification:_identify(atob/venv/lib/python3.12/site-packages/pip-26.0.1.dist-info/licenses/src/pip/_vendor/pygments) by extension 'python'
[0.970s] Level 1:colcon.colcon_core.package_identification:_identify(atob/venv/lib/python3.12/site-packages/pip-26.0.1.dist-info/licenses/src/pip/_vendor/pygments) by extensions ['python_setup_py']
[0.970s] Level 1:colcon.colcon_core.package_identification:_identify(atob/venv/lib/python3.12/site-packages/pip-26.0.1.dist-info/licenses/src/pip/_vendor/pygments) by extension 'python_setup_py'
[0.971s] Level 1:colcon.colcon_core.package_identification:_identify(atob/venv/lib/python3.12/site-packages/pip-26.0.1.dist-info/licenses/src/pip/_vendor/pyproject_hooks) by extensions ['ignore', 'ignore_ament_install']
[0.971s] Level 1:colcon.colcon_core.package_identification:_identify(atob/venv/lib/python3.12/site-packages/pip-26.0.1.dist-info/licenses/src/pip/_vendor/pyproject_hooks) by extension 'ignore'
[0.971s] Level 1:colcon.colcon_core.package_identification:_identify(atob/venv/lib/python3.12/site-packages/pip-26.0.1.dist-info/licenses/src/pip/_vendor/pyproject_hooks) by extension 'ignore_ament_install'
[0.971s] Level 1:colcon.colcon_core.package_identification:_identify(atob/venv/lib/python3.12/site-packages/pip-26.0.1.dist-info/licenses/src/pip/_vendor/pyproject_hooks) by extensions ['colcon_pkg']
[0.971s] Level 1:colcon.colcon_core.package_identification:_identify(atob/venv/lib/python3.12/site-packages/pip-26.0.1.dist-info/licenses/src/pip/_vendor/pyproject_hooks) by extension 'colcon_pkg'
[0.971s] Level 1:colcon.colcon_core.package_identification:_identify(atob/venv/lib/python3.12/site-packages/pip-26.0.1.dist-info/licenses/src/pip/_vendor/pyproject_hooks) by extensions ['colcon_meta']
[0.971s] Level 1:colcon.colcon_core.package_identification:_identify(atob/venv/lib/python3.12/site-packages/pip-26.0.1.dist-info/licenses/src/pip/_vendor/pyproject_hooks) by extension 'colcon_meta'
[0.971s] Level 1:colcon.colcon_core.package_identification:_identify(atob/venv/lib/python3.12/site-packages/pip-26.0.1.dist-info/licenses/src/pip/_vendor/pyproject_hooks) by extensions ['ros']
[0.971s] Level 1:colcon.colcon_core.package_identification:_identify(atob/venv/lib/python3.12/site-packages/pip-26.0.1.dist-info/licenses/src/pip/_vendor/pyproject_hooks) by extension 'ros'
[0.972s] Level 1:colcon.colcon_core.package_identification:_identify(atob/venv/lib/python3.12/site-packages/pip-26.0.1.dist-info/licenses/src/pip/_vendor/pyproject_hooks) by extensions ['cmake', 'python']
[0.972s] Level 1:colcon.colcon_core.package_identification:_identify(atob/venv/lib/python3.12/site-packages/pip-26.0.1.dist-info/licenses/src/pip/_vendor/pyproject_hooks) by extension 'cmake'
[0.972s] Level 1:colcon.colcon_core.package_identification:_identify(atob/venv/lib/python3.12/site-packages/pip-26.0.1.dist-info/licenses/src/pip/_vendor/pyproject_hooks) by extension 'python'
[0.972s] Level 1:colcon.colcon_core.package_identification:_identify(atob/venv/lib/python3.12/site-packages/pip-26.0.1.dist-info/licenses/src/pip/_vendor/pyproject_hooks) by extensions ['python_setup_py']
[0.972s] Level 1:colcon.colcon_core.package_identification:_identify(atob/venv/lib/python3.12/site-packages/pip-26.0.1.dist-info/licenses/src/pip/_vendor/pyproject_hooks) by extension 'python_setup_py'
[0.972s] Level 1:colcon.colcon_core.package_identification:_identify(atob/venv/lib/python3.12/site-packages/pip-26.0.1.dist-info/licenses/src/pip/_vendor/requests) by extensions ['ignore', 'ignore_ament_install']
[0.972s] Level 1:colcon.colcon_core.package_identification:_identify(atob/venv/lib/python3.12/site-packages/pip-26.0.1.dist-info/licenses/src/pip/_vendor/requests) by extension 'ignore'
[0.972s] Level 1:colcon.colcon_core.package_identification:_identify(atob/venv/lib/python3.12/site-packages/pip-26.0.1.dist-info/licenses/src/pip/_vendor/requests) by extension 'ignore_ament_install'
[0.972s] Level 1:colcon.colcon_core.package_identification:_identify(atob/venv/lib/python3.12/site-packages/pip-26.0.1.dist-info/licenses/src/pip/_vendor/requests) by extensions ['colcon_pkg']
[0.972s] Level 1:colcon.colcon_core.package_identification:_identify(atob/venv/lib/python3.12/site-packages/pip-26.0.1.dist-info/licenses/src/pip/_vendor/requests) by extension 'colcon_pkg'
[0.973s] Level 1:colcon.colcon_core.package_identification:_identify(atob/venv/lib/python3.12/site-packages/pip-26.0.1.dist-info/licenses/src/pip/_vendor/requests) by extensions ['colcon_meta']
[0.973s] Level 1:colcon.colcon_core.package_identification:_identify(atob/venv/lib/python3.12/site-packages/pip-26.0.1.dist-info/licenses/src/pip/_vendor/requests) by extension 'colcon_meta'
[0.973s] Level 1:colcon.colcon_core.package_identification:_identify(atob/venv/lib/python3.12/site-packages/pip-26.0.1.dist-info/licenses/src/pip/_vendor/requests) by extensions ['ros']
[0.973s] Level 1:colcon.colcon_core.package_identification:_identify(atob/venv/lib/python3.12/site-packages/pip-26.0.1.dist-info/licenses/src/pip/_vendor/requests) by extension 'ros'
[0.973s] Level 1:colcon.colcon_core.package_identification:_identify(atob/venv/lib/python3.12/site-packages/pip-26.0.1.dist-info/licenses/src/pip/_vendor/requests) by extensions ['cmake', 'python']
[0.973s] Level 1:colcon.colcon_core.package_identification:_identify(atob/venv/lib/python3.12/site-packages/pip-26.0.1.dist-info/licenses/src/pip/_vendor/requests) by extension 'cmake'
[0.973s] Level 1:colcon.colcon_core.package_identification:_identify(atob/venv/lib/python3.12/site-packages/pip-26.0.1.dist-info/licenses/src/pip/_vendor/requests) by extension 'python'
[0.973s] Level 1:colcon.colcon_core.package_identification:_identify(atob/venv/lib/python3.12/site-packages/pip-26.0.1.dist-info/licenses/src/pip/_vendor/requests) by extensions ['python_setup_py']
[0.973s] Level 1:colcon.colcon_core.package_identification:_identify(atob/venv/lib/python3.12/site-packages/pip-26.0.1.dist-info/licenses/src/pip/_vendor/requests) by extension 'python_setup_py'
[0.973s] Level 1:colcon.colcon_core.package_identification:_identify(atob/venv/lib/python3.12/site-packages/pip-26.0.1.dist-info/licenses/src/pip/_vendor/resolvelib) by extensions ['ignore', 'ignore_ament_install']
[0.974s] Level 1:colcon.colcon_core.package_identification:_identify(atob/venv/lib/python3.12/site-packages/pip-26.0.1.dist-info/licenses/src/pip/_vendor/resolvelib) by extension 'ignore'
[0.974s] Level 1:colcon.colcon_core.package_identification:_identify(atob/venv/lib/python3.12/site-packages/pip-26.0.1.dist-info/licenses/src/pip/_vendor/resolvelib) by extension 'ignore_ament_install'
[0.974s] Level 1:colcon.colcon_core.package_identification:_identify(atob/venv/lib/python3.12/site-packages/pip-26.0.1.dist-info/licenses/src/pip/_vendor/resolvelib) by extensions ['colcon_pkg']
[0.974s] Level 1:colcon.colcon_core.package_identification:_identify(atob/venv/lib/python3.12/site-packages/pip-26.0.1.dist-info/licenses/src/pip/_vendor/resolvelib) by extension 'colcon_pkg'
[0.974s] Level 1:colcon.colcon_core.package_identification:_identify(atob/venv/lib/python3.12/site-packages/pip-26.0.1.dist-info/licenses/src/pip/_vendor/resolvelib) by extensions ['colcon_meta']
[0.974s] Level 1:colcon.colcon_core.package_identification:_identify(atob/venv/lib/python3.12/site-packages/pip-26.0.1.dist-info/licenses/src/pip/_vendor/resolvelib) by extension 'colcon_meta'
[0.974s] Level 1:colcon.colcon_core.package_identification:_identify(atob/venv/lib/python3.12/site-packages/pip-26.0.1.dist-info/licenses/src/pip/_vendor/resolvelib) by extensions ['ros']
[0.974s] Level 1:colcon.colcon_core.package_identification:_identify(atob/venv/lib/python3.12/site-packages/pip-26.0.1.dist-info/licenses/src/pip/_vendor/resolvelib) by extension 'ros'
[0.974s] Level 1:colcon.colcon_core.package_identification:_identify(atob/venv/lib/python3.12/site-packages/pip-26.0.1.dist-info/licenses/src/pip/_vendor/resolvelib) by extensions ['cmake', 'python']
[0.974s] Level 1:colcon.colcon_core.package_identification:_identify(atob/venv/lib/python3.12/site-packages/pip-26.0.1.dist-info/licenses/src/pip/_vendor/resolvelib) by extension 'cmake'
[0.974s] Level 1:colcon.colcon_core.package_identification:_identify(atob/venv/lib/python3.12/site-packages/pip-26.0.1.dist-info/licenses/src/pip/_vendor/resolvelib) by extension 'python'
[0.974s] Level 1:colcon.colcon_core.package_identification:_identify(atob/venv/lib/python3.12/site-packages/pip-26.0.1.dist-info/licenses/src/pip/_vendor/resolvelib) by extensions ['python_setup_py']
[0.974s] Level 1:colcon.colcon_core.package_identification:_identify(atob/venv/lib/python3.12/site-packages/pip-26.0.1.dist-info/licenses/src/pip/_vendor/resolvelib) by extension 'python_setup_py'
[0.975s] Level 1:colcon.colcon_core.package_identification:_identify(atob/venv/lib/python3.12/site-packages/pip-26.0.1.dist-info/licenses/src/pip/_vendor/rich) by extensions ['ignore', 'ignore_ament_install']
[0.975s] Level 1:colcon.colcon_core.package_identification:_identify(atob/venv/lib/python3.12/site-packages/pip-26.0.1.dist-info/licenses/src/pip/_vendor/rich) by extension 'ignore'
[0.975s] Level 1:colcon.colcon_core.package_identification:_identify(atob/venv/lib/python3.12/site-packages/pip-26.0.1.dist-info/licenses/src/pip/_vendor/rich) by extension 'ignore_ament_install'
[0.975s] Level 1:colcon.colcon_core.package_identification:_identify(atob/venv/lib/python3.12/site-packages/pip-26.0.1.dist-info/licenses/src/pip/_vendor/rich) by extensions ['colcon_pkg']
[0.975s] Level 1:colcon.colcon_core.package_identification:_identify(atob/venv/lib/python3.12/site-packages/pip-26.0.1.dist-info/licenses/src/pip/_vendor/rich) by extension 'colcon_pkg'
[0.975s] Level 1:colcon.colcon_core.package_identification:_identify(atob/venv/lib/python3.12/site-packages/pip-26.0.1.dist-info/licenses/src/pip/_vendor/rich) by extensions ['colcon_meta']
[0.975s] Level 1:colcon.colcon_core.package_identification:_identify(atob/venv/lib/python3.12/site-packages/pip-26.0.1.dist-info/licenses/src/pip/_vendor/rich) by extension 'colcon_meta'
[0.975s] Level 1:colcon.colcon_core.package_identification:_identify(atob/venv/lib/python3.12/site-packages/pip-26.0.1.dist-info/licenses/src/pip/_vendor/rich) by extensions ['ros']
[0.975s] Level 1:colcon.colcon_core.package_identification:_identify(atob/venv/lib/python3.12/site-packages/pip-26.0.1.dist-info/licenses/src/pip/_vendor/rich) by extension 'ros'
[0.975s] Level 1:colcon.colcon_core.package_identification:_identify(atob/venv/lib/python3.12/site-packages/pip-26.0.1.dist-info/licenses/src/pip/_vendor/rich) by extensions ['cmake', 'python']
[0.975s] Level 1:colcon.colcon_core.package_identification:_identify(atob/venv/lib/python3.12/site-packages/pip-26.0.1.dist-info/licenses/src/pip/_vendor/rich) by extension 'cmake'
[0.976s] Level 1:colcon.colcon_core.package_identification:_identify(atob/venv/lib/python3.12/site-packages/pip-26.0.1.dist-info/licenses/src/pip/_vendor/rich) by extension 'python'
[0.976s] Level 1:colcon.colcon_core.package_identification:_identify(atob/venv/lib/python3.12/site-packages/pip-26.0.1.dist-info/licenses/src/pip/_vendor/rich) by extensions ['python_setup_py']
[0.976s] Level 1:colcon.colcon_core.package_identification:_identify(atob/venv/lib/python3.12/site-packages/pip-26.0.1.dist-info/licenses/src/pip/_vendor/rich) by extension 'python_setup_py'
[0.976s] Level 1:colcon.colcon_core.package_identification:_identify(atob/venv/lib/python3.12/site-packages/pip-26.0.1.dist-info/licenses/src/pip/_vendor/tomli) by extensions ['ignore', 'ignore_ament_install']
[0.976s] Level 1:colcon.colcon_core.package_identification:_identify(atob/venv/lib/python3.12/site-packages/pip-26.0.1.dist-info/licenses/src/pip/_vendor/tomli) by extension 'ignore'
[0.976s] Level 1:colcon.colcon_core.package_identification:_identify(atob/venv/lib/python3.12/site-packages/pip-26.0.1.dist-info/licenses/src/pip/_vendor/tomli) by extension 'ignore_ament_install'
[0.976s] Level 1:colcon.colcon_core.package_identification:_identify(atob/venv/lib/python3.12/site-packages/pip-26.0.1.dist-info/licenses/src/pip/_vendor/tomli) by extensions ['colcon_pkg']
[0.976s] Level 1:colcon.colcon_core.package_identification:_identify(atob/venv/lib/python3.12/site-packages/pip-26.0.1.dist-info/licenses/src/pip/_vendor/tomli) by extension 'colcon_pkg'
[0.977s] Level 1:colcon.colcon_core.package_identification:_identify(atob/venv/lib/python3.12/site-packages/pip-26.0.1.dist-info/licenses/src/pip/_vendor/tomli) by extensions ['colcon_meta']
[0.977s] Level 1:colcon.colcon_core.package_identification:_identify(atob/venv/lib/python3.12/site-packages/pip-26.0.1.dist-info/licenses/src/pip/_vendor/tomli) by extension 'colcon_meta'
[0.977s] Level 1:colcon.colcon_core.package_identification:_identify(atob/venv/lib/python3.12/site-packages/pip-26.0.1.dist-info/licenses/src/pip/_vendor/tomli) by extensions ['ros']
[0.977s] Level 1:colcon.colcon_core.package_identification:_identify(atob/venv/lib/python3.12/site-packages/pip-26.0.1.dist-info/licenses/src/pip/_vendor/tomli) by extension 'ros'
[0.977s] Level 1:colcon.colcon_core.package_identification:_identify(atob/venv/lib/python3.12/site-packages/pip-26.0.1.dist-info/licenses/src/pip/_vendor/tomli) by extensions ['cmake', 'python']
[0.977s] Level 1:colcon.colcon_core.package_identification:_identify(atob/venv/lib/python3.12/site-packages/pip-26.0.1.dist-info/licenses/src/pip/_vendor/tomli) by extension 'cmake'
[0.977s] Level 1:colcon.colcon_core.package_identification:_identify(atob/venv/lib/python3.12/site-packages/pip-26.0.1.dist-info/licenses/src/pip/_vendor/tomli) by extension 'python'
[0.977s] Level 1:colcon.colcon_core.package_identification:_identify(atob/venv/lib/python3.12/site-packages/pip-26.0.1.dist-info/licenses/src/pip/_vendor/tomli) by extensions ['python_setup_py']
[0.977s] Level 1:colcon.colcon_core.package_identification:_identify(atob/venv/lib/python3.12/site-packages/pip-26.0.1.dist-info/licenses/src/pip/_vendor/tomli) by extension 'python_setup_py'
[0.977s] Level 1:colcon.colcon_core.package_identification:_identify(atob/venv/lib/python3.12/site-packages/pip-26.0.1.dist-info/licenses/src/pip/_vendor/tomli_w) by extensions ['ignore', 'ignore_ament_install']
[0.978s] Level 1:colcon.colcon_core.package_identification:_identify(atob/venv/lib/python3.12/site-packages/pip-26.0.1.dist-info/licenses/src/pip/_vendor/tomli_w) by extension 'ignore'
[0.978s] Level 1:colcon.colcon_core.package_identification:_identify(atob/venv/lib/python3.12/site-packages/pip-26.0.1.dist-info/licenses/src/pip/_vendor/tomli_w) by extension 'ignore_ament_install'
[0.978s] Level 1:colcon.colcon_core.package_identification:_identify(atob/venv/lib/python3.12/site-packages/pip-26.0.1.dist-info/licenses/src/pip/_vendor/tomli_w) by extensions ['colcon_pkg']
[0.978s] Level 1:colcon.colcon_core.package_identification:_identify(atob/venv/lib/python3.12/site-packages/pip-26.0.1.dist-info/licenses/src/pip/_vendor/tomli_w) by extension 'colcon_pkg'
[0.978s] Level 1:colcon.colcon_core.package_identification:_identify(atob/venv/lib/python3.12/site-packages/pip-26.0.1.dist-info/licenses/src/pip/_vendor/tomli_w) by extensions ['colcon_meta']
[0.978s] Level 1:colcon.colcon_core.package_identification:_identify(atob/venv/lib/python3.12/site-packages/pip-26.0.1.dist-info/licenses/src/pip/_vendor/tomli_w) by extension 'colcon_meta'
[0.978s] Level 1:colcon.colcon_core.package_identification:_identify(atob/venv/lib/python3.12/site-packages/pip-26.0.1.dist-info/licenses/src/pip/_vendor/tomli_w) by extensions ['ros']
[0.978s] Level 1:colcon.colcon_core.package_identification:_identify(atob/venv/lib/python3.12/site-packages/pip-26.0.1.dist-info/licenses/src/pip/_vendor/tomli_w) by extension 'ros'
[0.978s] Level 1:colcon.colcon_core.package_identification:_identify(atob/venv/lib/python3.12/site-packages/pip-26.0.1.dist-info/licenses/src/pip/_vendor/tomli_w) by extensions ['cmake', 'python']
[0.978s] Level 1:colcon.colcon_core.package_identification:_identify(atob/venv/lib/python3.12/site-packages/pip-26.0.1.dist-info/licenses/src/pip/_vendor/tomli_w) by extension 'cmake'
[0.978s] Level 1:colcon.colcon_core.package_identification:_identify(atob/venv/lib/python3.12/site-packages/pip-26.0.1.dist-info/licenses/src/pip/_vendor/tomli_w) by extension 'python'
[0.978s] Level 1:colcon.colcon_core.package_identification:_identify(atob/venv/lib/python3.12/site-packages/pip-26.0.1.dist-info/licenses/src/pip/_vendor/tomli_w) by extensions ['python_setup_py']
[0.978s] Level 1:colcon.colcon_core.package_identification:_identify(atob/venv/lib/python3.12/site-packages/pip-26.0.1.dist-info/licenses/src/pip/_vendor/tomli_w) by extension 'python_setup_py'
[0.979s] Level 1:colcon.colcon_core.package_identification:_identify(atob/venv/lib/python3.12/site-packages/pip-26.0.1.dist-info/licenses/src/pip/_vendor/truststore) by extensions ['ignore', 'ignore_ament_install']
[0.979s] Level 1:colcon.colcon_core.package_identification:_identify(atob/venv/lib/python3.12/site-packages/pip-26.0.1.dist-info/licenses/src/pip/_vendor/truststore) by extension 'ignore'
[0.979s] Level 1:colcon.colcon_core.package_identification:_identify(atob/venv/lib/python3.12/site-packages/pip-26.0.1.dist-info/licenses/src/pip/_vendor/truststore) by extension 'ignore_ament_install'
[0.979s] Level 1:colcon.colcon_core.package_identification:_identify(atob/venv/lib/python3.12/site-packages/pip-26.0.1.dist-info/licenses/src/pip/_vendor/truststore) by extensions ['colcon_pkg']
[0.979s] Level 1:colcon.colcon_core.package_identification:_identify(atob/venv/lib/python3.12/site-packages/pip-26.0.1.dist-info/licenses/src/pip/_vendor/truststore) by extension 'colcon_pkg'
[0.979s] Level 1:colcon.colcon_core.package_identification:_identify(atob/venv/lib/python3.12/site-packages/pip-26.0.1.dist-info/licenses/src/pip/_vendor/truststore) by extensions ['colcon_meta']
[0.979s] Level 1:colcon.colcon_core.package_identification:_identify(atob/venv/lib/python3.12/site-packages/pip-26.0.1.dist-info/licenses/src/pip/_vendor/truststore) by extension 'colcon_meta'
[0.979s] Level 1:colcon.colcon_core.package_identification:_identify(atob/venv/lib/python3.12/site-packages/pip-26.0.1.dist-info/licenses/src/pip/_vendor/truststore) by extensions ['ros']
[0.979s] Level 1:colcon.colcon_core.package_identification:_identify(atob/venv/lib/python3.12/site-packages/pip-26.0.1.dist-info/licenses/src/pip/_vendor/truststore) by extension 'ros'
[0.979s] Level 1:colcon.colcon_core.package_identification:_identify(atob/venv/lib/python3.12/site-packages/pip-26.0.1.dist-info/licenses/src/pip/_vendor/truststore) by extensions ['cmake', 'python']
[0.979s] Level 1:colcon.colcon_core.package_identification:_identify(atob/venv/lib/python3.12/site-packages/pip-26.0.1.dist-info/licenses/src/pip/_vendor/truststore) by extension 'cmake'
[0.980s] Level 1:colcon.colcon_core.package_identification:_identify(atob/venv/lib/python3.12/site-packages/pip-26.0.1.dist-info/licenses/src/pip/_vendor/truststore) by extension 'python'
[0.980s] Level 1:colcon.colcon_core.package_identification:_identify(atob/venv/lib/python3.12/site-packages/pip-26.0.1.dist-info/licenses/src/pip/_vendor/truststore) by extensions ['python_setup_py']
[0.980s] Level 1:colcon.colcon_core.package_identification:_identify(atob/venv/lib/python3.12/site-packages/pip-26.0.1.dist-info/licenses/src/pip/_vendor/truststore) by extension 'python_setup_py'
[0.980s] Level 1:colcon.colcon_core.package_identification:_identify(atob/venv/lib/python3.12/site-packages/pip-26.0.1.dist-info/licenses/src/pip/_vendor/urllib3) by extensions ['ignore', 'ignore_ament_install']
[0.980s] Level 1:colcon.colcon_core.package_identification:_identify(atob/venv/lib/python3.12/site-packages/pip-26.0.1.dist-info/licenses/src/pip/_vendor/urllib3) by extension 'ignore'
[0.980s] Level 1:colcon.colcon_core.package_identification:_identify(atob/venv/lib/python3.12/site-packages/pip-26.0.1.dist-info/licenses/src/pip/_vendor/urllib3) by extension 'ignore_ament_install'
[0.980s] Level 1:colcon.colcon_core.package_identification:_identify(atob/venv/lib/python3.12/site-packages/pip-26.0.1.dist-info/licenses/src/pip/_vendor/urllib3) by extensions ['colcon_pkg']
[0.980s] Level 1:colcon.colcon_core.package_identification:_identify(atob/venv/lib/python3.12/site-packages/pip-26.0.1.dist-info/licenses/src/pip/_vendor/urllib3) by extension 'colcon_pkg'
[0.981s] Level 1:colcon.colcon_core.package_identification:_identify(atob/venv/lib/python3.12/site-packages/pip-26.0.1.dist-info/licenses/src/pip/_vendor/urllib3) by extensions ['colcon_meta']
[0.981s] Level 1:colcon.colcon_core.package_identification:_identify(atob/venv/lib/python3.12/site-packages/pip-26.0.1.dist-info/licenses/src/pip/_vendor/urllib3) by extension 'colcon_meta'
[0.981s] Level 1:colcon.colcon_core.package_identification:_identify(atob/venv/lib/python3.12/site-packages/pip-26.0.1.dist-info/licenses/src/pip/_vendor/urllib3) by extensions ['ros']
[0.981s] Level 1:colcon.colcon_core.package_identification:_identify(atob/venv/lib/python3.12/site-packages/pip-26.0.1.dist-info/licenses/src/pip/_vendor/urllib3) by extension 'ros'
[0.981s] Level 1:colcon.colcon_core.package_identification:_identify(atob/venv/lib/python3.12/site-packages/pip-26.0.1.dist-info/licenses/src/pip/_vendor/urllib3) by extensions ['cmake', 'python']
[0.981s] Level 1:colcon.colcon_core.package_identification:_identify(atob/venv/lib/python3.12/site-packages/pip-26.0.1.dist-info/licenses/src/pip/_vendor/urllib3) by extension 'cmake'
[0.981s] Level 1:colcon.colcon_core.package_identification:_identify(atob/venv/lib/python3.12/site-packages/pip-26.0.1.dist-info/licenses/src/pip/_vendor/urllib3) by extension 'python'
[0.981s] Level 1:colcon.colcon_core.package_identification:_identify(atob/venv/lib/python3.12/site-packages/pip-26.0.1.dist-info/licenses/src/pip/_vendor/urllib3) by extensions ['python_setup_py']
[0.981s] Level 1:colcon.colcon_core.package_identification:_identify(atob/venv/lib/python3.12/site-packages/pip-26.0.1.dist-info/licenses/src/pip/_vendor/urllib3) by extension 'python_setup_py'
[0.981s] Level 1:colcon.colcon_core.package_identification:_identify(build) by extensions ['ignore', 'ignore_ament_install']
[0.981s] Level 1:colcon.colcon_core.package_identification:_identify(build) by extension 'ignore'
[0.981s] Level 1:colcon.colcon_core.package_identification:_identify(build) ignored
[0.981s] Level 1:colcon.colcon_core.package_identification:_identify(install) by extensions ['ignore', 'ignore_ament_install']
[0.982s] Level 1:colcon.colcon_core.package_identification:_identify(install) by extension 'ignore'
[0.982s] Level 1:colcon.colcon_core.package_identification:_identify(install) ignored
[0.982s] Level 1:colcon.colcon_core.package_identification:_identify(log) by extensions ['ignore', 'ignore_ament_install']
[0.982s] Level 1:colcon.colcon_core.package_identification:_identify(log) by extension 'ignore'
[0.982s] Level 1:colcon.colcon_core.package_identification:_identify(log) ignored
[0.982s] Level 1:colcon.colcon_core.package_identification:_identify(my_robot) by extensions ['ignore', 'ignore_ament_install']
[0.982s] Level 1:colcon.colcon_core.package_identification:_identify(my_robot) by extension 'ignore'
[0.982s] Level 1:colcon.colcon_core.package_identification:_identify(my_robot) by extension 'ignore_ament_install'
[0.982s] Level 1:colcon.colcon_core.package_identification:_identify(my_robot) by extensions ['colcon_pkg']
[0.982s] Level 1:colcon.colcon_core.package_identification:_identify(my_robot) by extension 'colcon_pkg'
[0.982s] Level 1:colcon.colcon_core.package_identification:_identify(my_robot) by extensions ['colcon_meta']
[0.982s] Level 1:colcon.colcon_core.package_identification:_identify(my_robot) by extension 'colcon_meta'
[0.982s] Level 1:colcon.colcon_core.package_identification:_identify(my_robot) by extensions ['ros']
[0.982s] Level 1:colcon.colcon_core.package_identification:_identify(my_robot) by extension 'ros'
[0.990s] DEBUG:colcon.colcon_core.package_identification:Package 'my_robot' with type 'ros.ament_python' and name 'my_robot'
[0.990s] Level 1:colcon.colcon_core.package_discovery:discover_packages(recursive) using defaults
[0.990s] Level 1:colcon.colcon_core.package_discovery:discover_packages(ignore) discover
[0.990s] Level 1:colcon.colcon_core.package_discovery:discover_packages(ignore) using defaults
[0.990s] Level 1:colcon.colcon_core.package_discovery:discover_packages(path) discover
[0.990s] Level 1:colcon.colcon_core.package_discovery:discover_packages(path) using defaults
[0.990s] WARNING:colcon.colcon_core.package_selection:ignoring unknown package 'my_robot/' in --packages-select
[1.030s] INFO:colcon.colcon_core.package_selection:Skipping not selected package 'my_robot' in 'my_robot'
[1.030s] INFO:colcon.colcon_core.package_selection:Skipping not selected package 'st3215' in 'atob/python-st3215'
[1.031s] Level 1:colcon.colcon_core.package_discovery:discover_packages(prefix_path) check parameters
[1.031s] Level 1:colcon.colcon_core.package_discovery:discover_packages(prefix_path) discover
[1.039s] DEBUG:colcon.colcon_installed_package_information.package_discovery:Found 418 installed packages in /opt/ros/jazzy
[1.041s] Level 1:colcon.colcon_core.package_discovery:discover_packages(prefix_path) using defaults
[1.119s] INFO:colcon.colcon_core.executor:Executing jobs using 'parallel' executor
[1.122s] DEBUG:colcon.colcon_parallel_executor.executor.parallel:run_until_complete
[1.122s] DEBUG:colcon.colcon_parallel_executor.executor.parallel:closing loop
[1.122s] DEBUG:colcon.colcon_parallel_executor.executor.parallel:loop closed
[1.122s] DEBUG:colcon.colcon_parallel_executor.executor.parallel:run_until_complete finished with '0'
[1.122s] DEBUG:colcon.colcon_core.event_reactor:joining thread
[1.132s] INFO:colcon.colcon_core.plugin_system:Skipping extension 'colcon_notification.desktop_notification.notify_send': Could not find 'notify-send'
[1.132s] INFO:colcon.colcon_core.plugin_system:Skipping extension 'colcon_notification.desktop_notification.terminal_notifier': Not used on non-Darwin systems
[1.133s] INFO:colcon.colcon_core.plugin_system:Skipping extension 'colcon_notification.desktop_notification.win32': Not used on non-Windows systems
[1.133s] INFO:colcon.colcon_notification.desktop_notification:Sending desktop notification using 'notify2'
[1.134s] DEBUG:colcon.colcon_notification.desktop_notification.notify2:Failed to initialize notify2: org.freedesktop.DBus.Error.ServiceUnknown: The name org.freedesktop.Notifications was not provided by any .service files
[1.134s] DEBUG:colcon.colcon_core.event_reactor:joined thread
[1.143s] INFO:colcon.colcon_core.plugin_system:Skipping extension 'colcon_core.shell.bat': Not used on non-Windows systems
[1.143s] INFO:colcon.colcon_core.shell:Creating prefix script '/home/rpd/Nav2/install/local_setup.ps1'
[1.145s] INFO:colcon.colcon_core.shell:Creating prefix util module '/home/rpd/Nav2/install/_local_setup_util_ps1.py'
[1.147s] INFO:colcon.colcon_core.shell:Creating prefix chain script '/home/rpd/Nav2/install/setup.ps1'
[1.149s] INFO:colcon.colcon_core.shell:Creating prefix script '/home/rpd/Nav2/install/local_setup.sh'
[1.150s] INFO:colcon.colcon_core.shell:Creating prefix util module '/home/rpd/Nav2/install/_local_setup_util_sh.py'
[1.151s] INFO:colcon.colcon_core.shell:Creating prefix chain script '/home/rpd/Nav2/install/setup.sh'
[1.153s] INFO:colcon.colcon_core.shell:Creating prefix script '/home/rpd/Nav2/install/local_setup.bash'
[1.156s] INFO:colcon.colcon_core.shell:Creating prefix chain script '/home/rpd/Nav2/install/setup.bash'
[1.158s] INFO:colcon.colcon_core.shell:Creating prefix script '/home/rpd/Nav2/install/local_setup.zsh'
[1.159s] INFO:colcon.colcon_core.shell:Creating prefix chain script '/home/rpd/Nav2/install/setup.zsh'
