[0.145s] DEBUG:colcon:Command line arguments: ['/usr/bin/colcon', 'build', '--packages-select', 'my_robot']
[0.145s] DEBUG:colcon:Parsed command line arguments: Namespace(log_base=None, log_level=None, verb_name='build', build_base='build', install_base='install', merge_install=False, symlink_install=False, test_result_base=None, continue_on_error=False, executor='parallel', parallel_workers=4, event_handlers=None, ignore_user_meta=False, metas=['./colcon.meta'], base_paths=['.'], packages_ignore=None, packages_ignore_regex=None, paths=None, packages_up_to=None, packages_up_to_regex=None, packages_above=None, packages_above_and_dependencies=None, packages_above_depth=None, packages_select_by_dep=None, packages_skip_by_dep=None, packages_skip_up_to=None, packages_select_build_failed=False, packages_skip_build_finished=False, packages_select_test_failures=False, packages_skip_test_passed=False, packages_select=['my_robot'], packages_skip=None, packages_select_regex=None, packages_skip_regex=None, packages_start=None, packages_end=None, allow_overriding=[], cmake_args=None, cmake_target=None, cmake_target_skip_unavailable=False, cmake_clean_cache=False, cmake_clean_first=False, cmake_force_configure=False, ament_cmake_args=None, catkin_cmake_args=None, catkin_skip_building_tests=False, verb_parser=<colcon_defaults.argument_parser.defaults.DefaultArgumentsDecorator object at 0xffff9c79b9e0>, verb_extension=<colcon_core.verb.build.BuildVerb object at 0xffff9c984500>, main=<bound method BuildVerb.main of <colcon_core.verb.build.BuildVerb object at 0xffff9c984500>>)
[0.203s] Level 1:colcon.colcon_core.package_discovery:discover_packages(colcon_meta) check parameters
[0.203s] Level 1:colcon.colcon_core.package_discovery:discover_packages(recursive) check parameters
[0.203s] Level 1:colcon.colcon_core.package_discovery:discover_packages(ignore) check parameters
[0.203s] Level 1:colcon.colcon_core.package_discovery:discover_packages(path) check parameters
[0.203s] Level 1:colcon.colcon_core.package_discovery:discover_packages(colcon_meta) discover
[0.203s] Level 1:colcon.colcon_core.package_discovery:discover_packages(recursive) discover
[0.204s] INFO:colcon.colcon_core.package_discovery:Crawling recursively for packages in '/home/rpd/Nav2'
[0.204s] Level 1:colcon.colcon_core.package_identification:_identify(.) by extensions ['ignore', 'ignore_ament_install']
[0.204s] Level 1:colcon.colcon_core.package_identification:_identify(.) by extension 'ignore'
[0.204s] Level 1:colcon.colcon_core.package_identification:_identify(.) by extension 'ignore_ament_install'
[0.204s] Level 1:colcon.colcon_core.package_identification:_identify(.) by extensions ['colcon_pkg']
[0.204s] Level 1:colcon.colcon_core.package_identification:_identify(.) by extension 'colcon_pkg'
[0.204s] Level 1:colcon.colcon_core.package_identification:_identify(.) by extensions ['colcon_meta']
[0.204s] Level 1:colcon.colcon_core.package_identification:_identify(.) by extension 'colcon_meta'
[0.204s] Level 1:colcon.colcon_core.package_identification:_identify(.) by extensions ['ros']
[0.204s] Level 1:colcon.colcon_core.package_identification:_identify(.) by extension 'ros'
[0.241s] Level 1:colcon.colcon_core.package_identification:_identify(.) by extensions ['cmake', 'python']
[0.241s] Level 1:colcon.colcon_core.package_identification:_identify(.) by extension 'cmake'
[0.241s] Level 1:colcon.colcon_core.package_identification:_identify(.) by extension 'python'
[0.241s] Level 1:colcon.colcon_core.package_identification:_identify(.) by extensions ['python_setup_py']
[0.242s] Level 1:colcon.colcon_core.package_identification:_identify(.) by extension 'python_setup_py'
[0.242s] Level 1:colcon.colcon_core.package_identification:_identify(__pycache__) by extensions ['ignore', 'ignore_ament_install']
[0.242s] Level 1:colcon.colcon_core.package_identification:_identify(__pycache__) by extension 'ignore'
[0.242s] Level 1:colcon.colcon_core.package_identification:_identify(__pycache__) by extension 'ignore_ament_install'
[0.242s] Level 1:colcon.colcon_core.package_identification:_identify(__pycache__) by extensions ['colcon_pkg']
[0.242s] Level 1:colcon.colcon_core.package_identification:_identify(__pycache__) by extension 'colcon_pkg'
[0.242s] Level 1:colcon.colcon_core.package_identification:_identify(__pycache__) by extensions ['colcon_meta']
[0.242s] Level 1:colcon.colcon_core.package_identification:_identify(__pycache__) by extension 'colcon_meta'
[0.242s] Level 1:colcon.colcon_core.package_identification:_identify(__pycache__) by extensions ['ros']
[0.242s] Level 1:colcon.colcon_core.package_identification:_identify(__pycache__) by extension 'ros'
[0.242s] Level 1:colcon.colcon_core.package_identification:_identify(__pycache__) by extensions ['cmake', 'python']
[0.242s] Level 1:colcon.colcon_core.package_identification:_identify(__pycache__) by extension 'cmake'
[0.242s] Level 1:colcon.colcon_core.package_identification:_identify(__pycache__) by extension 'python'
[0.242s] Level 1:colcon.colcon_core.package_identification:_identify(__pycache__) by extensions ['python_setup_py']
[0.242s] Level 1:colcon.colcon_core.package_identification:_identify(__pycache__) by extension 'python_setup_py'
[0.242s] Level 1:colcon.colcon_core.package_identification:_identify(atob) by extensions ['ignore', 'ignore_ament_install']
[0.243s] Level 1:colcon.colcon_core.package_identification:_identify(atob) by extension 'ignore'
[0.243s] Level 1:colcon.colcon_core.package_identification:_identify(atob) by extension 'ignore_ament_install'
[0.243s] Level 1:colcon.colcon_core.package_identification:_identify(atob) by extensions ['colcon_pkg']
[0.243s] Level 1:colcon.colcon_core.package_identification:_identify(atob) by extension 'colcon_pkg'
[0.243s] Level 1:colcon.colcon_core.package_identification:_identify(atob) by extensions ['colcon_meta']
[0.243s] Level 1:colcon.colcon_core.package_identification:_identify(atob) by extension 'colcon_meta'
[0.243s] Level 1:colcon.colcon_core.package_identification:_identify(atob) by extensions ['ros']
[0.243s] Level 1:colcon.colcon_core.package_identification:_identify(atob) by extension 'ros'
[0.243s] Level 1:colcon.colcon_core.package_identification:_identify(atob) by extensions ['cmake', 'python']
[0.243s] Level 1:colcon.colcon_core.package_identification:_identify(atob) by extension 'cmake'
[0.243s] Level 1:colcon.colcon_core.package_identification:_identify(atob) by extension 'python'
[0.243s] Level 1:colcon.colcon_core.package_identification:_identify(atob) by extensions ['python_setup_py']
[0.243s] Level 1:colcon.colcon_core.package_identification:_identify(atob) by extension 'python_setup_py'
[0.243s] Level 1:colcon.colcon_core.package_identification:_identify(atob/python-st3215) by extensions ['ignore', 'ignore_ament_install']
[0.243s] Level 1:colcon.colcon_core.package_identification:_identify(atob/python-st3215) by extension 'ignore'
[0.243s] Level 1:colcon.colcon_core.package_identification:_identify(atob/python-st3215) by extension 'ignore_ament_install'
[0.243s] Level 1:colcon.colcon_core.package_identification:_identify(atob/python-st3215) by extensions ['colcon_pkg']
[0.243s] Level 1:colcon.colcon_core.package_identification:_identify(atob/python-st3215) by extension 'colcon_pkg'
[0.243s] Level 1:colcon.colcon_core.package_identification:_identify(atob/python-st3215) by extensions ['colcon_meta']
[0.243s] Level 1:colcon.colcon_core.package_identification:_identify(atob/python-st3215) by extension 'colcon_meta'
[0.243s] Level 1:colcon.colcon_core.package_identification:_identify(atob/python-st3215) by extensions ['ros']
[0.244s] Level 1:colcon.colcon_core.package_identification:_identify(atob/python-st3215) by extension 'ros'
[0.244s] Level 1:colcon.colcon_core.package_identification:_identify(atob/python-st3215) by extensions ['cmake', 'python']
[0.244s] Level 1:colcon.colcon_core.package_identification:_identify(atob/python-st3215) by extension 'cmake'
[0.244s] Level 1:colcon.colcon_core.package_identification:_identify(atob/python-st3215) by extension 'python'
[0.244s] DEBUG:colcon.colcon_core.package_identification:Python package in 'atob/python-st3215' passes arguments to the setup() function which requires a different identification extension than 'python'
[0.244s] Level 1:colcon.colcon_core.package_identification:_identify(atob/python-st3215) by extensions ['python_setup_py']
[0.244s] Level 1:colcon.colcon_core.package_identification:_identify(atob/python-st3215) by extension 'python_setup_py'
[0.572s] DEBUG:colcon.colcon_core.package_identification:Package 'atob/python-st3215' with type 'python' and name 'st3215'
[0.572s] Level 1:colcon.colcon_core.package_identification:_identify(atob/venv) by extensions ['ignore', 'ignore_ament_install']
[0.572s] Level 1:colcon.colcon_core.package_identification:_identify(atob/venv) by extension 'ignore'
[0.573s] Level 1:colcon.colcon_core.package_identification:_identify(atob/venv) by extension 'ignore_ament_install'
[0.573s] Level 1:colcon.colcon_core.package_identification:_identify(atob/venv) by extensions ['colcon_pkg']
[0.573s] Level 1:colcon.colcon_core.package_identification:_identify(atob/venv) by extension 'colcon_pkg'
[0.573s] Level 1:colcon.colcon_core.package_identification:_identify(atob/venv) by extensions ['colcon_meta']
[0.573s] Level 1:colcon.colcon_core.package_identification:_identify(atob/venv) by extension 'colcon_meta'
[0.573s] Level 1:colcon.colcon_core.package_identification:_identify(atob/venv) by extensions ['ros']
[0.573s] Level 1:colcon.colcon_core.package_identification:_identify(atob/venv) by extension 'ros'
[0.573s] Level 1:colcon.colcon_core.package_identification:_identify(atob/venv) by extensions ['cmake', 'python']
[0.573s] Level 1:colcon.colcon_core.package_identification:_identify(atob/venv) by extension 'cmake'
[0.573s] Level 1:colcon.colcon_core.package_identification:_identify(atob/venv) by extension 'python'
[0.573s] Level 1:colcon.colcon_core.package_identification:_identify(atob/venv) by extensions ['python_setup_py']
[0.573s] Level 1:colcon.colcon_core.package_identification:_identify(atob/venv) by extension 'python_setup_py'
[0.573s] Level 1:colcon.colcon_core.package_identification:_identify(atob/venv/bin) by extensions ['ignore', 'ignore_ament_install']
[0.573s] Level 1:colcon.colcon_core.package_identification:_identify(atob/venv/bin) by extension 'ignore'
[0.573s] Level 1:colcon.colcon_core.package_identification:_identify(atob/venv/bin) by extension 'ignore_ament_install'
[0.573s] Level 1:colcon.colcon_core.package_identification:_identify(atob/venv/bin) by extensions ['colcon_pkg']
[0.573s] Level 1:colcon.colcon_core.package_identification:_identify(atob/venv/bin) by extension 'colcon_pkg'
[0.574s] Level 1:colcon.colcon_core.package_identification:_identify(atob/venv/bin) by extensions ['colcon_meta']
[0.574s] Level 1:colcon.colcon_core.package_identification:_identify(atob/venv/bin) by extension 'colcon_meta'
[0.574s] Level 1:colcon.colcon_core.package_identification:_identify(atob/venv/bin) by extensions ['ros']
[0.574s] Level 1:colcon.colcon_core.package_identification:_identify(atob/venv/bin) by extension 'ros'
[0.574s] Level 1:colcon.colcon_core.package_identification:_identify(atob/venv/bin) by extensions ['cmake', 'python']
[0.574s] Level 1:colcon.colcon_core.package_identification:_identify(atob/venv/bin) by extension 'cmake'
[0.574s] Level 1:colcon.colcon_core.package_identification:_identify(atob/venv/bin) by extension 'python'
[0.574s] Level 1:colcon.colcon_core.package_identification:_identify(atob/venv/bin) by extensions ['python_setup_py']
[0.574s] Level 1:colcon.colcon_core.package_identification:_identify(atob/venv/bin) by extension 'python_setup_py'
[0.574s] Level 1:colcon.colcon_core.package_identification:_identify(atob/venv/include) by extensions ['ignore', 'ignore_ament_install']
[0.574s] Level 1:colcon.colcon_core.package_identification:_identify(atob/venv/include) by extension 'ignore'
[0.574s] Level 1:colcon.colcon_core.package_identification:_identify(atob/venv/include) by extension 'ignore_ament_install'
[0.574s] Level 1:colcon.colcon_core.package_identification:_identify(atob/venv/include) by extensions ['colcon_pkg']
[0.574s] Level 1:colcon.colcon_core.package_identification:_identify(atob/venv/include) by extension 'colcon_pkg'
[0.574s] Level 1:colcon.colcon_core.package_identification:_identify(atob/venv/include) by extensions ['colcon_meta']
[0.574s] Level 1:colcon.colcon_core.package_identification:_identify(atob/venv/include) by extension 'colcon_meta'
[0.574s] Level 1:colcon.colcon_core.package_identification:_identify(atob/venv/include) by extensions ['ros']
[0.574s] Level 1:colcon.colcon_core.package_identification:_identify(atob/venv/include) by extension 'ros'
[0.574s] Level 1:colcon.colcon_core.package_identification:_identify(atob/venv/include) by extensions ['cmake', 'python']
[0.575s] Level 1:colcon.colcon_core.package_identification:_identify(atob/venv/include) by extension 'cmake'
[0.575s] Level 1:colcon.colcon_core.package_identification:_identify(atob/venv/include) by extension 'python'
[0.575s] Level 1:colcon.colcon_core.package_identification:_identify(atob/venv/include) by extensions ['python_setup_py']
[0.575s] Level 1:colcon.colcon_core.package_identification:_identify(atob/venv/include) by extension 'python_setup_py'
[0.575s] Level 1:colcon.colcon_core.package_identification:_identify(atob/venv/include/python3.12) by extensions ['ignore', 'ignore_ament_install']
[0.575s] Level 1:colcon.colcon_core.package_identification:_identify(atob/venv/include/python3.12) by extension 'ignore'
[0.575s] Level 1:colcon.colcon_core.package_identification:_identify(atob/venv/include/python3.12) by extension 'ignore_ament_install'
[0.575s] Level 1:colcon.colcon_core.package_identification:_identify(atob/venv/include/python3.12) by extensions ['colcon_pkg']
[0.575s] Level 1:colcon.colcon_core.package_identification:_identify(atob/venv/include/python3.12) by extension 'colcon_pkg'
[0.575s] Level 1:colcon.colcon_core.package_identification:_identify(atob/venv/include/python3.12) by extensions ['colcon_meta']
[0.575s] Level 1:colcon.colcon_core.package_identification:_identify(atob/venv/include/python3.12) by extension 'colcon_meta'
[0.575s] Level 1:colcon.colcon_core.package_identification:_identify(atob/venv/include/python3.12) by extensions ['ros']
[0.575s] Level 1:colcon.colcon_core.package_identification:_identify(atob/venv/include/python3.12) by extension 'ros'
[0.575s] Level 1:colcon.colcon_core.package_identification:_identify(atob/venv/include/python3.12) by extensions ['cmake', 'python']
[0.575s] Level 1:colcon.colcon_core.package_identification:_identify(atob/venv/include/python3.12) by extension 'cmake'
[0.575s] Level 1:colcon.colcon_core.package_identification:_identify(atob/venv/include/python3.12) by extension 'python'
[0.576s] Level 1:colcon.colcon_core.package_identification:_identify(atob/venv/include/python3.12) by extensions ['python_setup_py']
[0.576s] Level 1:colcon.colcon_core.package_identification:_identify(atob/venv/include/python3.12) by extension 'python_setup_py'
[0.576s] Level 1:colcon.colcon_core.package_identification:_identify(atob/venv/lib) by extensions ['ignore', 'ignore_ament_install']
[0.576s] Level 1:colcon.colcon_core.package_identification:_identify(atob/venv/lib) by extension 'ignore'
[0.576s] Level 1:colcon.colcon_core.package_identification:_identify(atob/venv/lib) by extension 'ignore_ament_install'
[0.576s] Level 1:colcon.colcon_core.package_identification:_identify(atob/venv/lib) by extensions ['colcon_pkg']
[0.576s] Level 1:colcon.colcon_core.package_identification:_identify(atob/venv/lib) by extension 'colcon_pkg'
[0.576s] Level 1:colcon.colcon_core.package_identification:_identify(atob/venv/lib) by extensions ['colcon_meta']
[0.576s] Level 1:colcon.colcon_core.package_identification:_identify(atob/venv/lib) by extension 'colcon_meta'
[0.576s] Level 1:colcon.colcon_core.package_identification:_identify(atob/venv/lib) by extensions ['ros']
[0.576s] Level 1:colcon.colcon_core.package_identification:_identify(atob/venv/lib) by extension 'ros'
[0.576s] Level 1:colcon.colcon_core.package_identification:_identify(atob/venv/lib) by extensions ['cmake', 'python']
[0.576s] Level 1:colcon.colcon_core.package_identification:_identify(atob/venv/lib) by extension 'cmake'
[0.576s] Level 1:colcon.colcon_core.package_identification:_identify(atob/venv/lib) by extension 'python'
[0.576s] Level 1:colcon.colcon_core.package_identification:_identify(atob/venv/lib) by extensions ['python_setup_py']
[0.576s] Level 1:colcon.colcon_core.package_identification:_identify(atob/venv/lib) by extension 'python_setup_py'
[0.577s] Level 1:colcon.colcon_core.package_identification:_identify(atob/venv/lib/python3.12) by extensions ['ignore', 'ignore_ament_install']
[0.577s] Level 1:colcon.colcon_core.package_identification:_identify(atob/venv/lib/python3.12) by extension 'ignore'
[0.577s] Level 1:colcon.colcon_core.package_identification:_identify(atob/venv/lib/python3.12) by extension 'ignore_ament_install'
[0.577s] Level 1:colcon.colcon_core.package_identification:_identify(atob/venv/lib/python3.12) by extensions ['colcon_pkg']
[0.577s] Level 1:colcon.colcon_core.package_identification:_identify(atob/venv/lib/python3.12) by extension 'colcon_pkg'
[0.577s] Level 1:colcon.colcon_core.package_identification:_identify(atob/venv/lib/python3.12) by extensions ['colcon_meta']
[0.577s] Level 1:colcon.colcon_core.package_identification:_identify(atob/venv/lib/python3.12) by extension 'colcon_meta'
[0.577s] Level 1:colcon.colcon_core.package_identification:_identify(atob/venv/lib/python3.12) by extensions ['ros']
[0.577s] Level 1:colcon.colcon_core.package_identification:_identify(atob/venv/lib/python3.12) by extension 'ros'
[0.577s] Level 1:colcon.colcon_core.package_identification:_identify(atob/venv/lib/python3.12) by extensions ['cmake', 'python']
[0.577s] Level 1:colcon.colcon_core.package_identification:_identify(atob/venv/lib/python3.12) by extension 'cmake'
[0.577s] Level 1:colcon.colcon_core.package_identification:_identify(atob/venv/lib/python3.12) by extension 'python'
[0.577s] Level 1:colcon.colcon_core.package_identification:_identify(atob/venv/lib/python3.12) by extensions ['python_setup_py']
[0.577s] Level 1:colcon.colcon_core.package_identification:_identify(atob/venv/lib/python3.12) by extension 'python_setup_py'
[0.577s] Level 1:colcon.colcon_core.package_identification:_identify(atob/venv/lib/python3.12/site-packages) by extensions ['ignore', 'ignore_ament_install']
[0.578s] Level 1:colcon.colcon_core.package_identification:_identify(atob/venv/lib/python3.12/site-packages) by extension 'ignore'
[0.578s] Level 1:colcon.colcon_core.package_identification:_identify(atob/venv/lib/python3.12/site-packages) by extension 'ignore_ament_install'
[0.578s] Level 1:colcon.colcon_core.package_identification:_identify(atob/venv/lib/python3.12/site-packages) by extensions ['colcon_pkg']
[0.578s] Level 1:colcon.colcon_core.package_identification:_identify(atob/venv/lib/python3.12/site-packages) by extension 'colcon_pkg'
[0.578s] Level 1:colcon.colcon_core.package_identification:_identify(atob/venv/lib/python3.12/site-packages) by extensions ['colcon_meta']
[0.578s] Level 1:colcon.colcon_core.package_identification:_identify(atob/venv/lib/python3.12/site-packages) by extension 'colcon_meta'
[0.578s] Level 1:colcon.colcon_core.package_identification:_identify(atob/venv/lib/python3.12/site-packages) by extensions ['ros']
[0.578s] Level 1:colcon.colcon_core.package_identification:_identify(atob/venv/lib/python3.12/site-packages) by extension 'ros'
[0.578s] Level 1:colcon.colcon_core.package_identification:_identify(atob/venv/lib/python3.12/site-packages) by extensions ['cmake', 'python']
[0.578s] Level 1:colcon.colcon_core.package_identification:_identify(atob/venv/lib/python3.12/site-packages) by extension 'cmake'
[0.578s] Level 1:colcon.colcon_core.package_identification:_identify(atob/venv/lib/python3.12/site-packages) by extension 'python'
[0.578s] Level 1:colcon.colcon_core.package_identification:_identify(atob/venv/lib/python3.12/site-packages) by extensions ['python_setup_py']
[0.578s] Level 1:colcon.colcon_core.package_identification:_identify(atob/venv/lib/python3.12/site-packages) by extension 'python_setup_py'
[0.578s] Level 1:colcon.colcon_core.package_identification:_identify(atob/venv/lib/python3.12/site-packages/pip) by extensions ['ignore', 'ignore_ament_install']
[0.578s] Level 1:colcon.colcon_core.package_identification:_identify(atob/venv/lib/python3.12/site-packages/pip) by extension 'ignore'
[0.578s] Level 1:colcon.colcon_core.package_identification:_identify(atob/venv/lib/python3.12/site-packages/pip) by extension 'ignore_ament_install'
[0.579s] Level 1:colcon.colcon_core.package_identification:_identify(atob/venv/lib/python3.12/site-packages/pip) by extensions ['colcon_pkg']
[0.579s] Level 1:colcon.colcon_core.package_identification:_identify(atob/venv/lib/python3.12/site-packages/pip) by extension 'colcon_pkg'
[0.579s] Level 1:colcon.colcon_core.package_identification:_identify(atob/venv/lib/python3.12/site-packages/pip) by extensions ['colcon_meta']
[0.579s] Level 1:colcon.colcon_core.package_identification:_identify(atob/venv/lib/python3.12/site-packages/pip) by extension 'colcon_meta'
[0.579s] Level 1:colcon.colcon_core.package_identification:_identify(atob/venv/lib/python3.12/site-packages/pip) by extensions ['ros']
[0.579s] Level 1:colcon.colcon_core.package_identification:_identify(atob/venv/lib/python3.12/site-packages/pip) by extension 'ros'
[0.579s] Level 1:colcon.colcon_core.package_identification:_identify(atob/venv/lib/python3.12/site-packages/pip) by extensions ['cmake', 'python']
[0.579s] Level 1:colcon.colcon_core.package_identification:_identify(atob/venv/lib/python3.12/site-packages/pip) by extension 'cmake'
[0.579s] Level 1:colcon.colcon_core.package_identification:_identify(atob/venv/lib/python3.12/site-packages/pip) by extension 'python'
[0.579s] Level 1:colcon.colcon_core.package_identification:_identify(atob/venv/lib/python3.12/site-packages/pip) by extensions ['python_setup_py']
[0.579s] Level 1:colcon.colcon_core.package_identification:_identify(atob/venv/lib/python3.12/site-packages/pip) by extension 'python_setup_py'
[0.579s] Level 1:colcon.colcon_core.package_identification:_identify(atob/venv/lib/python3.12/site-packages/pip/__pycache__) by extensions ['ignore', 'ignore_ament_install']
[0.579s] Level 1:colcon.colcon_core.package_identification:_identify(atob/venv/lib/python3.12/site-packages/pip/__pycache__) by extension 'ignore'
[0.579s] Level 1:colcon.colcon_core.package_identification:_identify(atob/venv/lib/python3.12/site-packages/pip/__pycache__) by extension 'ignore_ament_install'
[0.579s] Level 1:colcon.colcon_core.package_identification:_identify(atob/venv/lib/python3.12/site-packages/pip/__pycache__) by extensions ['colcon_pkg']
[0.580s] Level 1:colcon.colcon_core.package_identification:_identify(atob/venv/lib/python3.12/site-packages/pip/__pycache__) by extension 'colcon_pkg'
[0.580s] Level 1:colcon.colcon_core.package_identification:_identify(atob/venv/lib/python3.12/site-packages/pip/__pycache__) by extensions ['colcon_meta']
[0.580s] Level 1:colcon.colcon_core.package_identification:_identify(atob/venv/lib/python3.12/site-packages/pip/__pycache__) by extension 'colcon_meta'
[0.580s] Level 1:colcon.colcon_core.package_identification:_identify(atob/venv/lib/python3.12/site-packages/pip/__pycache__) by extensions ['ros']
[0.580s] Level 1:colcon.colcon_core.package_identification:_identify(atob/venv/lib/python3.12/site-packages/pip/__pycache__) by extension 'ros'
[0.580s] Level 1:colcon.colcon_core.package_identification:_identify(atob/venv/lib/python3.12/site-packages/pip/__pycache__) by extensions ['cmake', 'python']
[0.580s] Level 1:colcon.colcon_core.package_identification:_identify(atob/venv/lib/python3.12/site-packages/pip/__pycache__) by extension 'cmake'
[0.580s] Level 1:colcon.colcon_core.package_identification:_identify(atob/venv/lib/python3.12/site-packages/pip/__pycache__) by extension 'python'
[0.580s] Level 1:colcon.colcon_core.package_identification:_identify(atob/venv/lib/python3.12/site-packages/pip/__pycache__) by extensions ['python_setup_py']
[0.580s] Level 1:colcon.colcon_core.package_identification:_identify(atob/venv/lib/python3.12/site-packages/pip/__pycache__) by extension 'python_setup_py'
[0.580s] Level 1:colcon.colcon_core.package_identification:_identify(atob/venv/lib/python3.12/site-packages/pip/_internal) by extensions ['ignore', 'ignore_ament_install']
[0.580s] Level 1:colcon.colcon_core.package_identification:_identify(atob/venv/lib/python3.12/site-packages/pip/_internal) by extension 'ignore'
[0.580s] Level 1:colcon.colcon_core.package_identification:_identify(atob/venv/lib/python3.12/site-packages/pip/_internal) by extension 'ignore_ament_install'
[0.580s] Level 1:colcon.colcon_core.package_identification:_identify(atob/venv/lib/python3.12/site-packages/pip/_internal) by extensions ['colcon_pkg']
[0.580s] Level 1:colcon.colcon_core.package_identification:_identify(atob/venv/lib/python3.12/site-packages/pip/_internal) by extension 'colcon_pkg'
[0.580s] Level 1:colcon.colcon_core.package_identification:_identify(atob/venv/lib/python3.12/site-packages/pip/_internal) by extensions ['colcon_meta']
[0.581s] Level 1:colcon.colcon_core.package_identification:_identify(atob/venv/lib/python3.12/site-packages/pip/_internal) by extension 'colcon_meta'
[0.581s] Level 1:colcon.colcon_core.package_identification:_identify(atob/venv/lib/python3.12/site-packages/pip/_internal) by extensions ['ros']
[0.581s] Level 1:colcon.colcon_core.package_identification:_identify(atob/venv/lib/python3.12/site-packages/pip/_internal) by extension 'ros'
[0.581s] Level 1:colcon.colcon_core.package_identification:_identify(atob/venv/lib/python3.12/site-packages/pip/_internal) by extensions ['cmake', 'python']
[0.581s] Level 1:colcon.colcon_core.package_identification:_identify(atob/venv/lib/python3.12/site-packages/pip/_internal) by extension 'cmake'
[0.581s] Level 1:colcon.colcon_core.package_identification:_identify(atob/venv/lib/python3.12/site-packages/pip/_internal) by extension 'python'
[0.581s] Level 1:colcon.colcon_core.package_identification:_identify(atob/venv/lib/python3.12/site-packages/pip/_internal) by extensions ['python_setup_py']
[0.581s] Level 1:colcon.colcon_core.package_identification:_identify(atob/venv/lib/python3.12/site-packages/pip/_internal) by extension 'python_setup_py'
[0.581s] Level 1:colcon.colcon_core.package_identification:_identify(atob/venv/lib/python3.12/site-packages/pip/_internal/__pycache__) by extensions ['ignore', 'ignore_ament_install']
[0.581s] Level 1:colcon.colcon_core.package_identification:_identify(atob/venv/lib/python3.12/site-packages/pip/_internal/__pycache__) by extension 'ignore'
[0.581s] Level 1:colcon.colcon_core.package_identification:_identify(atob/venv/lib/python3.12/site-packages/pip/_internal/__pycache__) by extension 'ignore_ament_install'
[0.581s] Level 1:colcon.colcon_core.package_identification:_identify(atob/venv/lib/python3.12/site-packages/pip/_internal/__pycache__) by extensions ['colcon_pkg']
[0.581s] Level 1:colcon.colcon_core.package_identification:_identify(atob/venv/lib/python3.12/site-packages/pip/_internal/__pycache__) by extension 'colcon_pkg'
[0.581s] Level 1:colcon.colcon_core.package_identification:_identify(atob/venv/lib/python3.12/site-packages/pip/_internal/__pycache__) by extensions ['colcon_meta']
[0.581s] Level 1:colcon.colcon_core.package_identification:_identify(atob/venv/lib/python3.12/site-packages/pip/_internal/__pycache__) by extension 'colcon_meta'
[0.582s] Level 1:colcon.colcon_core.package_identification:_identify(atob/venv/lib/python3.12/site-packages/pip/_internal/__pycache__) by extensions ['ros']
[0.582s] Level 1:colcon.colcon_core.package_identification:_identify(atob/venv/lib/python3.12/site-packages/pip/_internal/__pycache__) by extension 'ros'
[0.582s] Level 1:colcon.colcon_core.package_identification:_identify(atob/venv/lib/python3.12/site-packages/pip/_internal/__pycache__) by extensions ['cmake', 'python']
[0.582s] Level 1:colcon.colcon_core.package_identification:_identify(atob/venv/lib/python3.12/site-packages/pip/_internal/__pycache__) by extension 'cmake'
[0.582s] Level 1:colcon.colcon_core.package_identification:_identify(atob/venv/lib/python3.12/site-packages/pip/_internal/__pycache__) by extension 'python'
[0.582s] Level 1:colcon.colcon_core.package_identification:_identify(atob/venv/lib/python3.12/site-packages/pip/_internal/__pycache__) by extensions ['python_setup_py']
[0.582s] Level 1:colcon.colcon_core.package_identification:_identify(atob/venv/lib/python3.12/site-packages/pip/_internal/__pycache__) by extension 'python_setup_py'
[0.582s] Level 1:colcon.colcon_core.package_identification:_identify(atob/venv/lib/python3.12/site-packages/pip/_internal/cli) by extensions ['ignore', 'ignore_ament_install']
[0.582s] Level 1:colcon.colcon_core.package_identification:_identify(atob/venv/lib/python3.12/site-packages/pip/_internal/cli) by extension 'ignore'
[0.582s] Level 1:colcon.colcon_core.package_identification:_identify(atob/venv/lib/python3.12/site-packages/pip/_internal/cli) by extension 'ignore_ament_install'
[0.582s] Level 1:colcon.colcon_core.package_identification:_identify(atob/venv/lib/python3.12/site-packages/pip/_internal/cli) by extensions ['colcon_pkg']
[0.582s] Level 1:colcon.colcon_core.package_identification:_identify(atob/venv/lib/python3.12/site-packages/pip/_internal/cli) by extension 'colcon_pkg'
[0.582s] Level 1:colcon.colcon_core.package_identification:_identify(atob/venv/lib/python3.12/site-packages/pip/_internal/cli) by extensions ['colcon_meta']
[0.582s] Level 1:colcon.colcon_core.package_identification:_identify(atob/venv/lib/python3.12/site-packages/pip/_internal/cli) by extension 'colcon_meta'
[0.582s] Level 1:colcon.colcon_core.package_identification:_identify(atob/venv/lib/python3.12/site-packages/pip/_internal/cli) by extensions ['ros']
[0.583s] Level 1:colcon.colcon_core.package_identification:_identify(atob/venv/lib/python3.12/site-packages/pip/_internal/cli) by extension 'ros'
[0.583s] Level 1:colcon.colcon_core.package_identification:_identify(atob/venv/lib/python3.12/site-packages/pip/_internal/cli) by extensions ['cmake', 'python']
[0.583s] Level 1:colcon.colcon_core.package_identification:_identify(atob/venv/lib/python3.12/site-packages/pip/_internal/cli) by extension 'cmake'
[0.583s] Level 1:colcon.colcon_core.package_identification:_identify(atob/venv/lib/python3.12/site-packages/pip/_internal/cli) by extension 'python'
[0.583s] Level 1:colcon.colcon_core.package_identification:_identify(atob/venv/lib/python3.12/site-packages/pip/_internal/cli) by extensions ['python_setup_py']
[0.583s] Level 1:colcon.colcon_core.package_identification:_identify(atob/venv/lib/python3.12/site-packages/pip/_internal/cli) by extension 'python_setup_py'
[0.583s] Level 1:colcon.colcon_core.package_identification:_identify(atob/venv/lib/python3.12/site-packages/pip/_internal/cli/__pycache__) by extensions ['ignore', 'ignore_ament_install']
[0.583s] Level 1:colcon.colcon_core.package_identification:_identify(atob/venv/lib/python3.12/site-packages/pip/_internal/cli/__pycache__) by extension 'ignore'
[0.583s] Level 1:colcon.colcon_core.package_identification:_identify(atob/venv/lib/python3.12/site-packages/pip/_internal/cli/__pycache__) by extension 'ignore_ament_install'
[0.583s] Level 1:colcon.colcon_core.package_identification:_identify(atob/venv/lib/python3.12/site-packages/pip/_internal/cli/__pycache__) by extensions ['colcon_pkg']
[0.583s] Level 1:colcon.colcon_core.package_identification:_identify(atob/venv/lib/python3.12/site-packages/pip/_internal/cli/__pycache__) by extension 'colcon_pkg'
[0.583s] Level 1:colcon.colcon_core.package_identification:_identify(atob/venv/lib/python3.12/site-packages/pip/_internal/cli/__pycache__) by extensions ['colcon_meta']
[0.583s] Level 1:colcon.colcon_core.package_identification:_identify(atob/venv/lib/python3.12/site-packages/pip/_internal/cli/__pycache__) by extension 'colcon_meta'
[0.583s] Level 1:colcon.colcon_core.package_identification:_identify(atob/venv/lib/python3.12/site-packages/pip/_internal/cli/__pycache__) by extensions ['ros']
[0.583s] Level 1:colcon.colcon_core.package_identification:_identify(atob/venv/lib/python3.12/site-packages/pip/_internal/cli/__pycache__) by extension 'ros'
[0.584s] Level 1:colcon.colcon_core.package_identification:_identify(atob/venv/lib/python3.12/site-packages/pip/_internal/cli/__pycache__) by extensions ['cmake', 'python']
[0.584s] Level 1:colcon.colcon_core.package_identification:_identify(atob/venv/lib/python3.12/site-packages/pip/_internal/cli/__pycache__) by extension 'cmake'
[0.584s] Level 1:colcon.colcon_core.package_identification:_identify(atob/venv/lib/python3.12/site-packages/pip/_internal/cli/__pycache__) by extension 'python'
[0.584s] Level 1:colcon.colcon_core.package_identification:_identify(atob/venv/lib/python3.12/site-packages/pip/_internal/cli/__pycache__) by extensions ['python_setup_py']
[0.584s] Level 1:colcon.colcon_core.package_identification:_identify(atob/venv/lib/python3.12/site-packages/pip/_internal/cli/__pycache__) by extension 'python_setup_py'
[0.584s] Level 1:colcon.colcon_core.package_identification:_identify(atob/venv/lib/python3.12/site-packages/pip/_internal/commands) by extensions ['ignore', 'ignore_ament_install']
[0.584s] Level 1:colcon.colcon_core.package_identification:_identify(atob/venv/lib/python3.12/site-packages/pip/_internal/commands) by extension 'ignore'
[0.584s] Level 1:colcon.colcon_core.package_identification:_identify(atob/venv/lib/python3.12/site-packages/pip/_internal/commands) by extension 'ignore_ament_install'
[0.584s] Level 1:colcon.colcon_core.package_identification:_identify(atob/venv/lib/python3.12/site-packages/pip/_internal/commands) by extensions ['colcon_pkg']
[0.584s] Level 1:colcon.colcon_core.package_identification:_identify(atob/venv/lib/python3.12/site-packages/pip/_internal/commands) by extension 'colcon_pkg'
[0.584s] Level 1:colcon.colcon_core.package_identification:_identify(atob/venv/lib/python3.12/site-packages/pip/_internal/commands) by extensions ['colcon_meta']
[0.584s] Level 1:colcon.colcon_core.package_identification:_identify(atob/venv/lib/python3.12/site-packages/pip/_internal/commands) by extension 'colcon_meta'
[0.584s] Level 1:colcon.colcon_core.package_identification:_identify(atob/venv/lib/python3.12/site-packages/pip/_internal/commands) by extensions ['ros']
[0.584s] Level 1:colcon.colcon_core.package_identification:_identify(atob/venv/lib/python3.12/site-packages/pip/_internal/commands) by extension 'ros'
[0.585s] Level 1:colcon.colcon_core.package_identification:_identify(atob/venv/lib/python3.12/site-packages/pip/_internal/commands) by extensions ['cmake', 'python']
[0.585s] Level 1:colcon.colcon_core.package_identification:_identify(atob/venv/lib/python3.12/site-packages/pip/_internal/commands) by extension 'cmake'
[0.585s] Level 1:colcon.colcon_core.package_identification:_identify(atob/venv/lib/python3.12/site-packages/pip/_internal/commands) by extension 'python'
[0.585s] Level 1:colcon.colcon_core.package_identification:_identify(atob/venv/lib/python3.12/site-packages/pip/_internal/commands) by extensions ['python_setup_py']
[0.585s] Level 1:colcon.colcon_core.package_identification:_identify(atob/venv/lib/python3.12/site-packages/pip/_internal/commands) by extension 'python_setup_py'
[0.585s] Level 1:colcon.colcon_core.package_identification:_identify(atob/venv/lib/python3.12/site-packages/pip/_internal/commands/__pycache__) by extensions ['ignore', 'ignore_ament_install']
[0.585s] Level 1:colcon.colcon_core.package_identification:_identify(atob/venv/lib/python3.12/site-packages/pip/_internal/commands/__pycache__) by extension 'ignore'
[0.585s] Level 1:colcon.colcon_core.package_identification:_identify(atob/venv/lib/python3.12/site-packages/pip/_internal/commands/__pycache__) by extension 'ignore_ament_install'
[0.585s] Level 1:colcon.colcon_core.package_identification:_identify(atob/venv/lib/python3.12/site-packages/pip/_internal/commands/__pycache__) by extensions ['colcon_pkg']
[0.585s] Level 1:colcon.colcon_core.package_identification:_identify(atob/venv/lib/python3.12/site-packages/pip/_internal/commands/__pycache__) by extension 'colcon_pkg'
[0.585s] Level 1:colcon.colcon_core.package_identification:_identify(atob/venv/lib/python3.12/site-packages/pip/_internal/commands/__pycache__) by extensions ['colcon_meta']
[0.585s] Level 1:colcon.colcon_core.package_identification:_identify(atob/venv/lib/python3.12/site-packages/pip/_internal/commands/__pycache__) by extension 'colcon_meta'
[0.585s] Level 1:colcon.colcon_core.package_identification:_identify(atob/venv/lib/python3.12/site-packages/pip/_internal/commands/__pycache__) by extensions ['ros']
[0.585s] Level 1:colcon.colcon_core.package_identification:_identify(atob/venv/lib/python3.12/site-packages/pip/_internal/commands/__pycache__) by extension 'ros'
[0.585s] Level 1:colcon.colcon_core.package_identification:_identify(atob/venv/lib/python3.12/site-packages/pip/_internal/commands/__pycache__) by extensions ['cmake', 'python']
[0.585s] Level 1:colcon.colcon_core.package_identification:_identify(atob/venv/lib/python3.12/site-packages/pip/_internal/commands/__pycache__) by extension 'cmake'
[0.585s] Level 1:colcon.colcon_core.package_identification:_identify(atob/venv/lib/python3.12/site-packages/pip/_internal/commands/__pycache__) by extension 'python'
[0.585s] Level 1:colcon.colcon_core.package_identification:_identify(atob/venv/lib/python3.12/site-packages/pip/_internal/commands/__pycache__) by extensions ['python_setup_py']
[0.585s] Level 1:colcon.colcon_core.package_identification:_identify(atob/venv/lib/python3.12/site-packages/pip/_internal/commands/__pycache__) by extension 'python_setup_py'
[0.586s] Level 1:colcon.colcon_core.package_identification:_identify(atob/venv/lib/python3.12/site-packages/pip/_internal/distributions) by extensions ['ignore', 'ignore_ament_install']
[0.586s] Level 1:colcon.colcon_core.package_identification:_identify(atob/venv/lib/python3.12/site-packages/pip/_internal/distributions) by extension 'ignore'
[0.586s] Level 1:colcon.colcon_core.package_identification:_identify(atob/venv/lib/python3.12/site-packages/pip/_internal/distributions) by extension 'ignore_ament_install'
[0.586s] Level 1:colcon.colcon_core.package_identification:_identify(atob/venv/lib/python3.12/site-packages/pip/_internal/distributions) by extensions ['colcon_pkg']
[0.586s] Level 1:colcon.colcon_core.package_identification:_identify(atob/venv/lib/python3.12/site-packages/pip/_internal/distributions) by extension 'colcon_pkg'
[0.586s] Level 1:colcon.colcon_core.package_identification:_identify(atob/venv/lib/python3.12/site-packages/pip/_internal/distributions) by extensions ['colcon_meta']
[0.586s] Level 1:colcon.colcon_core.package_identification:_identify(atob/venv/lib/python3.12/site-packages/pip/_internal/distributions) by extension 'colcon_meta'
[0.586s] Level 1:colcon.colcon_core.package_identification:_identify(atob/venv/lib/python3.12/site-packages/pip/_internal/distributions) by extensions ['ros']
[0.586s] Level 1:colcon.colcon_core.package_identification:_identify(atob/venv/lib/python3.12/site-packages/pip/_internal/distributions) by extension 'ros'
[0.586s] Level 1:colcon.colcon_core.package_identification:_identify(atob/venv/lib/python3.12/site-packages/pip/_internal/distributions) by extensions ['cmake', 'python']
[0.586s] Level 1:colcon.colcon_core.package_identification:_identify(atob/venv/lib/python3.12/site-packages/pip/_internal/distributions) by extension 'cmake'
[0.586s] Level 1:colcon.colcon_core.package_identification:_identify(atob/venv/lib/python3.12/site-packages/pip/_internal/distributions) by extension 'python'
[0.586s] Level 1:colcon.colcon_core.package_identification:_identify(atob/venv/lib/python3.12/site-packages/pip/_internal/distributions) by extensions ['python_setup_py']
[0.586s] Level 1:colcon.colcon_core.package_identification:_identify(atob/venv/lib/python3.12/site-packages/pip/_internal/distributions) by extension 'python_setup_py'
[0.586s] Level 1:colcon.colcon_core.package_identification:_identify(atob/venv/lib/python3.12/site-packages/pip/_internal/distributions/__pycache__) by extensions ['ignore', 'ignore_ament_install']
[0.586s] Level 1:colcon.colcon_core.package_identification:_identify(atob/venv/lib/python3.12/site-packages/pip/_internal/distributions/__pycache__) by extension 'ignore'
[0.587s] Level 1:colcon.colcon_core.package_identification:_identify(atob/venv/lib/python3.12/site-packages/pip/_internal/distributions/__pycache__) by extension 'ignore_ament_install'
[0.587s] Level 1:colcon.colcon_core.package_identification:_identify(atob/venv/lib/python3.12/site-packages/pip/_internal/distributions/__pycache__) by extensions ['colcon_pkg']
[0.587s] Level 1:colcon.colcon_core.package_identification:_identify(atob/venv/lib/python3.12/site-packages/pip/_internal/distributions/__pycache__) by extension 'colcon_pkg'
[0.587s] Level 1:colcon.colcon_core.package_identification:_identify(atob/venv/lib/python3.12/site-packages/pip/_internal/distributions/__pycache__) by extensions ['colcon_meta']
[0.587s] Level 1:colcon.colcon_core.package_identification:_identify(atob/venv/lib/python3.12/site-packages/pip/_internal/distributions/__pycache__) by extension 'colcon_meta'
[0.587s] Level 1:colcon.colcon_core.package_identification:_identify(atob/venv/lib/python3.12/site-packages/pip/_internal/distributions/__pycache__) by extensions ['ros']
[0.587s] Level 1:colcon.colcon_core.package_identification:_identify(atob/venv/lib/python3.12/site-packages/pip/_internal/distributions/__pycache__) by extension 'ros'
[0.587s] Level 1:colcon.colcon_core.package_identification:_identify(atob/venv/lib/python3.12/site-packages/pip/_internal/distributions/__pycache__) by extensions ['cmake', 'python']
[0.587s] Level 1:colcon.colcon_core.package_identification:_identify(atob/venv/lib/python3.12/site-packages/pip/_internal/distributions/__pycache__) by extension 'cmake'
[0.587s] Level 1:colcon.colcon_core.package_identification:_identify(atob/venv/lib/python3.12/site-packages/pip/_internal/distributions/__pycache__) by extension 'python'
[0.587s] Level 1:colcon.colcon_core.package_identification:_identify(atob/venv/lib/python3.12/site-packages/pip/_internal/distributions/__pycache__) by extensions ['python_setup_py']
[0.587s] Level 1:colcon.colcon_core.package_identification:_identify(atob/venv/lib/python3.12/site-packages/pip/_internal/distributions/__pycache__) by extension 'python_setup_py'
[0.587s] Level 1:colcon.colcon_core.package_identification:_identify(atob/venv/lib/python3.12/site-packages/pip/_internal/index) by extensions ['ignore', 'ignore_ament_install']
[0.587s] Level 1:colcon.colcon_core.package_identification:_identify(atob/venv/lib/python3.12/site-packages/pip/_internal/index) by extension 'ignore'
[0.587s] Level 1:colcon.colcon_core.package_identification:_identify(atob/venv/lib/python3.12/site-packages/pip/_internal/index) by extension 'ignore_ament_install'
[0.587s] Level 1:colcon.colcon_core.package_identification:_identify(atob/venv/lib/python3.12/site-packages/pip/_internal/index) by extensions ['colcon_pkg']
[0.587s] Level 1:colcon.colcon_core.package_identification:_identify(atob/venv/lib/python3.12/site-packages/pip/_internal/index) by extension 'colcon_pkg'
[0.587s] Level 1:colcon.colcon_core.package_identification:_identify(atob/venv/lib/python3.12/site-packages/pip/_internal/index) by extensions ['colcon_meta']
[0.587s] Level 1:colcon.colcon_core.package_identification:_identify(atob/venv/lib/python3.12/site-packages/pip/_internal/index) by extension 'colcon_meta'
[0.588s] Level 1:colcon.colcon_core.package_identification:_identify(atob/venv/lib/python3.12/site-packages/pip/_internal/index) by extensions ['ros']
[0.588s] Level 1:colcon.colcon_core.package_identification:_identify(atob/venv/lib/python3.12/site-packages/pip/_internal/index) by extension 'ros'
[0.588s] Level 1:colcon.colcon_core.package_identification:_identify(atob/venv/lib/python3.12/site-packages/pip/_internal/index) by extensions ['cmake', 'python']
[0.588s] Level 1:colcon.colcon_core.package_identification:_identify(atob/venv/lib/python3.12/site-packages/pip/_internal/index) by extension 'cmake'
[0.588s] Level 1:colcon.colcon_core.package_identification:_identify(atob/venv/lib/python3.12/site-packages/pip/_internal/index) by extension 'python'
[0.588s] Level 1:colcon.colcon_core.package_identification:_identify(atob/venv/lib/python3.12/site-packages/pip/_internal/index) by extensions ['python_setup_py']
[0.588s] Level 1:colcon.colcon_core.package_identification:_identify(atob/venv/lib/python3.12/site-packages/pip/_internal/index) by extension 'python_setup_py'
[0.588s] Level 1:colcon.colcon_core.package_identification:_identify(atob/venv/lib/python3.12/site-packages/pip/_internal/index/__pycache__) by extensions ['ignore', 'ignore_ament_install']
[0.588s] Level 1:colcon.colcon_core.package_identification:_identify(atob/venv/lib/python3.12/site-packages/pip/_internal/index/__pycache__) by extension 'ignore'
[0.588s] Level 1:colcon.colcon_core.package_identification:_identify(atob/venv/lib/python3.12/site-packages/pip/_internal/index/__pycache__) by extension 'ignore_ament_install'
[0.588s] Level 1:colcon.colcon_core.package_identification:_identify(atob/venv/lib/python3.12/site-packages/pip/_internal/index/__pycache__) by extensions ['colcon_pkg']
[0.588s] Level 1:colcon.colcon_core.package_identification:_identify(atob/venv/lib/python3.12/site-packages/pip/_internal/index/__pycache__) by extension 'colcon_pkg'
[0.588s] Level 1:colcon.colcon_core.package_identification:_identify(atob/venv/lib/python3.12/site-packages/pip/_internal/index/__pycache__) by extensions ['colcon_meta']
[0.588s] Level 1:colcon.colcon_core.package_identification:_identify(atob/venv/lib/python3.12/site-packages/pip/_internal/index/__pycache__) by extension 'colcon_meta'
[0.588s] Level 1:colcon.colcon_core.package_identification:_identify(atob/venv/lib/python3.12/site-packages/pip/_internal/index/__pycache__) by extensions ['ros']
[0.588s] Level 1:colcon.colcon_core.package_identification:_identify(atob/venv/lib/python3.12/site-packages/pip/_internal/index/__pycache__) by extension 'ros'
[0.588s] Level 1:colcon.colcon_core.package_identification:_identify(atob/venv/lib/python3.12/site-packages/pip/_internal/index/__pycache__) by extensions ['cmake', 'python']
[0.588s] Level 1:colcon.colcon_core.package_identification:_identify(atob/venv/lib/python3.12/site-packages/pip/_internal/index/__pycache__) by extension 'cmake'
[0.589s] Level 1:colcon.colcon_core.package_identification:_identify(atob/venv/lib/python3.12/site-packages/pip/_internal/index/__pycache__) by extension 'python'
[0.589s] Level 1:colcon.colcon_core.package_identification:_identify(atob/venv/lib/python3.12/site-packages/pip/_internal/index/__pycache__) by extensions ['python_setup_py']
[0.589s] Level 1:colcon.colcon_core.package_identification:_identify(atob/venv/lib/python3.12/site-packages/pip/_internal/index/__pycache__) by extension 'python_setup_py'
[0.589s] Level 1:colcon.colcon_core.package_identification:_identify(atob/venv/lib/python3.12/site-packages/pip/_internal/locations) by extensions ['ignore', 'ignore_ament_install']
[0.589s] Level 1:colcon.colcon_core.package_identification:_identify(atob/venv/lib/python3.12/site-packages/pip/_internal/locations) by extension 'ignore'
[0.589s] Level 1:colcon.colcon_core.package_identification:_identify(atob/venv/lib/python3.12/site-packages/pip/_internal/locations) by extension 'ignore_ament_install'
[0.589s] Level 1:colcon.colcon_core.package_identification:_identify(atob/venv/lib/python3.12/site-packages/pip/_internal/locations) by extensions ['colcon_pkg']
[0.589s] Level 1:colcon.colcon_core.package_identification:_identify(atob/venv/lib/python3.12/site-packages/pip/_internal/locations) by extension 'colcon_pkg'
[0.589s] Level 1:colcon.colcon_core.package_identification:_identify(atob/venv/lib/python3.12/site-packages/pip/_internal/locations) by extensions ['colcon_meta']
[0.589s] Level 1:colcon.colcon_core.package_identification:_identify(atob/venv/lib/python3.12/site-packages/pip/_internal/locations) by extension 'colcon_meta'
[0.589s] Level 1:colcon.colcon_core.package_identification:_identify(atob/venv/lib/python3.12/site-packages/pip/_internal/locations) by extensions ['ros']
[0.589s] Level 1:colcon.colcon_core.package_identification:_identify(atob/venv/lib/python3.12/site-packages/pip/_internal/locations) by extension 'ros'
[0.589s] Level 1:colcon.colcon_core.package_identification:_identify(atob/venv/lib/python3.12/site-packages/pip/_internal/locations) by extensions ['cmake', 'python']
[0.589s] Level 1:colcon.colcon_core.package_identification:_identify(atob/venv/lib/python3.12/site-packages/pip/_internal/locations) by extension 'cmake'
[0.589s] Level 1:colcon.colcon_core.package_identification:_identify(atob/venv/lib/python3.12/site-packages/pip/_internal/locations) by extension 'python'
[0.589s] Level 1:colcon.colcon_core.package_identification:_identify(atob/venv/lib/python3.12/site-packages/pip/_internal/locations) by extensions ['python_setup_py']
[0.589s] Level 1:colcon.colcon_core.package_identification:_identify(atob/venv/lib/python3.12/site-packages/pip/_internal/locations) by extension 'python_setup_py'
[0.589s] Level 1:colcon.colcon_core.package_identification:_identify(atob/venv/lib/python3.12/site-packages/pip/_internal/locations/__pycache__) by extensions ['ignore', 'ignore_ament_install']
[0.590s] Level 1:colcon.colcon_core.package_identification:_identify(atob/venv/lib/python3.12/site-packages/pip/_internal/locations/__pycache__) by extension 'ignore'
[0.590s] Level 1:colcon.colcon_core.package_identification:_identify(atob/venv/lib/python3.12/site-packages/pip/_internal/locations/__pycache__) by extension 'ignore_ament_install'
[0.590s] Level 1:colcon.colcon_core.package_identification:_identify(atob/venv/lib/python3.12/site-packages/pip/_internal/locations/__pycache__) by extensions ['colcon_pkg']
[0.590s] Level 1:colcon.colcon_core.package_identification:_identify(atob/venv/lib/python3.12/site-packages/pip/_internal/locations/__pycache__) by extension 'colcon_pkg'
[0.590s] Level 1:colcon.colcon_core.package_identification:_identify(atob/venv/lib/python3.12/site-packages/pip/_internal/locations/__pycache__) by extensions ['colcon_meta']
[0.590s] Level 1:colcon.colcon_core.package_identification:_identify(atob/venv/lib/python3.12/site-packages/pip/_internal/locations/__pycache__) by extension 'colcon_meta'
[0.590s] Level 1:colcon.colcon_core.package_identification:_identify(atob/venv/lib/python3.12/site-packages/pip/_internal/locations/__pycache__) by extensions ['ros']
[0.590s] Level 1:colcon.colcon_core.package_identification:_identify(atob/venv/lib/python3.12/site-packages/pip/_internal/locations/__pycache__) by extension 'ros'
[0.590s] Level 1:colcon.colcon_core.package_identification:_identify(atob/venv/lib/python3.12/site-packages/pip/_internal/locations/__pycache__) by extensions ['cmake', 'python']
[0.590s] Level 1:colcon.colcon_core.package_identification:_identify(atob/venv/lib/python3.12/site-packages/pip/_internal/locations/__pycache__) by extension 'cmake'
[0.590s] Level 1:colcon.colcon_core.package_identification:_identify(atob/venv/lib/python3.12/site-packages/pip/_internal/locations/__pycache__) by extension 'python'
[0.590s] Level 1:colcon.colcon_core.package_identification:_identify(atob/venv/lib/python3.12/site-packages/pip/_internal/locations/__pycache__) by extensions ['python_setup_py']
[0.590s] Level 1:colcon.colcon_core.package_identification:_identify(atob/venv/lib/python3.12/site-packages/pip/_internal/locations/__pycache__) by extension 'python_setup_py'
[0.590s] Level 1:colcon.colcon_core.package_identification:_identify(atob/venv/lib/python3.12/site-packages/pip/_internal/metadata) by extensions ['ignore', 'ignore_ament_install']
[0.590s] Level 1:colcon.colcon_core.package_identification:_identify(atob/venv/lib/python3.12/site-packages/pip/_internal/metadata) by extension 'ignore'
[0.590s] Level 1:colcon.colcon_core.package_identification:_identify(atob/venv/lib/python3.12/site-packages/pip/_internal/metadata) by extension 'ignore_ament_install'
[0.590s] Level 1:colcon.colcon_core.package_identification:_identify(atob/venv/lib/python3.12/site-packages/pip/_internal/metadata) by extensions ['colcon_pkg']
[0.590s] Level 1:colcon.colcon_core.package_identification:_identify(atob/venv/lib/python3.12/site-packages/pip/_internal/metadata) by extension 'colcon_pkg'
[0.591s] Level 1:colcon.colcon_core.package_identification:_identify(atob/venv/lib/python3.12/site-packages/pip/_internal/metadata) by extensions ['colcon_meta']
[0.591s] Level 1:colcon.colcon_core.package_identification:_identify(atob/venv/lib/python3.12/site-packages/pip/_internal/metadata) by extension 'colcon_meta'
[0.591s] Level 1:colcon.colcon_core.package_identification:_identify(atob/venv/lib/python3.12/site-packages/pip/_internal/metadata) by extensions ['ros']
[0.591s] Level 1:colcon.colcon_core.package_identification:_identify(atob/venv/lib/python3.12/site-packages/pip/_internal/metadata) by extension 'ros'
[0.591s] Level 1:colcon.colcon_core.package_identification:_identify(atob/venv/lib/python3.12/site-packages/pip/_internal/metadata) by extensions ['cmake', 'python']
[0.591s] Level 1:colcon.colcon_core.package_identification:_identify(atob/venv/lib/python3.12/site-packages/pip/_internal/metadata) by extension 'cmake'
[0.591s] Level 1:colcon.colcon_core.package_identification:_identify(atob/venv/lib/python3.12/site-packages/pip/_internal/metadata) by extension 'python'
[0.591s] Level 1:colcon.colcon_core.package_identification:_identify(atob/venv/lib/python3.12/site-packages/pip/_internal/metadata) by extensions ['python_setup_py']
[0.591s] Level 1:colcon.colcon_core.package_identification:_identify(atob/venv/lib/python3.12/site-packages/pip/_internal/metadata) by extension 'python_setup_py'
[0.591s] Level 1:colcon.colcon_core.package_identification:_identify(atob/venv/lib/python3.12/site-packages/pip/_internal/metadata/__pycache__) by extensions ['ignore', 'ignore_ament_install']
[0.591s] Level 1:colcon.colcon_core.package_identification:_identify(atob/venv/lib/python3.12/site-packages/pip/_internal/metadata/__pycache__) by extension 'ignore'
[0.591s] Level 1:colcon.colcon_core.package_identification:_identify(atob/venv/lib/python3.12/site-packages/pip/_internal/metadata/__pycache__) by extension 'ignore_ament_install'
[0.591s] Level 1:colcon.colcon_core.package_identification:_identify(atob/venv/lib/python3.12/site-packages/pip/_internal/metadata/__pycache__) by extensions ['colcon_pkg']
[0.591s] Level 1:colcon.colcon_core.package_identification:_identify(atob/venv/lib/python3.12/site-packages/pip/_internal/metadata/__pycache__) by extension 'colcon_pkg'
[0.591s] Level 1:colcon.colcon_core.package_identification:_identify(atob/venv/lib/python3.12/site-packages/pip/_internal/metadata/__pycache__) by extensions ['colcon_meta']
[0.591s] Level 1:colcon.colcon_core.package_identification:_identify(atob/venv/lib/python3.12/site-packages/pip/_internal/metadata/__pycache__) by extension 'colcon_meta'
[0.591s] Level 1:colcon.colcon_core.package_identification:_identify(atob/venv/lib/python3.12/site-packages/pip/_internal/metadata/__pycache__) by extensions ['ros']
[0.591s] Level 1:colcon.colcon_core.package_identification:_identify(atob/venv/lib/python3.12/site-packages/pip/_internal/metadata/__pycache__) by extension 'ros'
[0.592s] Level 1:colcon.colcon_core.package_identification:_identify(atob/venv/lib/python3.12/site-packages/pip/_internal/metadata/__pycache__) by extensions ['cmake', 'python']
[0.592s] Level 1:colcon.colcon_core.package_identification:_identify(atob/venv/lib/python3.12/site-packages/pip/_internal/metadata/__pycache__) by extension 'cmake'
[0.592s] Level 1:colcon.colcon_core.package_identification:_identify(atob/venv/lib/python3.12/site-packages/pip/_internal/metadata/__pycache__) by extension 'python'
[0.592s] Level 1:colcon.colcon_core.package_identification:_identify(atob/venv/lib/python3.12/site-packages/pip/_internal/metadata/__pycache__) by extensions ['python_setup_py']
[0.592s] Level 1:colcon.colcon_core.package_identification:_identify(atob/venv/lib/python3.12/site-packages/pip/_internal/metadata/__pycache__) by extension 'python_setup_py'
[0.592s] Level 1:colcon.colcon_core.package_identification:_identify(atob/venv/lib/python3.12/site-packages/pip/_internal/metadata/importlib) by extensions ['ignore', 'ignore_ament_install']
[0.592s] Level 1:colcon.colcon_core.package_identification:_identify(atob/venv/lib/python3.12/site-packages/pip/_internal/metadata/importlib) by extension 'ignore'
[0.592s] Level 1:colcon.colcon_core.package_identification:_identify(atob/venv/lib/python3.12/site-packages/pip/_internal/metadata/importlib) by extension 'ignore_ament_install'
[0.592s] Level 1:colcon.colcon_core.package_identification:_identify(atob/venv/lib/python3.12/site-packages/pip/_internal/metadata/importlib) by extensions ['colcon_pkg']
[0.592s] Level 1:colcon.colcon_core.package_identification:_identify(atob/venv/lib/python3.12/site-packages/pip/_internal/metadata/importlib) by extension 'colcon_pkg'
[0.592s] Level 1:colcon.colcon_core.package_identification:_identify(atob/venv/lib/python3.12/site-packages/pip/_internal/metadata/importlib) by extensions ['colcon_meta']
[0.592s] Level 1:colcon.colcon_core.package_identification:_identify(atob/venv/lib/python3.12/site-packages/pip/_internal/metadata/importlib) by extension 'colcon_meta'
[0.592s] Level 1:colcon.colcon_core.package_identification:_identify(atob/venv/lib/python3.12/site-packages/pip/_internal/metadata/importlib) by extensions ['ros']
[0.592s] Level 1:colcon.colcon_core.package_identification:_identify(atob/venv/lib/python3.12/site-packages/pip/_internal/metadata/importlib) by extension 'ros'
[0.592s] Level 1:colcon.colcon_core.package_identification:_identify(atob/venv/lib/python3.12/site-packages/pip/_internal/metadata/importlib) by extensions ['cmake', 'python']
[0.592s] Level 1:colcon.colcon_core.package_identification:_identify(atob/venv/lib/python3.12/site-packages/pip/_internal/metadata/importlib) by extension 'cmake'
[0.592s] Level 1:colcon.colcon_core.package_identification:_identify(atob/venv/lib/python3.12/site-packages/pip/_internal/metadata/importlib) by extension 'python'
[0.592s] Level 1:colcon.colcon_core.package_identification:_identify(atob/venv/lib/python3.12/site-packages/pip/_internal/metadata/importlib) by extensions ['python_setup_py']
[0.592s] Level 1:colcon.colcon_core.package_identification:_identify(atob/venv/lib/python3.12/site-packages/pip/_internal/metadata/importlib) by extension 'python_setup_py'
[0.593s] Level 1:colcon.colcon_core.package_identification:_identify(atob/venv/lib/python3.12/site-packages/pip/_internal/metadata/importlib/__pycache__) by extensions ['ignore', 'ignore_ament_install']
[0.593s] Level 1:colcon.colcon_core.package_identification:_identify(atob/venv/lib/python3.12/site-packages/pip/_internal/metadata/importlib/__pycache__) by extension 'ignore'
[0.593s] Level 1:colcon.colcon_core.package_identification:_identify(atob/venv/lib/python3.12/site-packages/pip/_internal/metadata/importlib/__pycache__) by extension 'ignore_ament_install'
[0.593s] Level 1:colcon.colcon_core.package_identification:_identify(atob/venv/lib/python3.12/site-packages/pip/_internal/metadata/importlib/__pycache__) by extensions ['colcon_pkg']
[0.593s] Level 1:colcon.colcon_core.package_identification:_identify(atob/venv/lib/python3.12/site-packages/pip/_internal/metadata/importlib/__pycache__) by extension 'colcon_pkg'
[0.593s] Level 1:colcon.colcon_core.package_identification:_identify(atob/venv/lib/python3.12/site-packages/pip/_internal/metadata/importlib/__pycache__) by extensions ['colcon_meta']
[0.593s] Level 1:colcon.colcon_core.package_identification:_identify(atob/venv/lib/python3.12/site-packages/pip/_internal/metadata/importlib/__pycache__) by extension 'colcon_meta'
[0.593s] Level 1:colcon.colcon_core.package_identification:_identify(atob/venv/lib/python3.12/site-packages/pip/_internal/metadata/importlib/__pycache__) by extensions ['ros']
[0.593s] Level 1:colcon.colcon_core.package_identification:_identify(atob/venv/lib/python3.12/site-packages/pip/_internal/metadata/importlib/__pycache__) by extension 'ros'
[0.593s] Level 1:colcon.colcon_core.package_identification:_identify(atob/venv/lib/python3.12/site-packages/pip/_internal/metadata/importlib/__pycache__) by extensions ['cmake', 'python']
[0.593s] Level 1:colcon.colcon_core.package_identification:_identify(atob/venv/lib/python3.12/site-packages/pip/_internal/metadata/importlib/__pycache__) by extension 'cmake'
[0.593s] Level 1:colcon.colcon_core.package_identification:_identify(atob/venv/lib/python3.12/site-packages/pip/_internal/metadata/importlib/__pycache__) by extension 'python'
[0.593s] Level 1:colcon.colcon_core.package_identification:_identify(atob/venv/lib/python3.12/site-packages/pip/_internal/metadata/importlib/__pycache__) by extensions ['python_setup_py']
[0.593s] Level 1:colcon.colcon_core.package_identification:_identify(atob/venv/lib/python3.12/site-packages/pip/_internal/metadata/importlib/__pycache__) by extension 'python_setup_py'
[0.593s] Level 1:colcon.colcon_core.package_identification:_identify(atob/venv/lib/python3.12/site-packages/pip/_internal/models) by extensions ['ignore', 'ignore_ament_install']
[0.594s] Level 1:colcon.colcon_core.package_identification:_identify(atob/venv/lib/python3.12/site-packages/pip/_internal/models) by extension 'ignore'
[0.594s] Level 1:colcon.colcon_core.package_identification:_identify(atob/venv/lib/python3.12/site-packages/pip/_internal/models) by extension 'ignore_ament_install'
[0.594s] Level 1:colcon.colcon_core.package_identification:_identify(atob/venv/lib/python3.12/site-packages/pip/_internal/models) by extensions ['colcon_pkg']
[0.594s] Level 1:colcon.colcon_core.package_identification:_identify(atob/venv/lib/python3.12/site-packages/pip/_internal/models) by extension 'colcon_pkg'
[0.594s] Level 1:colcon.colcon_core.package_identification:_identify(atob/venv/lib/python3.12/site-packages/pip/_internal/models) by extensions ['colcon_meta']
[0.594s] Level 1:colcon.colcon_core.package_identification:_identify(atob/venv/lib/python3.12/site-packages/pip/_internal/models) by extension 'colcon_meta'
[0.594s] Level 1:colcon.colcon_core.package_identification:_identify(atob/venv/lib/python3.12/site-packages/pip/_internal/models) by extensions ['ros']
[0.594s] Level 1:colcon.colcon_core.package_identification:_identify(atob/venv/lib/python3.12/site-packages/pip/_internal/models) by extension 'ros'
[0.594s] Level 1:colcon.colcon_core.package_identification:_identify(atob/venv/lib/python3.12/site-packages/pip/_internal/models) by extensions ['cmake', 'python']
[0.594s] Level 1:colcon.colcon_core.package_identification:_identify(atob/venv/lib/python3.12/site-packages/pip/_internal/models) by extension 'cmake'
[0.594s] Level 1:colcon.colcon_core.package_identification:_identify(atob/venv/lib/python3.12/site-packages/pip/_internal/models) by extension 'python'
[0.594s] Level 1:colcon.colcon_core.package_identification:_identify(atob/venv/lib/python3.12/site-packages/pip/_internal/models) by extensions ['python_setup_py']
[0.594s] Level 1:colcon.colcon_core.package_identification:_identify(atob/venv/lib/python3.12/site-packages/pip/_internal/models) by extension 'python_setup_py'
[0.595s] Level 1:colcon.colcon_core.package_identification:_identify(atob/venv/lib/python3.12/site-packages/pip/_internal/models/__pycache__) by extensions ['ignore', 'ignore_ament_install']
[0.595s] Level 1:colcon.colcon_core.package_identification:_identify(atob/venv/lib/python3.12/site-packages/pip/_internal/models/__pycache__) by extension 'ignore'
[0.595s] Level 1:colcon.colcon_core.package_identification:_identify(atob/venv/lib/python3.12/site-packages/pip/_internal/models/__pycache__) by extension 'ignore_ament_install'
[0.595s] Level 1:colcon.colcon_core.package_identification:_identify(atob/venv/lib/python3.12/site-packages/pip/_internal/models/__pycache__) by extensions ['colcon_pkg']
[0.595s] Level 1:colcon.colcon_core.package_identification:_identify(atob/venv/lib/python3.12/site-packages/pip/_internal/models/__pycache__) by extension 'colcon_pkg'
[0.595s] Level 1:colcon.colcon_core.package_identification:_identify(atob/venv/lib/python3.12/site-packages/pip/_internal/models/__pycache__) by extensions ['colcon_meta']
[0.595s] Level 1:colcon.colcon_core.package_identification:_identify(atob/venv/lib/python3.12/site-packages/pip/_internal/models/__pycache__) by extension 'colcon_meta'
[0.595s] Level 1:colcon.colcon_core.package_identification:_identify(atob/venv/lib/python3.12/site-packages/pip/_internal/models/__pycache__) by extensions ['ros']
[0.595s] Level 1:colcon.colcon_core.package_identification:_identify(atob/venv/lib/python3.12/site-packages/pip/_internal/models/__pycache__) by extension 'ros'
[0.595s] Level 1:colcon.colcon_core.package_identification:_identify(atob/venv/lib/python3.12/site-packages/pip/_internal/models/__pycache__) by extensions ['cmake', 'python']
[0.595s] Level 1:colcon.colcon_core.package_identification:_identify(atob/venv/lib/python3.12/site-packages/pip/_internal/models/__pycache__) by extension 'cmake'
[0.595s] Level 1:colcon.colcon_core.package_identification:_identify(atob/venv/lib/python3.12/site-packages/pip/_internal/models/__pycache__) by extension 'python'
[0.595s] Level 1:colcon.colcon_core.package_identification:_identify(atob/venv/lib/python3.12/site-packages/pip/_internal/models/__pycache__) by extensions ['python_setup_py']
[0.595s] Level 1:colcon.colcon_core.package_identification:_identify(atob/venv/lib/python3.12/site-packages/pip/_internal/models/__pycache__) by extension 'python_setup_py'
[0.595s] Level 1:colcon.colcon_core.package_identification:_identify(atob/venv/lib/python3.12/site-packages/pip/_internal/network) by extensions ['ignore', 'ignore_ament_install']
[0.596s] Level 1:colcon.colcon_core.package_identification:_identify(atob/venv/lib/python3.12/site-packages/pip/_internal/network) by extension 'ignore'
[0.596s] Level 1:colcon.colcon_core.package_identification:_identify(atob/venv/lib/python3.12/site-packages/pip/_internal/network) by extension 'ignore_ament_install'
[0.596s] Level 1:colcon.colcon_core.package_identification:_identify(atob/venv/lib/python3.12/site-packages/pip/_internal/network) by extensions ['colcon_pkg']
[0.596s] Level 1:colcon.colcon_core.package_identification:_identify(atob/venv/lib/python3.12/site-packages/pip/_internal/network) by extension 'colcon_pkg'
[0.596s] Level 1:colcon.colcon_core.package_identification:_identify(atob/venv/lib/python3.12/site-packages/pip/_internal/network) by extensions ['colcon_meta']
[0.596s] Level 1:colcon.colcon_core.package_identification:_identify(atob/venv/lib/python3.12/site-packages/pip/_internal/network) by extension 'colcon_meta'
[0.596s] Level 1:colcon.colcon_core.package_identification:_identify(atob/venv/lib/python3.12/site-packages/pip/_internal/network) by extensions ['ros']
[0.596s] Level 1:colcon.colcon_core.package_identification:_identify(atob/venv/lib/python3.12/site-packages/pip/_internal/network) by extension 'ros'
[0.596s] Level 1:colcon.colcon_core.package_identification:_identify(atob/venv/lib/python3.12/site-packages/pip/_internal/network) by extensions ['cmake', 'python']
[0.596s] Level 1:colcon.colcon_core.package_identification:_identify(atob/venv/lib/python3.12/site-packages/pip/_internal/network) by extension 'cmake'
[0.596s] Level 1:colcon.colcon_core.package_identification:_identify(atob/venv/lib/python3.12/site-packages/pip/_internal/network) by extension 'python'
[0.596s] Level 1:colcon.colcon_core.package_identification:_identify(atob/venv/lib/python3.12/site-packages/pip/_internal/network) by extensions ['python_setup_py']
[0.596s] Level 1:colcon.colcon_core.package_identification:_identify(atob/venv/lib/python3.12/site-packages/pip/_internal/network) by extension 'python_setup_py'
[0.596s] Level 1:colcon.colcon_core.package_identification:_identify(atob/venv/lib/python3.12/site-packages/pip/_internal/network/__pycache__) by extensions ['ignore', 'ignore_ament_install']
[0.596s] Level 1:colcon.colcon_core.package_identification:_identify(atob/venv/lib/python3.12/site-packages/pip/_internal/network/__pycache__) by extension 'ignore'
[0.596s] Level 1:colcon.colcon_core.package_identification:_identify(atob/venv/lib/python3.12/site-packages/pip/_internal/network/__pycache__) by extension 'ignore_ament_install'
[0.596s] Level 1:colcon.colcon_core.package_identification:_identify(atob/venv/lib/python3.12/site-packages/pip/_internal/network/__pycache__) by extensions ['colcon_pkg']
[0.596s] Level 1:colcon.colcon_core.package_identification:_identify(atob/venv/lib/python3.12/site-packages/pip/_internal/network/__pycache__) by extension 'colcon_pkg'
[0.597s] Level 1:colcon.colcon_core.package_identification:_identify(atob/venv/lib/python3.12/site-packages/pip/_internal/network/__pycache__) by extensions ['colcon_meta']
[0.597s] Level 1:colcon.colcon_core.package_identification:_identify(atob/venv/lib/python3.12/site-packages/pip/_internal/network/__pycache__) by extension 'colcon_meta'
[0.597s] Level 1:colcon.colcon_core.package_identification:_identify(atob/venv/lib/python3.12/site-packages/pip/_internal/network/__pycache__) by extensions ['ros']
[0.597s] Level 1:colcon.colcon_core.package_identification:_identify(atob/venv/lib/python3.12/site-packages/pip/_internal/network/__pycache__) by extension 'ros'
[0.597s] Level 1:colcon.colcon_core.package_identification:_identify(atob/venv/lib/python3.12/site-packages/pip/_internal/network/__pycache__) by extensions ['cmake', 'python']
[0.597s] Level 1:colcon.colcon_core.package_identification:_identify(atob/venv/lib/python3.12/site-packages/pip/_internal/network/__pycache__) by extension 'cmake'
[0.597s] Level 1:colcon.colcon_core.package_identification:_identify(atob/venv/lib/python3.12/site-packages/pip/_internal/network/__pycache__) by extension 'python'
[0.597s] Level 1:colcon.colcon_core.package_identification:_identify(atob/venv/lib/python3.12/site-packages/pip/_internal/network/__pycache__) by extensions ['python_setup_py']
[0.597s] Level 1:colcon.colcon_core.package_identification:_identify(atob/venv/lib/python3.12/site-packages/pip/_internal/network/__pycache__) by extension 'python_setup_py'
[0.597s] Level 1:colcon.colcon_core.package_identification:_identify(atob/venv/lib/python3.12/site-packages/pip/_internal/operations) by extensions ['ignore', 'ignore_ament_install']
[0.597s] Level 1:colcon.colcon_core.package_identification:_identify(atob/venv/lib/python3.12/site-packages/pip/_internal/operations) by extension 'ignore'
[0.597s] Level 1:colcon.colcon_core.package_identification:_identify(atob/venv/lib/python3.12/site-packages/pip/_internal/operations) by extension 'ignore_ament_install'
[0.597s] Level 1:colcon.colcon_core.package_identification:_identify(atob/venv/lib/python3.12/site-packages/pip/_internal/operations) by extensions ['colcon_pkg']
[0.597s] Level 1:colcon.colcon_core.package_identification:_identify(atob/venv/lib/python3.12/site-packages/pip/_internal/operations) by extension 'colcon_pkg'
[0.597s] Level 1:colcon.colcon_core.package_identification:_identify(atob/venv/lib/python3.12/site-packages/pip/_internal/operations) by extensions ['colcon_meta']
[0.597s] Level 1:colcon.colcon_core.package_identification:_identify(atob/venv/lib/python3.12/site-packages/pip/_internal/operations) by extension 'colcon_meta'
[0.597s] Level 1:colcon.colcon_core.package_identification:_identify(atob/venv/lib/python3.12/site-packages/pip/_internal/operations) by extensions ['ros']
[0.597s] Level 1:colcon.colcon_core.package_identification:_identify(atob/venv/lib/python3.12/site-packages/pip/_internal/operations) by extension 'ros'
[0.598s] Level 1:colcon.colcon_core.package_identification:_identify(atob/venv/lib/python3.12/site-packages/pip/_internal/operations) by extensions ['cmake', 'python']
[0.598s] Level 1:colcon.colcon_core.package_identification:_identify(atob/venv/lib/python3.12/site-packages/pip/_internal/operations) by extension 'cmake'
[0.598s] Level 1:colcon.colcon_core.package_identification:_identify(atob/venv/lib/python3.12/site-packages/pip/_internal/operations) by extension 'python'
[0.598s] Level 1:colcon.colcon_core.package_identification:_identify(atob/venv/lib/python3.12/site-packages/pip/_internal/operations) by extensions ['python_setup_py']
[0.598s] Level 1:colcon.colcon_core.package_identification:_identify(atob/venv/lib/python3.12/site-packages/pip/_internal/operations) by extension 'python_setup_py'
[0.598s] Level 1:colcon.colcon_core.package_identification:_identify(atob/venv/lib/python3.12/site-packages/pip/_internal/operations/__pycache__) by extensions ['ignore', 'ignore_ament_install']
[0.598s] Level 1:colcon.colcon_core.package_identification:_identify(atob/venv/lib/python3.12/site-packages/pip/_internal/operations/__pycache__) by extension 'ignore'
[0.598s] Level 1:colcon.colcon_core.package_identification:_identify(atob/venv/lib/python3.12/site-packages/pip/_internal/operations/__pycache__) by extension 'ignore_ament_install'
[0.598s] Level 1:colcon.colcon_core.package_identification:_identify(atob/venv/lib/python3.12/site-packages/pip/_internal/operations/__pycache__) by extensions ['colcon_pkg']
[0.598s] Level 1:colcon.colcon_core.package_identification:_identify(atob/venv/lib/python3.12/site-packages/pip/_internal/operations/__pycache__) by extension 'colcon_pkg'
[0.598s] Level 1:colcon.colcon_core.package_identification:_identify(atob/venv/lib/python3.12/site-packages/pip/_internal/operations/__pycache__) by extensions ['colcon_meta']
[0.598s] Level 1:colcon.colcon_core.package_identification:_identify(atob/venv/lib/python3.12/site-packages/pip/_internal/operations/__pycache__) by extension 'colcon_meta'
[0.598s] Level 1:colcon.colcon_core.package_identification:_identify(atob/venv/lib/python3.12/site-packages/pip/_internal/operations/__pycache__) by extensions ['ros']
[0.598s] Level 1:colcon.colcon_core.package_identification:_identify(atob/venv/lib/python3.12/site-packages/pip/_internal/operations/__pycache__) by extension 'ros'
[0.598s] Level 1:colcon.colcon_core.package_identification:_identify(atob/venv/lib/python3.12/site-packages/pip/_internal/operations/__pycache__) by extensions ['cmake', 'python']
[0.598s] Level 1:colcon.colcon_core.package_identification:_identify(atob/venv/lib/python3.12/site-packages/pip/_internal/operations/__pycache__) by extension 'cmake'
[0.598s] Level 1:colcon.colcon_core.package_identification:_identify(atob/venv/lib/python3.12/site-packages/pip/_internal/operations/__pycache__) by extension 'python'
[0.598s] Level 1:colcon.colcon_core.package_identification:_identify(atob/venv/lib/python3.12/site-packages/pip/_internal/operations/__pycache__) by extensions ['python_setup_py']
[0.598s] Level 1:colcon.colcon_core.package_identification:_identify(atob/venv/lib/python3.12/site-packages/pip/_internal/operations/__pycache__) by extension 'python_setup_py'
[0.599s] Level 1:colcon.colcon_core.package_identification:_identify(atob/venv/lib/python3.12/site-packages/pip/_internal/operations/build) by extensions ['ignore', 'ignore_ament_install']
[0.599s] Level 1:colcon.colcon_core.package_identification:_identify(atob/venv/lib/python3.12/site-packages/pip/_internal/operations/build) by extension 'ignore'
[0.599s] Level 1:colcon.colcon_core.package_identification:_identify(atob/venv/lib/python3.12/site-packages/pip/_internal/operations/build) by extension 'ignore_ament_install'
[0.599s] Level 1:colcon.colcon_core.package_identification:_identify(atob/venv/lib/python3.12/site-packages/pip/_internal/operations/build) by extensions ['colcon_pkg']
[0.599s] Level 1:colcon.colcon_core.package_identification:_identify(atob/venv/lib/python3.12/site-packages/pip/_internal/operations/build) by extension 'colcon_pkg'
[0.599s] Level 1:colcon.colcon_core.package_identification:_identify(atob/venv/lib/python3.12/site-packages/pip/_internal/operations/build) by extensions ['colcon_meta']
[0.599s] Level 1:colcon.colcon_core.package_identification:_identify(atob/venv/lib/python3.12/site-packages/pip/_internal/operations/build) by extension 'colcon_meta'
[0.599s] Level 1:colcon.colcon_core.package_identification:_identify(atob/venv/lib/python3.12/site-packages/pip/_internal/operations/build) by extensions ['ros']
[0.599s] Level 1:colcon.colcon_core.package_identification:_identify(atob/venv/lib/python3.12/site-packages/pip/_internal/operations/build) by extension 'ros'
[0.599s] Level 1:colcon.colcon_core.package_identification:_identify(atob/venv/lib/python3.12/site-packages/pip/_internal/operations/build) by extensions ['cmake', 'python']
[0.599s] Level 1:colcon.colcon_core.package_identification:_identify(atob/venv/lib/python3.12/site-packages/pip/_internal/operations/build) by extension 'cmake'
[0.599s] Level 1:colcon.colcon_core.package_identification:_identify(atob/venv/lib/python3.12/site-packages/pip/_internal/operations/build) by extension 'python'
[0.599s] Level 1:colcon.colcon_core.package_identification:_identify(atob/venv/lib/python3.12/site-packages/pip/_internal/operations/build) by extensions ['python_setup_py']
[0.599s] Level 1:colcon.colcon_core.package_identification:_identify(atob/venv/lib/python3.12/site-packages/pip/_internal/operations/build) by extension 'python_setup_py'
[0.599s] Level 1:colcon.colcon_core.package_identification:_identify(atob/venv/lib/python3.12/site-packages/pip/_internal/operations/build/__pycache__) by extensions ['ignore', 'ignore_ament_install']
[0.599s] Level 1:colcon.colcon_core.package_identification:_identify(atob/venv/lib/python3.12/site-packages/pip/_internal/operations/build/__pycache__) by extension 'ignore'
[0.600s] Level 1:colcon.colcon_core.package_identification:_identify(atob/venv/lib/python3.12/site-packages/pip/_internal/operations/build/__pycache__) by extension 'ignore_ament_install'
[0.600s] Level 1:colcon.colcon_core.package_identification:_identify(atob/venv/lib/python3.12/site-packages/pip/_internal/operations/build/__pycache__) by extensions ['colcon_pkg']
[0.600s] Level 1:colcon.colcon_core.package_identification:_identify(atob/venv/lib/python3.12/site-packages/pip/_internal/operations/build/__pycache__) by extension 'colcon_pkg'
[0.600s] Level 1:colcon.colcon_core.package_identification:_identify(atob/venv/lib/python3.12/site-packages/pip/_internal/operations/build/__pycache__) by extensions ['colcon_meta']
[0.600s] Level 1:colcon.colcon_core.package_identification:_identify(atob/venv/lib/python3.12/site-packages/pip/_internal/operations/build/__pycache__) by extension 'colcon_meta'
[0.600s] Level 1:colcon.colcon_core.package_identification:_identify(atob/venv/lib/python3.12/site-packages/pip/_internal/operations/build/__pycache__) by extensions ['ros']
[0.600s] Level 1:colcon.colcon_core.package_identification:_identify(atob/venv/lib/python3.12/site-packages/pip/_internal/operations/build/__pycache__) by extension 'ros'
[0.600s] Level 1:colcon.colcon_core.package_identification:_identify(atob/venv/lib/python3.12/site-packages/pip/_internal/operations/build/__pycache__) by extensions ['cmake', 'python']
[0.600s] Level 1:colcon.colcon_core.package_identification:_identify(atob/venv/lib/python3.12/site-packages/pip/_internal/operations/build/__pycache__) by extension 'cmake'
[0.600s] Level 1:colcon.colcon_core.package_identification:_identify(atob/venv/lib/python3.12/site-packages/pip/_internal/operations/build/__pycache__) by extension 'python'
[0.600s] Level 1:colcon.colcon_core.package_identification:_identify(atob/venv/lib/python3.12/site-packages/pip/_internal/operations/build/__pycache__) by extensions ['python_setup_py']
[0.600s] Level 1:colcon.colcon_core.package_identification:_identify(atob/venv/lib/python3.12/site-packages/pip/_internal/operations/build/__pycache__) by extension 'python_setup_py'
[0.600s] Level 1:colcon.colcon_core.package_identification:_identify(atob/venv/lib/python3.12/site-packages/pip/_internal/operations/install) by extensions ['ignore', 'ignore_ament_install']
[0.600s] Level 1:colcon.colcon_core.package_identification:_identify(atob/venv/lib/python3.12/site-packages/pip/_internal/operations/install) by extension 'ignore'
[0.600s] Level 1:colcon.colcon_core.package_identification:_identify(atob/venv/lib/python3.12/site-packages/pip/_internal/operations/install) by extension 'ignore_ament_install'
[0.600s] Level 1:colcon.colcon_core.package_identification:_identify(atob/venv/lib/python3.12/site-packages/pip/_internal/operations/install) by extensions ['colcon_pkg']
[0.600s] Level 1:colcon.colcon_core.package_identification:_identify(atob/venv/lib/python3.12/site-packages/pip/_internal/operations/install) by extension 'colcon_pkg'
[0.601s] Level 1:colcon.colcon_core.package_identification:_identify(atob/venv/lib/python3.12/site-packages/pip/_internal/operations/install) by extensions ['colcon_meta']
[0.601s] Level 1:colcon.colcon_core.package_identification:_identify(atob/venv/lib/python3.12/site-packages/pip/_internal/operations/install) by extension 'colcon_meta'
[0.601s] Level 1:colcon.colcon_core.package_identification:_identify(atob/venv/lib/python3.12/site-packages/pip/_internal/operations/install) by extensions ['ros']
[0.601s] Level 1:colcon.colcon_core.package_identification:_identify(atob/venv/lib/python3.12/site-packages/pip/_internal/operations/install) by extension 'ros'
[0.601s] Level 1:colcon.colcon_core.package_identification:_identify(atob/venv/lib/python3.12/site-packages/pip/_internal/operations/install) by extensions ['cmake', 'python']
[0.601s] Level 1:colcon.colcon_core.package_identification:_identify(atob/venv/lib/python3.12/site-packages/pip/_internal/operations/install) by extension 'cmake'
[0.601s] Level 1:colcon.colcon_core.package_identification:_identify(atob/venv/lib/python3.12/site-packages/pip/_internal/operations/install) by extension 'python'
[0.601s] Level 1:colcon.colcon_core.package_identification:_identify(atob/venv/lib/python3.12/site-packages/pip/_internal/operations/install) by extensions ['python_setup_py']
[0.601s] Level 1:colcon.colcon_core.package_identification:_identify(atob/venv/lib/python3.12/site-packages/pip/_internal/operations/install) by extension 'python_setup_py'
[0.601s] Level 1:colcon.colcon_core.package_identification:_identify(atob/venv/lib/python3.12/site-packages/pip/_internal/operations/install/__pycache__) by extensions ['ignore', 'ignore_ament_install']
[0.601s] Level 1:colcon.colcon_core.package_identification:_identify(atob/venv/lib/python3.12/site-packages/pip/_internal/operations/install/__pycache__) by extension 'ignore'
[0.601s] Level 1:colcon.colcon_core.package_identification:_identify(atob/venv/lib/python3.12/site-packages/pip/_internal/operations/install/__pycache__) by extension 'ignore_ament_install'
[0.601s] Level 1:colcon.colcon_core.package_identification:_identify(atob/venv/lib/python3.12/site-packages/pip/_internal/operations/install/__pycache__) by extensions ['colcon_pkg']
[0.601s] Level 1:colcon.colcon_core.package_identification:_identify(atob/venv/lib/python3.12/site-packages/pip/_internal/operations/install/__pycache__) by extension 'colcon_pkg'
[0.601s] Level 1:colcon.colcon_core.package_identification:_identify(atob/venv/lib/python3.12/site-packages/pip/_internal/operations/install/__pycache__) by extensions ['colcon_meta']
[0.601s] Level 1:colcon.colcon_core.package_identification:_identify(atob/venv/lib/python3.12/site-packages/pip/_internal/operations/install/__pycache__) by extension 'colcon_meta'
[0.601s] Level 1:colcon.colcon_core.package_identification:_identify(atob/venv/lib/python3.12/site-packages/pip/_internal/operations/install/__pycache__) by extensions ['ros']
[0.601s] Level 1:colcon.colcon_core.package_identification:_identify(atob/venv/lib/python3.12/site-packages/pip/_internal/operations/install/__pycache__) by extension 'ros'
[0.602s] Level 1:colcon.colcon_core.package_identification:_identify(atob/venv/lib/python3.12/site-packages/pip/_internal/operations/install/__pycache__) by extensions ['cmake', 'python']
[0.602s] Level 1:colcon.colcon_core.package_identification:_identify(atob/venv/lib/python3.12/site-packages/pip/_internal/operations/install/__pycache__) by extension 'cmake'
[0.602s] Level 1:colcon.colcon_core.package_identification:_identify(atob/venv/lib/python3.12/site-packages/pip/_internal/operations/install/__pycache__) by extension 'python'
[0.602s] Level 1:colcon.colcon_core.package_identification:_identify(atob/venv/lib/python3.12/site-packages/pip/_internal/operations/install/__pycache__) by extensions ['python_setup_py']
[0.602s] Level 1:colcon.colcon_core.package_identification:_identify(atob/venv/lib/python3.12/site-packages/pip/_internal/operations/install/__pycache__) by extension 'python_setup_py'
[0.602s] Level 1:colcon.colcon_core.package_identification:_identify(atob/venv/lib/python3.12/site-packages/pip/_internal/req) by extensions ['ignore', 'ignore_ament_install']
[0.602s] Level 1:colcon.colcon_core.package_identification:_identify(atob/venv/lib/python3.12/site-packages/pip/_internal/req) by extension 'ignore'
[0.602s] Level 1:colcon.colcon_core.package_identification:_identify(atob/venv/lib/python3.12/site-packages/pip/_internal/req) by extension 'ignore_ament_install'
[0.602s] Level 1:colcon.colcon_core.package_identification:_identify(atob/venv/lib/python3.12/site-packages/pip/_internal/req) by extensions ['colcon_pkg']
[0.602s] Level 1:colcon.colcon_core.package_identification:_identify(atob/venv/lib/python3.12/site-packages/pip/_internal/req) by extension 'colcon_pkg'
[0.602s] Level 1:colcon.colcon_core.package_identification:_identify(atob/venv/lib/python3.12/site-packages/pip/_internal/req) by extensions ['colcon_meta']
[0.602s] Level 1:colcon.colcon_core.package_identification:_identify(atob/venv/lib/python3.12/site-packages/pip/_internal/req) by extension 'colcon_meta'
[0.602s] Level 1:colcon.colcon_core.package_identification:_identify(atob/venv/lib/python3.12/site-packages/pip/_internal/req) by extensions ['ros']
[0.602s] Level 1:colcon.colcon_core.package_identification:_identify(atob/venv/lib/python3.12/site-packages/pip/_internal/req) by extension 'ros'
[0.602s] Level 1:colcon.colcon_core.package_identification:_identify(atob/venv/lib/python3.12/site-packages/pip/_internal/req) by extensions ['cmake', 'python']
[0.602s] Level 1:colcon.colcon_core.package_identification:_identify(atob/venv/lib/python3.12/site-packages/pip/_internal/req) by extension 'cmake'
[0.602s] Level 1:colcon.colcon_core.package_identification:_identify(atob/venv/lib/python3.12/site-packages/pip/_internal/req) by extension 'python'
[0.602s] Level 1:colcon.colcon_core.package_identification:_identify(atob/venv/lib/python3.12/site-packages/pip/_internal/req) by extensions ['python_setup_py']
[0.603s] Level 1:colcon.colcon_core.package_identification:_identify(atob/venv/lib/python3.12/site-packages/pip/_internal/req) by extension 'python_setup_py'
[0.603s] Level 1:colcon.colcon_core.package_identification:_identify(atob/venv/lib/python3.12/site-packages/pip/_internal/req/__pycache__) by extensions ['ignore', 'ignore_ament_install']
[0.603s] Level 1:colcon.colcon_core.package_identification:_identify(atob/venv/lib/python3.12/site-packages/pip/_internal/req/__pycache__) by extension 'ignore'
[0.603s] Level 1:colcon.colcon_core.package_identification:_identify(atob/venv/lib/python3.12/site-packages/pip/_internal/req/__pycache__) by extension 'ignore_ament_install'
[0.603s] Level 1:colcon.colcon_core.package_identification:_identify(atob/venv/lib/python3.12/site-packages/pip/_internal/req/__pycache__) by extensions ['colcon_pkg']
[0.603s] Level 1:colcon.colcon_core.package_identification:_identify(atob/venv/lib/python3.12/site-packages/pip/_internal/req/__pycache__) by extension 'colcon_pkg'
[0.603s] Level 1:colcon.colcon_core.package_identification:_identify(atob/venv/lib/python3.12/site-packages/pip/_internal/req/__pycache__) by extensions ['colcon_meta']
[0.603s] Level 1:colcon.colcon_core.package_identification:_identify(atob/venv/lib/python3.12/site-packages/pip/_internal/req/__pycache__) by extension 'colcon_meta'
[0.603s] Level 1:colcon.colcon_core.package_identification:_identify(atob/venv/lib/python3.12/site-packages/pip/_internal/req/__pycache__) by extensions ['ros']
[0.603s] Level 1:colcon.colcon_core.package_identification:_identify(atob/venv/lib/python3.12/site-packages/pip/_internal/req/__pycache__) by extension 'ros'
[0.603s] Level 1:colcon.colcon_core.package_identification:_identify(atob/venv/lib/python3.12/site-packages/pip/_internal/req/__pycache__) by extensions ['cmake', 'python']
[0.603s] Level 1:colcon.colcon_core.package_identification:_identify(atob/venv/lib/python3.12/site-packages/pip/_internal/req/__pycache__) by extension 'cmake'
[0.603s] Level 1:colcon.colcon_core.package_identification:_identify(atob/venv/lib/python3.12/site-packages/pip/_internal/req/__pycache__) by extension 'python'
[0.604s] Level 1:colcon.colcon_core.package_identification:_identify(atob/venv/lib/python3.12/site-packages/pip/_internal/req/__pycache__) by extensions ['python_setup_py']
[0.604s] Level 1:colcon.colcon_core.package_identification:_identify(atob/venv/lib/python3.12/site-packages/pip/_internal/req/__pycache__) by extension 'python_setup_py'
[0.604s] Level 1:colcon.colcon_core.package_identification:_identify(atob/venv/lib/python3.12/site-packages/pip/_internal/resolution) by extensions ['ignore', 'ignore_ament_install']
[0.604s] Level 1:colcon.colcon_core.package_identification:_identify(atob/venv/lib/python3.12/site-packages/pip/_internal/resolution) by extension 'ignore'
[0.604s] Level 1:colcon.colcon_core.package_identification:_identify(atob/venv/lib/python3.12/site-packages/pip/_internal/resolution) by extension 'ignore_ament_install'
[0.604s] Level 1:colcon.colcon_core.package_identification:_identify(atob/venv/lib/python3.12/site-packages/pip/_internal/resolution) by extensions ['colcon_pkg']
[0.604s] Level 1:colcon.colcon_core.package_identification:_identify(atob/venv/lib/python3.12/site-packages/pip/_internal/resolution) by extension 'colcon_pkg'
[0.604s] Level 1:colcon.colcon_core.package_identification:_identify(atob/venv/lib/python3.12/site-packages/pip/_internal/resolution) by extensions ['colcon_meta']
[0.604s] Level 1:colcon.colcon_core.package_identification:_identify(atob/venv/lib/python3.12/site-packages/pip/_internal/resolution) by extension 'colcon_meta'
[0.604s] Level 1:colcon.colcon_core.package_identification:_identify(atob/venv/lib/python3.12/site-packages/pip/_internal/resolution) by extensions ['ros']
[0.604s] Level 1:colcon.colcon_core.package_identification:_identify(atob/venv/lib/python3.12/site-packages/pip/_internal/resolution) by extension 'ros'
[0.604s] Level 1:colcon.colcon_core.package_identification:_identify(atob/venv/lib/python3.12/site-packages/pip/_internal/resolution) by extensions ['cmake', 'python']
[0.604s] Level 1:colcon.colcon_core.package_identification:_identify(atob/venv/lib/python3.12/site-packages/pip/_internal/resolution) by extension 'cmake'
[0.604s] Level 1:colcon.colcon_core.package_identification:_identify(atob/venv/lib/python3.12/site-packages/pip/_internal/resolution) by extension 'python'
[0.604s] Level 1:colcon.colcon_core.package_identification:_identify(atob/venv/lib/python3.12/site-packages/pip/_internal/resolution) by extensions ['python_setup_py']
[0.604s] Level 1:colcon.colcon_core.package_identification:_identify(atob/venv/lib/python3.12/site-packages/pip/_internal/resolution) by extension 'python_setup_py'
[0.605s] Level 1:colcon.colcon_core.package_identification:_identify(atob/venv/lib/python3.12/site-packages/pip/_internal/resolution/__pycache__) by extensions ['ignore', 'ignore_ament_install']
[0.605s] Level 1:colcon.colcon_core.package_identification:_identify(atob/venv/lib/python3.12/site-packages/pip/_internal/resolution/__pycache__) by extension 'ignore'
[0.605s] Level 1:colcon.colcon_core.package_identification:_identify(atob/venv/lib/python3.12/site-packages/pip/_internal/resolution/__pycache__) by extension 'ignore_ament_install'
[0.605s] Level 1:colcon.colcon_core.package_identification:_identify(atob/venv/lib/python3.12/site-packages/pip/_internal/resolution/__pycache__) by extensions ['colcon_pkg']
[0.605s] Level 1:colcon.colcon_core.package_identification:_identify(atob/venv/lib/python3.12/site-packages/pip/_internal/resolution/__pycache__) by extension 'colcon_pkg'
[0.605s] Level 1:colcon.colcon_core.package_identification:_identify(atob/venv/lib/python3.12/site-packages/pip/_internal/resolution/__pycache__) by extensions ['colcon_meta']
[0.605s] Level 1:colcon.colcon_core.package_identification:_identify(atob/venv/lib/python3.12/site-packages/pip/_internal/resolution/__pycache__) by extension 'colcon_meta'
[0.605s] Level 1:colcon.colcon_core.package_identification:_identify(atob/venv/lib/python3.12/site-packages/pip/_internal/resolution/__pycache__) by extensions ['ros']
[0.605s] Level 1:colcon.colcon_core.package_identification:_identify(atob/venv/lib/python3.12/site-packages/pip/_internal/resolution/__pycache__) by extension 'ros'
[0.605s] Level 1:colcon.colcon_core.package_identification:_identify(atob/venv/lib/python3.12/site-packages/pip/_internal/resolution/__pycache__) by extensions ['cmake', 'python']
[0.605s] Level 1:colcon.colcon_core.package_identification:_identify(atob/venv/lib/python3.12/site-packages/pip/_internal/resolution/__pycache__) by extension 'cmake'
[0.605s] Level 1:colcon.colcon_core.package_identification:_identify(atob/venv/lib/python3.12/site-packages/pip/_internal/resolution/__pycache__) by extension 'python'
[0.605s] Level 1:colcon.colcon_core.package_identification:_identify(atob/venv/lib/python3.12/site-packages/pip/_internal/resolution/__pycache__) by extensions ['python_setup_py']
[0.605s] Level 1:colcon.colcon_core.package_identification:_identify(atob/venv/lib/python3.12/site-packages/pip/_internal/resolution/__pycache__) by extension 'python_setup_py'
[0.605s] Level 1:colcon.colcon_core.package_identification:_identify(atob/venv/lib/python3.12/site-packages/pip/_internal/resolution/legacy) by extensions ['ignore', 'ignore_ament_install']
[0.605s] Level 1:colcon.colcon_core.package_identification:_identify(atob/venv/lib/python3.12/site-packages/pip/_internal/resolution/legacy) by extension 'ignore'
[0.606s] Level 1:colcon.colcon_core.package_identification:_identify(atob/venv/lib/python3.12/site-packages/pip/_internal/resolution/legacy) by extension 'ignore_ament_install'
[0.606s] Level 1:colcon.colcon_core.package_identification:_identify(atob/venv/lib/python3.12/site-packages/pip/_internal/resolution/legacy) by extensions ['colcon_pkg']
[0.606s] Level 1:colcon.colcon_core.package_identification:_identify(atob/venv/lib/python3.12/site-packages/pip/_internal/resolution/legacy) by extension 'colcon_pkg'
[0.606s] Level 1:colcon.colcon_core.package_identification:_identify(atob/venv/lib/python3.12/site-packages/pip/_internal/resolution/legacy) by extensions ['colcon_meta']
[0.606s] Level 1:colcon.colcon_core.package_identification:_identify(atob/venv/lib/python3.12/site-packages/pip/_internal/resolution/legacy) by extension 'colcon_meta'
[0.606s] Level 1:colcon.colcon_core.package_identification:_identify(atob/venv/lib/python3.12/site-packages/pip/_internal/resolution/legacy) by extensions ['ros']
[0.606s] Level 1:colcon.colcon_core.package_identification:_identify(atob/venv/lib/python3.12/site-packages/pip/_internal/resolution/legacy) by extension 'ros'
[0.606s] Level 1:colcon.colcon_core.package_identification:_identify(atob/venv/lib/python3.12/site-packages/pip/_internal/resolution/legacy) by extensions ['cmake', 'python']
[0.606s] Level 1:colcon.colcon_core.package_identification:_identify(atob/venv/lib/python3.12/site-packages/pip/_internal/resolution/legacy) by extension 'cmake'
[0.606s] Level 1:colcon.colcon_core.package_identification:_identify(atob/venv/lib/python3.12/site-packages/pip/_internal/resolution/legacy) by extension 'python'
[0.606s] Level 1:colcon.colcon_core.package_identification:_identify(atob/venv/lib/python3.12/site-packages/pip/_internal/resolution/legacy) by extensions ['python_setup_py']
[0.606s] Level 1:colcon.colcon_core.package_identification:_identify(atob/venv/lib/python3.12/site-packages/pip/_internal/resolution/legacy) by extension 'python_setup_py'
[0.606s] Level 1:colcon.colcon_core.package_identification:_identify(atob/venv/lib/python3.12/site-packages/pip/_internal/resolution/legacy/__pycache__) by extensions ['ignore', 'ignore_ament_install']
[0.606s] Level 1:colcon.colcon_core.package_identification:_identify(atob/venv/lib/python3.12/site-packages/pip/_internal/resolution/legacy/__pycache__) by extension 'ignore'
[0.606s] Level 1:colcon.colcon_core.package_identification:_identify(atob/venv/lib/python3.12/site-packages/pip/_internal/resolution/legacy/__pycache__) by extension 'ignore_ament_install'
[0.606s] Level 1:colcon.colcon_core.package_identification:_identify(atob/venv/lib/python3.12/site-packages/pip/_internal/resolution/legacy/__pycache__) by extensions ['colcon_pkg']
[0.606s] Level 1:colcon.colcon_core.package_identification:_identify(atob/venv/lib/python3.12/site-packages/pip/_internal/resolution/legacy/__pycache__) by extension 'colcon_pkg'
[0.606s] Level 1:colcon.colcon_core.package_identification:_identify(atob/venv/lib/python3.12/site-packages/pip/_internal/resolution/legacy/__pycache__) by extensions ['colcon_meta']
[0.606s] Level 1:colcon.colcon_core.package_identification:_identify(atob/venv/lib/python3.12/site-packages/pip/_internal/resolution/legacy/__pycache__) by extension 'colcon_meta'
[0.607s] Level 1:colcon.colcon_core.package_identification:_identify(atob/venv/lib/python3.12/site-packages/pip/_internal/resolution/legacy/__pycache__) by extensions ['ros']
[0.607s] Level 1:colcon.colcon_core.package_identification:_identify(atob/venv/lib/python3.12/site-packages/pip/_internal/resolution/legacy/__pycache__) by extension 'ros'
[0.607s] Level 1:colcon.colcon_core.package_identification:_identify(atob/venv/lib/python3.12/site-packages/pip/_internal/resolution/legacy/__pycache__) by extensions ['cmake', 'python']
[0.607s] Level 1:colcon.colcon_core.package_identification:_identify(atob/venv/lib/python3.12/site-packages/pip/_internal/resolution/legacy/__pycache__) by extension 'cmake'
[0.607s] Level 1:colcon.colcon_core.package_identification:_identify(atob/venv/lib/python3.12/site-packages/pip/_internal/resolution/legacy/__pycache__) by extension 'python'
[0.607s] Level 1:colcon.colcon_core.package_identification:_identify(atob/venv/lib/python3.12/site-packages/pip/_internal/resolution/legacy/__pycache__) by extensions ['python_setup_py']
[0.607s] Level 1:colcon.colcon_core.package_identification:_identify(atob/venv/lib/python3.12/site-packages/pip/_internal/resolution/legacy/__pycache__) by extension 'python_setup_py'
[0.607s] Level 1:colcon.colcon_core.package_identification:_identify(atob/venv/lib/python3.12/site-packages/pip/_internal/resolution/resolvelib) by extensions ['ignore', 'ignore_ament_install']
[0.607s] Level 1:colcon.colcon_core.package_identification:_identify(atob/venv/lib/python3.12/site-packages/pip/_internal/resolution/resolvelib) by extension 'ignore'
[0.607s] Level 1:colcon.colcon_core.package_identification:_identify(atob/venv/lib/python3.12/site-packages/pip/_internal/resolution/resolvelib) by extension 'ignore_ament_install'
[0.607s] Level 1:colcon.colcon_core.package_identification:_identify(atob/venv/lib/python3.12/site-packages/pip/_internal/resolution/resolvelib) by extensions ['colcon_pkg']
[0.607s] Level 1:colcon.colcon_core.package_identification:_identify(atob/venv/lib/python3.12/site-packages/pip/_internal/resolution/resolvelib) by extension 'colcon_pkg'
[0.607s] Level 1:colcon.colcon_core.package_identification:_identify(atob/venv/lib/python3.12/site-packages/pip/_internal/resolution/resolvelib) by extensions ['colcon_meta']
[0.607s] Level 1:colcon.colcon_core.package_identification:_identify(atob/venv/lib/python3.12/site-packages/pip/_internal/resolution/resolvelib) by extension 'colcon_meta'
[0.607s] Level 1:colcon.colcon_core.package_identification:_identify(atob/venv/lib/python3.12/site-packages/pip/_internal/resolution/resolvelib) by extensions ['ros']
[0.607s] Level 1:colcon.colcon_core.package_identification:_identify(atob/venv/lib/python3.12/site-packages/pip/_internal/resolution/resolvelib) by extension 'ros'
[0.607s] Level 1:colcon.colcon_core.package_identification:_identify(atob/venv/lib/python3.12/site-packages/pip/_internal/resolution/resolvelib) by extensions ['cmake', 'python']
[0.608s] Level 1:colcon.colcon_core.package_identification:_identify(atob/venv/lib/python3.12/site-packages/pip/_internal/resolution/resolvelib) by extension 'cmake'
[0.608s] Level 1:colcon.colcon_core.package_identification:_identify(atob/venv/lib/python3.12/site-packages/pip/_internal/resolution/resolvelib) by extension 'python'
[0.608s] Level 1:colcon.colcon_core.package_identification:_identify(atob/venv/lib/python3.12/site-packages/pip/_internal/resolution/resolvelib) by extensions ['python_setup_py']
[0.608s] Level 1:colcon.colcon_core.package_identification:_identify(atob/venv/lib/python3.12/site-packages/pip/_internal/resolution/resolvelib) by extension 'python_setup_py'
[0.608s] Level 1:colcon.colcon_core.package_identification:_identify(atob/venv/lib/python3.12/site-packages/pip/_internal/resolution/resolvelib/__pycache__) by extensions ['ignore', 'ignore_ament_install']
[0.608s] Level 1:colcon.colcon_core.package_identification:_identify(atob/venv/lib/python3.12/site-packages/pip/_internal/resolution/resolvelib/__pycache__) by extension 'ignore'
[0.608s] Level 1:colcon.colcon_core.package_identification:_identify(atob/venv/lib/python3.12/site-packages/pip/_internal/resolution/resolvelib/__pycache__) by extension 'ignore_ament_install'
[0.608s] Level 1:colcon.colcon_core.package_identification:_identify(atob/venv/lib/python3.12/site-packages/pip/_internal/resolution/resolvelib/__pycache__) by extensions ['colcon_pkg']
[0.608s] Level 1:colcon.colcon_core.package_identification:_identify(atob/venv/lib/python3.12/site-packages/pip/_internal/resolution/resolvelib/__pycache__) by extension 'colcon_pkg'
[0.608s] Level 1:colcon.colcon_core.package_identification:_identify(atob/venv/lib/python3.12/site-packages/pip/_internal/resolution/resolvelib/__pycache__) by extensions ['colcon_meta']
[0.608s] Level 1:colcon.colcon_core.package_identification:_identify(atob/venv/lib/python3.12/site-packages/pip/_internal/resolution/resolvelib/__pycache__) by extension 'colcon_meta'
[0.608s] Level 1:colcon.colcon_core.package_identification:_identify(atob/venv/lib/python3.12/site-packages/pip/_internal/resolution/resolvelib/__pycache__) by extensions ['ros']
[0.608s] Level 1:colcon.colcon_core.package_identification:_identify(atob/venv/lib/python3.12/site-packages/pip/_internal/resolution/resolvelib/__pycache__) by extension 'ros'
[0.608s] Level 1:colcon.colcon_core.package_identification:_identify(atob/venv/lib/python3.12/site-packages/pip/_internal/resolution/resolvelib/__pycache__) by extensions ['cmake', 'python']
[0.608s] Level 1:colcon.colcon_core.package_identification:_identify(atob/venv/lib/python3.12/site-packages/pip/_internal/resolution/resolvelib/__pycache__) by extension 'cmake'
[0.608s] Level 1:colcon.colcon_core.package_identification:_identify(atob/venv/lib/python3.12/site-packages/pip/_internal/resolution/resolvelib/__pycache__) by extension 'python'
[0.608s] Level 1:colcon.colcon_core.package_identification:_identify(atob/venv/lib/python3.12/site-packages/pip/_internal/resolution/resolvelib/__pycache__) by extensions ['python_setup_py']
[0.608s] Level 1:colcon.colcon_core.package_identification:_identify(atob/venv/lib/python3.12/site-packages/pip/_internal/resolution/resolvelib/__pycache__) by extension 'python_setup_py'
[0.609s] Level 1:colcon.colcon_core.package_identification:_identify(atob/venv/lib/python3.12/site-packages/pip/_internal/utils) by extensions ['ignore', 'ignore_ament_install']
[0.609s] Level 1:colcon.colcon_core.package_identification:_identify(atob/venv/lib/python3.12/site-packages/pip/_internal/utils) by extension 'ignore'
[0.609s] Level 1:colcon.colcon_core.package_identification:_identify(atob/venv/lib/python3.12/site-packages/pip/_internal/utils) by extension 'ignore_ament_install'
[0.609s] Level 1:colcon.colcon_core.package_identification:_identify(atob/venv/lib/python3.12/site-packages/pip/_internal/utils) by extensions ['colcon_pkg']
[0.609s] Level 1:colcon.colcon_core.package_identification:_identify(atob/venv/lib/python3.12/site-packages/pip/_internal/utils) by extension 'colcon_pkg'
[0.609s] Level 1:colcon.colcon_core.package_identification:_identify(atob/venv/lib/python3.12/site-packages/pip/_internal/utils) by extensions ['colcon_meta']
[0.609s] Level 1:colcon.colcon_core.package_identification:_identify(atob/venv/lib/python3.12/site-packages/pip/_internal/utils) by extension 'colcon_meta'
[0.609s] Level 1:colcon.colcon_core.package_identification:_identify(atob/venv/lib/python3.12/site-packages/pip/_internal/utils) by extensions ['ros']
[0.609s] Level 1:colcon.colcon_core.package_identification:_identify(atob/venv/lib/python3.12/site-packages/pip/_internal/utils) by extension 'ros'
[0.609s] Level 1:colcon.colcon_core.package_identification:_identify(atob/venv/lib/python3.12/site-packages/pip/_internal/utils) by extensions ['cmake', 'python']
[0.609s] Level 1:colcon.colcon_core.package_identification:_identify(atob/venv/lib/python3.12/site-packages/pip/_internal/utils) by extension 'cmake'
[0.609s] Level 1:colcon.colcon_core.package_identification:_identify(atob/venv/lib/python3.12/site-packages/pip/_internal/utils) by extension 'python'
[0.609s] Level 1:colcon.colcon_core.package_identification:_identify(atob/venv/lib/python3.12/site-packages/pip/_internal/utils) by extensions ['python_setup_py']
[0.609s] Level 1:colcon.colcon_core.package_identification:_identify(atob/venv/lib/python3.12/site-packages/pip/_internal/utils) by extension 'python_setup_py'
[0.609s] Level 1:colcon.colcon_core.package_identification:_identify(atob/venv/lib/python3.12/site-packages/pip/_internal/utils/__pycache__) by extensions ['ignore', 'ignore_ament_install']
[0.609s] Level 1:colcon.colcon_core.package_identification:_identify(atob/venv/lib/python3.12/site-packages/pip/_internal/utils/__pycache__) by extension 'ignore'
[0.610s] Level 1:colcon.colcon_core.package_identification:_identify(atob/venv/lib/python3.12/site-packages/pip/_internal/utils/__pycache__) by extension 'ignore_ament_install'
[0.610s] Level 1:colcon.colcon_core.package_identification:_identify(atob/venv/lib/python3.12/site-packages/pip/_internal/utils/__pycache__) by extensions ['colcon_pkg']
[0.610s] Level 1:colcon.colcon_core.package_identification:_identify(atob/venv/lib/python3.12/site-packages/pip/_internal/utils/__pycache__) by extension 'colcon_pkg'
[0.610s] Level 1:colcon.colcon_core.package_identification:_identify(atob/venv/lib/python3.12/site-packages/pip/_internal/utils/__pycache__) by extensions ['colcon_meta']
[0.610s] Level 1:colcon.colcon_core.package_identification:_identify(atob/venv/lib/python3.12/site-packages/pip/_internal/utils/__pycache__) by extension 'colcon_meta'
[0.610s] Level 1:colcon.colcon_core.package_identification:_identify(atob/venv/lib/python3.12/site-packages/pip/_internal/utils/__pycache__) by extensions ['ros']
[0.610s] Level 1:colcon.colcon_core.package_identification:_identify(atob/venv/lib/python3.12/site-packages/pip/_internal/utils/__pycache__) by extension 'ros'
[0.610s] Level 1:colcon.colcon_core.package_identification:_identify(atob/venv/lib/python3.12/site-packages/pip/_internal/utils/__pycache__) by extensions ['cmake', 'python']
[0.610s] Level 1:colcon.colcon_core.package_identification:_identify(atob/venv/lib/python3.12/site-packages/pip/_internal/utils/__pycache__) by extension 'cmake'
[0.610s] Level 1:colcon.colcon_core.package_identification:_identify(atob/venv/lib/python3.12/site-packages/pip/_internal/utils/__pycache__) by extension 'python'
[0.610s] Level 1:colcon.colcon_core.package_identification:_identify(atob/venv/lib/python3.12/site-packages/pip/_internal/utils/__pycache__) by extensions ['python_setup_py']
[0.610s] Level 1:colcon.colcon_core.package_identification:_identify(atob/venv/lib/python3.12/site-packages/pip/_internal/utils/__pycache__) by extension 'python_setup_py'
[0.610s] Level 1:colcon.colcon_core.package_identification:_identify(atob/venv/lib/python3.12/site-packages/pip/_internal/vcs) by extensions ['ignore', 'ignore_ament_install']
[0.610s] Level 1:colcon.colcon_core.package_identification:_identify(atob/venv/lib/python3.12/site-packages/pip/_internal/vcs) by extension 'ignore'
[0.610s] Level 1:colcon.colcon_core.package_identification:_identify(atob/venv/lib/python3.12/site-packages/pip/_internal/vcs) by extension 'ignore_ament_install'
[0.610s] Level 1:colcon.colcon_core.package_identification:_identify(atob/venv/lib/python3.12/site-packages/pip/_internal/vcs) by extensions ['colcon_pkg']
[0.610s] Level 1:colcon.colcon_core.package_identification:_identify(atob/venv/lib/python3.12/site-packages/pip/_internal/vcs) by extension 'colcon_pkg'
[0.610s] Level 1:colcon.colcon_core.package_identification:_identify(atob/venv/lib/python3.12/site-packages/pip/_internal/vcs) by extensions ['colcon_meta']
[0.610s] Level 1:colcon.colcon_core.package_identification:_identify(atob/venv/lib/python3.12/site-packages/pip/_internal/vcs) by extension 'colcon_meta'
[0.611s] Level 1:colcon.colcon_core.package_identification:_identify(atob/venv/lib/python3.12/site-packages/pip/_internal/vcs) by extensions ['ros']
[0.611s] Level 1:colcon.colcon_core.package_identification:_identify(atob/venv/lib/python3.12/site-packages/pip/_internal/vcs) by extension 'ros'
[0.611s] Level 1:colcon.colcon_core.package_identification:_identify(atob/venv/lib/python3.12/site-packages/pip/_internal/vcs) by extensions ['cmake', 'python']
[0.611s] Level 1:colcon.colcon_core.package_identification:_identify(atob/venv/lib/python3.12/site-packages/pip/_internal/vcs) by extension 'cmake'
[0.611s] Level 1:colcon.colcon_core.package_identification:_identify(atob/venv/lib/python3.12/site-packages/pip/_internal/vcs) by extension 'python'
[0.611s] Level 1:colcon.colcon_core.package_identification:_identify(atob/venv/lib/python3.12/site-packages/pip/_internal/vcs) by extensions ['python_setup_py']
[0.611s] Level 1:colcon.colcon_core.package_identification:_identify(atob/venv/lib/python3.12/site-packages/pip/_internal/vcs) by extension 'python_setup_py'
[0.611s] Level 1:colcon.colcon_core.package_identification:_identify(atob/venv/lib/python3.12/site-packages/pip/_internal/vcs/__pycache__) by extensions ['ignore', 'ignore_ament_install']
[0.611s] Level 1:colcon.colcon_core.package_identification:_identify(atob/venv/lib/python3.12/site-packages/pip/_internal/vcs/__pycache__) by extension 'ignore'
[0.611s] Level 1:colcon.colcon_core.package_identification:_identify(atob/venv/lib/python3.12/site-packages/pip/_internal/vcs/__pycache__) by extension 'ignore_ament_install'
[0.611s] Level 1:colcon.colcon_core.package_identification:_identify(atob/venv/lib/python3.12/site-packages/pip/_internal/vcs/__pycache__) by extensions ['colcon_pkg']
[0.611s] Level 1:colcon.colcon_core.package_identification:_identify(atob/venv/lib/python3.12/site-packages/pip/_internal/vcs/__pycache__) by extension 'colcon_pkg'
[0.611s] Level 1:colcon.colcon_core.package_identification:_identify(atob/venv/lib/python3.12/site-packages/pip/_internal/vcs/__pycache__) by extensions ['colcon_meta']
[0.611s] Level 1:colcon.colcon_core.package_identification:_identify(atob/venv/lib/python3.12/site-packages/pip/_internal/vcs/__pycache__) by extension 'colcon_meta'
[0.611s] Level 1:colcon.colcon_core.package_identification:_identify(atob/venv/lib/python3.12/site-packages/pip/_internal/vcs/__pycache__) by extensions ['ros']
[0.611s] Level 1:colcon.colcon_core.package_identification:_identify(atob/venv/lib/python3.12/site-packages/pip/_internal/vcs/__pycache__) by extension 'ros'
[0.611s] Level 1:colcon.colcon_core.package_identification:_identify(atob/venv/lib/python3.12/site-packages/pip/_internal/vcs/__pycache__) by extensions ['cmake', 'python']
[0.611s] Level 1:colcon.colcon_core.package_identification:_identify(atob/venv/lib/python3.12/site-packages/pip/_internal/vcs/__pycache__) by extension 'cmake'
[0.612s] Level 1:colcon.colcon_core.package_identification:_identify(atob/venv/lib/python3.12/site-packages/pip/_internal/vcs/__pycache__) by extension 'python'
[0.612s] Level 1:colcon.colcon_core.package_identification:_identify(atob/venv/lib/python3.12/site-packages/pip/_internal/vcs/__pycache__) by extensions ['python_setup_py']
[0.612s] Level 1:colcon.colcon_core.package_identification:_identify(atob/venv/lib/python3.12/site-packages/pip/_internal/vcs/__pycache__) by extension 'python_setup_py'
[0.612s] Level 1:colcon.colcon_core.package_identification:_identify(atob/venv/lib/python3.12/site-packages/pip/_vendor) by extensions ['ignore', 'ignore_ament_install']
[0.612s] Level 1:colcon.colcon_core.package_identification:_identify(atob/venv/lib/python3.12/site-packages/pip/_vendor) by extension 'ignore'
[0.612s] Level 1:colcon.colcon_core.package_identification:_identify(atob/venv/lib/python3.12/site-packages/pip/_vendor) by extension 'ignore_ament_install'
[0.612s] Level 1:colcon.colcon_core.package_identification:_identify(atob/venv/lib/python3.12/site-packages/pip/_vendor) by extensions ['colcon_pkg']
[0.612s] Level 1:colcon.colcon_core.package_identification:_identify(atob/venv/lib/python3.12/site-packages/pip/_vendor) by extension 'colcon_pkg'
[0.612s] Level 1:colcon.colcon_core.package_identification:_identify(atob/venv/lib/python3.12/site-packages/pip/_vendor) by extensions ['colcon_meta']
[0.612s] Level 1:colcon.colcon_core.package_identification:_identify(atob/venv/lib/python3.12/site-packages/pip/_vendor) by extension 'colcon_meta'
[0.612s] Level 1:colcon.colcon_core.package_identification:_identify(atob/venv/lib/python3.12/site-packages/pip/_vendor) by extensions ['ros']
[0.612s] Level 1:colcon.colcon_core.package_identification:_identify(atob/venv/lib/python3.12/site-packages/pip/_vendor) by extension 'ros'
[0.612s] Level 1:colcon.colcon_core.package_identification:_identify(atob/venv/lib/python3.12/site-packages/pip/_vendor) by extensions ['cmake', 'python']
[0.612s] Level 1:colcon.colcon_core.package_identification:_identify(atob/venv/lib/python3.12/site-packages/pip/_vendor) by extension 'cmake'
[0.612s] Level 1:colcon.colcon_core.package_identification:_identify(atob/venv/lib/python3.12/site-packages/pip/_vendor) by extension 'python'
[0.612s] Level 1:colcon.colcon_core.package_identification:_identify(atob/venv/lib/python3.12/site-packages/pip/_vendor) by extensions ['python_setup_py']
[0.612s] Level 1:colcon.colcon_core.package_identification:_identify(atob/venv/lib/python3.12/site-packages/pip/_vendor) by extension 'python_setup_py'
[0.613s] Level 1:colcon.colcon_core.package_identification:_identify(atob/venv/lib/python3.12/site-packages/pip/_vendor/__pycache__) by extensions ['ignore', 'ignore_ament_install']
[0.613s] Level 1:colcon.colcon_core.package_identification:_identify(atob/venv/lib/python3.12/site-packages/pip/_vendor/__pycache__) by extension 'ignore'
[0.613s] Level 1:colcon.colcon_core.package_identification:_identify(atob/venv/lib/python3.12/site-packages/pip/_vendor/__pycache__) by extension 'ignore_ament_install'
[0.613s] Level 1:colcon.colcon_core.package_identification:_identify(atob/venv/lib/python3.12/site-packages/pip/_vendor/__pycache__) by extensions ['colcon_pkg']
[0.613s] Level 1:colcon.colcon_core.package_identification:_identify(atob/venv/lib/python3.12/site-packages/pip/_vendor/__pycache__) by extension 'colcon_pkg'
[0.613s] Level 1:colcon.colcon_core.package_identification:_identify(atob/venv/lib/python3.12/site-packages/pip/_vendor/__pycache__) by extensions ['colcon_meta']
[0.613s] Level 1:colcon.colcon_core.package_identification:_identify(atob/venv/lib/python3.12/site-packages/pip/_vendor/__pycache__) by extension 'colcon_meta'
[0.613s] Level 1:colcon.colcon_core.package_identification:_identify(atob/venv/lib/python3.12/site-packages/pip/_vendor/__pycache__) by extensions ['ros']
[0.613s] Level 1:colcon.colcon_core.package_identification:_identify(atob/venv/lib/python3.12/site-packages/pip/_vendor/__pycache__) by extension 'ros'
[0.613s] Level 1:colcon.colcon_core.package_identification:_identify(atob/venv/lib/python3.12/site-packages/pip/_vendor/__pycache__) by extensions ['cmake', 'python']
[0.613s] Level 1:colcon.colcon_core.package_identification:_identify(atob/venv/lib/python3.12/site-packages/pip/_vendor/__pycache__) by extension 'cmake'
[0.613s] Level 1:colcon.colcon_core.package_identification:_identify(atob/venv/lib/python3.12/site-packages/pip/_vendor/__pycache__) by extension 'python'
[0.613s] Level 1:colcon.colcon_core.package_identification:_identify(atob/venv/lib/python3.12/site-packages/pip/_vendor/__pycache__) by extensions ['python_setup_py']
[0.613s] Level 1:colcon.colcon_core.package_identification:_identify(atob/venv/lib/python3.12/site-packages/pip/_vendor/__pycache__) by extension 'python_setup_py'
[0.613s] Level 1:colcon.colcon_core.package_identification:_identify(atob/venv/lib/python3.12/site-packages/pip/_vendor/cachecontrol) by extensions ['ignore', 'ignore_ament_install']
[0.613s] Level 1:colcon.colcon_core.package_identification:_identify(atob/venv/lib/python3.12/site-packages/pip/_vendor/cachecontrol) by extension 'ignore'
[0.613s] Level 1:colcon.colcon_core.package_identification:_identify(atob/venv/lib/python3.12/site-packages/pip/_vendor/cachecontrol) by extension 'ignore_ament_install'
[0.614s] Level 1:colcon.colcon_core.package_identification:_identify(atob/venv/lib/python3.12/site-packages/pip/_vendor/cachecontrol) by extensions ['colcon_pkg']
[0.614s] Level 1:colcon.colcon_core.package_identification:_identify(atob/venv/lib/python3.12/site-packages/pip/_vendor/cachecontrol) by extension 'colcon_pkg'
[0.614s] Level 1:colcon.colcon_core.package_identification:_identify(atob/venv/lib/python3.12/site-packages/pip/_vendor/cachecontrol) by extensions ['colcon_meta']
[0.614s] Level 1:colcon.colcon_core.package_identification:_identify(atob/venv/lib/python3.12/site-packages/pip/_vendor/cachecontrol) by extension 'colcon_meta'
[0.614s] Level 1:colcon.colcon_core.package_identification:_identify(atob/venv/lib/python3.12/site-packages/pip/_vendor/cachecontrol) by extensions ['ros']
[0.614s] Level 1:colcon.colcon_core.package_identification:_identify(atob/venv/lib/python3.12/site-packages/pip/_vendor/cachecontrol) by extension 'ros'
[0.614s] Level 1:colcon.colcon_core.package_identification:_identify(atob/venv/lib/python3.12/site-packages/pip/_vendor/cachecontrol) by extensions ['cmake', 'python']
[0.614s] Level 1:colcon.colcon_core.package_identification:_identify(atob/venv/lib/python3.12/site-packages/pip/_vendor/cachecontrol) by extension 'cmake'
[0.614s] Level 1:colcon.colcon_core.package_identification:_identify(atob/venv/lib/python3.12/site-packages/pip/_vendor/cachecontrol) by extension 'python'
[0.614s] Level 1:colcon.colcon_core.package_identification:_identify(atob/venv/lib/python3.12/site-packages/pip/_vendor/cachecontrol) by extensions ['python_setup_py']
[0.614s] Level 1:colcon.colcon_core.package_identification:_identify(atob/venv/lib/python3.12/site-packages/pip/_vendor/cachecontrol) by extension 'python_setup_py'
[0.614s] Level 1:colcon.colcon_core.package_identification:_identify(atob/venv/lib/python3.12/site-packages/pip/_vendor/cachecontrol/__pycache__) by extensions ['ignore', 'ignore_ament_install']
[0.614s] Level 1:colcon.colcon_core.package_identification:_identify(atob/venv/lib/python3.12/site-packages/pip/_vendor/cachecontrol/__pycache__) by extension 'ignore'
[0.614s] Level 1:colcon.colcon_core.package_identification:_identify(atob/venv/lib/python3.12/site-packages/pip/_vendor/cachecontrol/__pycache__) by extension 'ignore_ament_install'
[0.614s] Level 1:colcon.colcon_core.package_identification:_identify(atob/venv/lib/python3.12/site-packages/pip/_vendor/cachecontrol/__pycache__) by extensions ['colcon_pkg']
[0.614s] Level 1:colcon.colcon_core.package_identification:_identify(atob/venv/lib/python3.12/site-packages/pip/_vendor/cachecontrol/__pycache__) by extension 'colcon_pkg'
[0.614s] Level 1:colcon.colcon_core.package_identification:_identify(atob/venv/lib/python3.12/site-packages/pip/_vendor/cachecontrol/__pycache__) by extensions ['colcon_meta']
[0.614s] Level 1:colcon.colcon_core.package_identification:_identify(atob/venv/lib/python3.12/site-packages/pip/_vendor/cachecontrol/__pycache__) by extension 'colcon_meta'
[0.614s] Level 1:colcon.colcon_core.package_identification:_identify(atob/venv/lib/python3.12/site-packages/pip/_vendor/cachecontrol/__pycache__) by extensions ['ros']
[0.614s] Level 1:colcon.colcon_core.package_identification:_identify(atob/venv/lib/python3.12/site-packages/pip/_vendor/cachecontrol/__pycache__) by extension 'ros'
[0.615s] Level 1:colcon.colcon_core.package_identification:_identify(atob/venv/lib/python3.12/site-packages/pip/_vendor/cachecontrol/__pycache__) by extensions ['cmake', 'python']
[0.615s] Level 1:colcon.colcon_core.package_identification:_identify(atob/venv/lib/python3.12/site-packages/pip/_vendor/cachecontrol/__pycache__) by extension 'cmake'
[0.615s] Level 1:colcon.colcon_core.package_identification:_identify(atob/venv/lib/python3.12/site-packages/pip/_vendor/cachecontrol/__pycache__) by extension 'python'
[0.615s] Level 1:colcon.colcon_core.package_identification:_identify(atob/venv/lib/python3.12/site-packages/pip/_vendor/cachecontrol/__pycache__) by extensions ['python_setup_py']
[0.615s] Level 1:colcon.colcon_core.package_identification:_identify(atob/venv/lib/python3.12/site-packages/pip/_vendor/cachecontrol/__pycache__) by extension 'python_setup_py'
[0.615s] Level 1:colcon.colcon_core.package_identification:_identify(atob/venv/lib/python3.12/site-packages/pip/_vendor/cachecontrol/caches) by extensions ['ignore', 'ignore_ament_install']
[0.615s] Level 1:colcon.colcon_core.package_identification:_identify(atob/venv/lib/python3.12/site-packages/pip/_vendor/cachecontrol/caches) by extension 'ignore'
[0.615s] Level 1:colcon.colcon_core.package_identification:_identify(atob/venv/lib/python3.12/site-packages/pip/_vendor/cachecontrol/caches) by extension 'ignore_ament_install'
[0.615s] Level 1:colcon.colcon_core.package_identification:_identify(atob/venv/lib/python3.12/site-packages/pip/_vendor/cachecontrol/caches) by extensions ['colcon_pkg']
[0.615s] Level 1:colcon.colcon_core.package_identification:_identify(atob/venv/lib/python3.12/site-packages/pip/_vendor/cachecontrol/caches) by extension 'colcon_pkg'
[0.615s] Level 1:colcon.colcon_core.package_identification:_identify(atob/venv/lib/python3.12/site-packages/pip/_vendor/cachecontrol/caches) by extensions ['colcon_meta']
[0.615s] Level 1:colcon.colcon_core.package_identification:_identify(atob/venv/lib/python3.12/site-packages/pip/_vendor/cachecontrol/caches) by extension 'colcon_meta'
[0.615s] Level 1:colcon.colcon_core.package_identification:_identify(atob/venv/lib/python3.12/site-packages/pip/_vendor/cachecontrol/caches) by extensions ['ros']
[0.615s] Level 1:colcon.colcon_core.package_identification:_identify(atob/venv/lib/python3.12/site-packages/pip/_vendor/cachecontrol/caches) by extension 'ros'
[0.615s] Level 1:colcon.colcon_core.package_identification:_identify(atob/venv/lib/python3.12/site-packages/pip/_vendor/cachecontrol/caches) by extensions ['cmake', 'python']
[0.615s] Level 1:colcon.colcon_core.package_identification:_identify(atob/venv/lib/python3.12/site-packages/pip/_vendor/cachecontrol/caches) by extension 'cmake'
[0.615s] Level 1:colcon.colcon_core.package_identification:_identify(atob/venv/lib/python3.12/site-packages/pip/_vendor/cachecontrol/caches) by extension 'python'
[0.615s] Level 1:colcon.colcon_core.package_identification:_identify(atob/venv/lib/python3.12/site-packages/pip/_vendor/cachecontrol/caches) by extensions ['python_setup_py']
[0.616s] Level 1:colcon.colcon_core.package_identification:_identify(atob/venv/lib/python3.12/site-packages/pip/_vendor/cachecontrol/caches) by extension 'python_setup_py'
[0.616s] Level 1:colcon.colcon_core.package_identification:_identify(atob/venv/lib/python3.12/site-packages/pip/_vendor/cachecontrol/caches/__pycache__) by extensions ['ignore', 'ignore_ament_install']
[0.616s] Level 1:colcon.colcon_core.package_identification:_identify(atob/venv/lib/python3.12/site-packages/pip/_vendor/cachecontrol/caches/__pycache__) by extension 'ignore'
[0.616s] Level 1:colcon.colcon_core.package_identification:_identify(atob/venv/lib/python3.12/site-packages/pip/_vendor/cachecontrol/caches/__pycache__) by extension 'ignore_ament_install'
[0.616s] Level 1:colcon.colcon_core.package_identification:_identify(atob/venv/lib/python3.12/site-packages/pip/_vendor/cachecontrol/caches/__pycache__) by extensions ['colcon_pkg']
[0.616s] Level 1:colcon.colcon_core.package_identification:_identify(atob/venv/lib/python3.12/site-packages/pip/_vendor/cachecontrol/caches/__pycache__) by extension 'colcon_pkg'
[0.616s] Level 1:colcon.colcon_core.package_identification:_identify(atob/venv/lib/python3.12/site-packages/pip/_vendor/cachecontrol/caches/__pycache__) by extensions ['colcon_meta']
[0.616s] Level 1:colcon.colcon_core.package_identification:_identify(atob/venv/lib/python3.12/site-packages/pip/_vendor/cachecontrol/caches/__pycache__) by extension 'colcon_meta'
[0.616s] Level 1:colcon.colcon_core.package_identification:_identify(atob/venv/lib/python3.12/site-packages/pip/_vendor/cachecontrol/caches/__pycache__) by extensions ['ros']
[0.616s] Level 1:colcon.colcon_core.package_identification:_identify(atob/venv/lib/python3.12/site-packages/pip/_vendor/cachecontrol/caches/__pycache__) by extension 'ros'
[0.616s] Level 1:colcon.colcon_core.package_identification:_identify(atob/venv/lib/python3.12/site-packages/pip/_vendor/cachecontrol/caches/__pycache__) by extensions ['cmake', 'python']
[0.616s] Level 1:colcon.colcon_core.package_identification:_identify(atob/venv/lib/python3.12/site-packages/pip/_vendor/cachecontrol/caches/__pycache__) by extension 'cmake'
[0.616s] Level 1:colcon.colcon_core.package_identification:_identify(atob/venv/lib/python3.12/site-packages/pip/_vendor/cachecontrol/caches/__pycache__) by extension 'python'
[0.616s] Level 1:colcon.colcon_core.package_identification:_identify(atob/venv/lib/python3.12/site-packages/pip/_vendor/cachecontrol/caches/__pycache__) by extensions ['python_setup_py']
[0.616s] Level 1:colcon.colcon_core.package_identification:_identify(atob/venv/lib/python3.12/site-packages/pip/_vendor/cachecontrol/caches/__pycache__) by extension 'python_setup_py'
[0.616s] Level 1:colcon.colcon_core.package_identification:_identify(atob/venv/lib/python3.12/site-packages/pip/_vendor/certifi) by extensions ['ignore', 'ignore_ament_install']
[0.617s] Level 1:colcon.colcon_core.package_identification:_identify(atob/venv/lib/python3.12/site-packages/pip/_vendor/certifi) by extension 'ignore'
[0.617s] Level 1:colcon.colcon_core.package_identification:_identify(atob/venv/lib/python3.12/site-packages/pip/_vendor/certifi) by extension 'ignore_ament_install'
[0.617s] Level 1:colcon.colcon_core.package_identification:_identify(atob/venv/lib/python3.12/site-packages/pip/_vendor/certifi) by extensions ['colcon_pkg']
[0.617s] Level 1:colcon.colcon_core.package_identification:_identify(atob/venv/lib/python3.12/site-packages/pip/_vendor/certifi) by extension 'colcon_pkg'
[0.617s] Level 1:colcon.colcon_core.package_identification:_identify(atob/venv/lib/python3.12/site-packages/pip/_vendor/certifi) by extensions ['colcon_meta']
[0.617s] Level 1:colcon.colcon_core.package_identification:_identify(atob/venv/lib/python3.12/site-packages/pip/_vendor/certifi) by extension 'colcon_meta'
[0.617s] Level 1:colcon.colcon_core.package_identification:_identify(atob/venv/lib/python3.12/site-packages/pip/_vendor/certifi) by extensions ['ros']
[0.617s] Level 1:colcon.colcon_core.package_identification:_identify(atob/venv/lib/python3.12/site-packages/pip/_vendor/certifi) by extension 'ros'
[0.617s] Level 1:colcon.colcon_core.package_identification:_identify(atob/venv/lib/python3.12/site-packages/pip/_vendor/certifi) by extensions ['cmake', 'python']
[0.617s] Level 1:colcon.colcon_core.package_identification:_identify(atob/venv/lib/python3.12/site-packages/pip/_vendor/certifi) by extension 'cmake'
[0.617s] Level 1:colcon.colcon_core.package_identification:_identify(atob/venv/lib/python3.12/site-packages/pip/_vendor/certifi) by extension 'python'
[0.617s] Level 1:colcon.colcon_core.package_identification:_identify(atob/venv/lib/python3.12/site-packages/pip/_vendor/certifi) by extensions ['python_setup_py']
[0.617s] Level 1:colcon.colcon_core.package_identification:_identify(atob/venv/lib/python3.12/site-packages/pip/_vendor/certifi) by extension 'python_setup_py'
[0.617s] Level 1:colcon.colcon_core.package_identification:_identify(atob/venv/lib/python3.12/site-packages/pip/_vendor/certifi/__pycache__) by extensions ['ignore', 'ignore_ament_install']
[0.617s] Level 1:colcon.colcon_core.package_identification:_identify(atob/venv/lib/python3.12/site-packages/pip/_vendor/certifi/__pycache__) by extension 'ignore'
[0.617s] Level 1:colcon.colcon_core.package_identification:_identify(atob/venv/lib/python3.12/site-packages/pip/_vendor/certifi/__pycache__) by extension 'ignore_ament_install'
[0.617s] Level 1:colcon.colcon_core.package_identification:_identify(atob/venv/lib/python3.12/site-packages/pip/_vendor/certifi/__pycache__) by extensions ['colcon_pkg']
[0.617s] Level 1:colcon.colcon_core.package_identification:_identify(atob/venv/lib/python3.12/site-packages/pip/_vendor/certifi/__pycache__) by extension 'colcon_pkg'
[0.617s] Level 1:colcon.colcon_core.package_identification:_identify(atob/venv/lib/python3.12/site-packages/pip/_vendor/certifi/__pycache__) by extensions ['colcon_meta']
[0.618s] Level 1:colcon.colcon_core.package_identification:_identify(atob/venv/lib/python3.12/site-packages/pip/_vendor/certifi/__pycache__) by extension 'colcon_meta'
[0.618s] Level 1:colcon.colcon_core.package_identification:_identify(atob/venv/lib/python3.12/site-packages/pip/_vendor/certifi/__pycache__) by extensions ['ros']
[0.618s] Level 1:colcon.colcon_core.package_identification:_identify(atob/venv/lib/python3.12/site-packages/pip/_vendor/certifi/__pycache__) by extension 'ros'
[0.618s] Level 1:colcon.colcon_core.package_identification:_identify(atob/venv/lib/python3.12/site-packages/pip/_vendor/certifi/__pycache__) by extensions ['cmake', 'python']
[0.618s] Level 1:colcon.colcon_core.package_identification:_identify(atob/venv/lib/python3.12/site-packages/pip/_vendor/certifi/__pycache__) by extension 'cmake'
[0.618s] Level 1:colcon.colcon_core.package_identification:_identify(atob/venv/lib/python3.12/site-packages/pip/_vendor/certifi/__pycache__) by extension 'python'
[0.618s] Level 1:colcon.colcon_core.package_identification:_identify(atob/venv/lib/python3.12/site-packages/pip/_vendor/certifi/__pycache__) by extensions ['python_setup_py']
[0.618s] Level 1:colcon.colcon_core.package_identification:_identify(atob/venv/lib/python3.12/site-packages/pip/_vendor/certifi/__pycache__) by extension 'python_setup_py'
[0.618s] Level 1:colcon.colcon_core.package_identification:_identify(atob/venv/lib/python3.12/site-packages/pip/_vendor/dependency_groups) by extensions ['ignore', 'ignore_ament_install']
[0.618s] Level 1:colcon.colcon_core.package_identification:_identify(atob/venv/lib/python3.12/site-packages/pip/_vendor/dependency_groups) by extension 'ignore'
[0.618s] Level 1:colcon.colcon_core.package_identification:_identify(atob/venv/lib/python3.12/site-packages/pip/_vendor/dependency_groups) by extension 'ignore_ament_install'
[0.618s] Level 1:colcon.colcon_core.package_identification:_identify(atob/venv/lib/python3.12/site-packages/pip/_vendor/dependency_groups) by extensions ['colcon_pkg']
[0.618s] Level 1:colcon.colcon_core.package_identification:_identify(atob/venv/lib/python3.12/site-packages/pip/_vendor/dependency_groups) by extension 'colcon_pkg'
[0.618s] Level 1:colcon.colcon_core.package_identification:_identify(atob/venv/lib/python3.12/site-packages/pip/_vendor/dependency_groups) by extensions ['colcon_meta']
[0.618s] Level 1:colcon.colcon_core.package_identification:_identify(atob/venv/lib/python3.12/site-packages/pip/_vendor/dependency_groups) by extension 'colcon_meta'
[0.618s] Level 1:colcon.colcon_core.package_identification:_identify(atob/venv/lib/python3.12/site-packages/pip/_vendor/dependency_groups) by extensions ['ros']
[0.618s] Level 1:colcon.colcon_core.package_identification:_identify(atob/venv/lib/python3.12/site-packages/pip/_vendor/dependency_groups) by extension 'ros'
[0.618s] Level 1:colcon.colcon_core.package_identification:_identify(atob/venv/lib/python3.12/site-packages/pip/_vendor/dependency_groups) by extensions ['cmake', 'python']
[0.618s] Level 1:colcon.colcon_core.package_identification:_identify(atob/venv/lib/python3.12/site-packages/pip/_vendor/dependency_groups) by extension 'cmake'
[0.619s] Level 1:colcon.colcon_core.package_identification:_identify(atob/venv/lib/python3.12/site-packages/pip/_vendor/dependency_groups) by extension 'python'
[0.619s] Level 1:colcon.colcon_core.package_identification:_identify(atob/venv/lib/python3.12/site-packages/pip/_vendor/dependency_groups) by extensions ['python_setup_py']
[0.619s] Level 1:colcon.colcon_core.package_identification:_identify(atob/venv/lib/python3.12/site-packages/pip/_vendor/dependency_groups) by extension 'python_setup_py'
[0.619s] Level 1:colcon.colcon_core.package_identification:_identify(atob/venv/lib/python3.12/site-packages/pip/_vendor/dependency_groups/__pycache__) by extensions ['ignore', 'ignore_ament_install']
[0.619s] Level 1:colcon.colcon_core.package_identification:_identify(atob/venv/lib/python3.12/site-packages/pip/_vendor/dependency_groups/__pycache__) by extension 'ignore'
[0.619s] Level 1:colcon.colcon_core.package_identification:_identify(atob/venv/lib/python3.12/site-packages/pip/_vendor/dependency_groups/__pycache__) by extension 'ignore_ament_install'
[0.619s] Level 1:colcon.colcon_core.package_identification:_identify(atob/venv/lib/python3.12/site-packages/pip/_vendor/dependency_groups/__pycache__) by extensions ['colcon_pkg']
[0.619s] Level 1:colcon.colcon_core.package_identification:_identify(atob/venv/lib/python3.12/site-packages/pip/_vendor/dependency_groups/__pycache__) by extension 'colcon_pkg'
[0.619s] Level 1:colcon.colcon_core.package_identification:_identify(atob/venv/lib/python3.12/site-packages/pip/_vendor/dependency_groups/__pycache__) by extensions ['colcon_meta']
[0.619s] Level 1:colcon.colcon_core.package_identification:_identify(atob/venv/lib/python3.12/site-packages/pip/_vendor/dependency_groups/__pycache__) by extension 'colcon_meta'
[0.619s] Level 1:colcon.colcon_core.package_identification:_identify(atob/venv/lib/python3.12/site-packages/pip/_vendor/dependency_groups/__pycache__) by extensions ['ros']
[0.619s] Level 1:colcon.colcon_core.package_identification:_identify(atob/venv/lib/python3.12/site-packages/pip/_vendor/dependency_groups/__pycache__) by extension 'ros'
[0.619s] Level 1:colcon.colcon_core.package_identification:_identify(atob/venv/lib/python3.12/site-packages/pip/_vendor/dependency_groups/__pycache__) by extensions ['cmake', 'python']
[0.619s] Level 1:colcon.colcon_core.package_identification:_identify(atob/venv/lib/python3.12/site-packages/pip/_vendor/dependency_groups/__pycache__) by extension 'cmake'
[0.619s] Level 1:colcon.colcon_core.package_identification:_identify(atob/venv/lib/python3.12/site-packages/pip/_vendor/dependency_groups/__pycache__) by extension 'python'
[0.619s] Level 1:colcon.colcon_core.package_identification:_identify(atob/venv/lib/python3.12/site-packages/pip/_vendor/dependency_groups/__pycache__) by extensions ['python_setup_py']
[0.619s] Level 1:colcon.colcon_core.package_identification:_identify(atob/venv/lib/python3.12/site-packages/pip/_vendor/dependency_groups/__pycache__) by extension 'python_setup_py'
[0.620s] Level 1:colcon.colcon_core.package_identification:_identify(atob/venv/lib/python3.12/site-packages/pip/_vendor/distlib) by extensions ['ignore', 'ignore_ament_install']
[0.620s] Level 1:colcon.colcon_core.package_identification:_identify(atob/venv/lib/python3.12/site-packages/pip/_vendor/distlib) by extension 'ignore'
[0.620s] Level 1:colcon.colcon_core.package_identification:_identify(atob/venv/lib/python3.12/site-packages/pip/_vendor/distlib) by extension 'ignore_ament_install'
[0.620s] Level 1:colcon.colcon_core.package_identification:_identify(atob/venv/lib/python3.12/site-packages/pip/_vendor/distlib) by extensions ['colcon_pkg']
[0.620s] Level 1:colcon.colcon_core.package_identification:_identify(atob/venv/lib/python3.12/site-packages/pip/_vendor/distlib) by extension 'colcon_pkg'
[0.620s] Level 1:colcon.colcon_core.package_identification:_identify(atob/venv/lib/python3.12/site-packages/pip/_vendor/distlib) by extensions ['colcon_meta']
[0.620s] Level 1:colcon.colcon_core.package_identification:_identify(atob/venv/lib/python3.12/site-packages/pip/_vendor/distlib) by extension 'colcon_meta'
[0.620s] Level 1:colcon.colcon_core.package_identification:_identify(atob/venv/lib/python3.12/site-packages/pip/_vendor/distlib) by extensions ['ros']
[0.620s] Level 1:colcon.colcon_core.package_identification:_identify(atob/venv/lib/python3.12/site-packages/pip/_vendor/distlib) by extension 'ros'
[0.620s] Level 1:colcon.colcon_core.package_identification:_identify(atob/venv/lib/python3.12/site-packages/pip/_vendor/distlib) by extensions ['cmake', 'python']
[0.620s] Level 1:colcon.colcon_core.package_identification:_identify(atob/venv/lib/python3.12/site-packages/pip/_vendor/distlib) by extension 'cmake'
[0.620s] Level 1:colcon.colcon_core.package_identification:_identify(atob/venv/lib/python3.12/site-packages/pip/_vendor/distlib) by extension 'python'
[0.620s] Level 1:colcon.colcon_core.package_identification:_identify(atob/venv/lib/python3.12/site-packages/pip/_vendor/distlib) by extensions ['python_setup_py']
[0.620s] Level 1:colcon.colcon_core.package_identification:_identify(atob/venv/lib/python3.12/site-packages/pip/_vendor/distlib) by extension 'python_setup_py'
[0.620s] Level 1:colcon.colcon_core.package_identification:_identify(atob/venv/lib/python3.12/site-packages/pip/_vendor/distlib/__pycache__) by extensions ['ignore', 'ignore_ament_install']
[0.620s] Level 1:colcon.colcon_core.package_identification:_identify(atob/venv/lib/python3.12/site-packages/pip/_vendor/distlib/__pycache__) by extension 'ignore'
[0.620s] Level 1:colcon.colcon_core.package_identification:_identify(atob/venv/lib/python3.12/site-packages/pip/_vendor/distlib/__pycache__) by extension 'ignore_ament_install'
[0.620s] Level 1:colcon.colcon_core.package_identification:_identify(atob/venv/lib/python3.12/site-packages/pip/_vendor/distlib/__pycache__) by extensions ['colcon_pkg']
[0.621s] Level 1:colcon.colcon_core.package_identification:_identify(atob/venv/lib/python3.12/site-packages/pip/_vendor/distlib/__pycache__) by extension 'colcon_pkg'
[0.621s] Level 1:colcon.colcon_core.package_identification:_identify(atob/venv/lib/python3.12/site-packages/pip/_vendor/distlib/__pycache__) by extensions ['colcon_meta']
[0.621s] Level 1:colcon.colcon_core.package_identification:_identify(atob/venv/lib/python3.12/site-packages/pip/_vendor/distlib/__pycache__) by extension 'colcon_meta'
[0.621s] Level 1:colcon.colcon_core.package_identification:_identify(atob/venv/lib/python3.12/site-packages/pip/_vendor/distlib/__pycache__) by extensions ['ros']
[0.621s] Level 1:colcon.colcon_core.package_identification:_identify(atob/venv/lib/python3.12/site-packages/pip/_vendor/distlib/__pycache__) by extension 'ros'
[0.621s] Level 1:colcon.colcon_core.package_identification:_identify(atob/venv/lib/python3.12/site-packages/pip/_vendor/distlib/__pycache__) by extensions ['cmake', 'python']
[0.621s] Level 1:colcon.colcon_core.package_identification:_identify(atob/venv/lib/python3.12/site-packages/pip/_vendor/distlib/__pycache__) by extension 'cmake'
[0.621s] Level 1:colcon.colcon_core.package_identification:_identify(atob/venv/lib/python3.12/site-packages/pip/_vendor/distlib/__pycache__) by extension 'python'
[0.621s] Level 1:colcon.colcon_core.package_identification:_identify(atob/venv/lib/python3.12/site-packages/pip/_vendor/distlib/__pycache__) by extensions ['python_setup_py']
[0.621s] Level 1:colcon.colcon_core.package_identification:_identify(atob/venv/lib/python3.12/site-packages/pip/_vendor/distlib/__pycache__) by extension 'python_setup_py'
[0.621s] Level 1:colcon.colcon_core.package_identification:_identify(atob/venv/lib/python3.12/site-packages/pip/_vendor/distro) by extensions ['ignore', 'ignore_ament_install']
[0.621s] Level 1:colcon.colcon_core.package_identification:_identify(atob/venv/lib/python3.12/site-packages/pip/_vendor/distro) by extension 'ignore'
[0.621s] Level 1:colcon.colcon_core.package_identification:_identify(atob/venv/lib/python3.12/site-packages/pip/_vendor/distro) by extension 'ignore_ament_install'
[0.621s] Level 1:colcon.colcon_core.package_identification:_identify(atob/venv/lib/python3.12/site-packages/pip/_vendor/distro) by extensions ['colcon_pkg']
[0.621s] Level 1:colcon.colcon_core.package_identification:_identify(atob/venv/lib/python3.12/site-packages/pip/_vendor/distro) by extension 'colcon_pkg'
[0.621s] Level 1:colcon.colcon_core.package_identification:_identify(atob/venv/lib/python3.12/site-packages/pip/_vendor/distro) by extensions ['colcon_meta']
[0.621s] Level 1:colcon.colcon_core.package_identification:_identify(atob/venv/lib/python3.12/site-packages/pip/_vendor/distro) by extension 'colcon_meta'
[0.621s] Level 1:colcon.colcon_core.package_identification:_identify(atob/venv/lib/python3.12/site-packages/pip/_vendor/distro) by extensions ['ros']
[0.621s] Level 1:colcon.colcon_core.package_identification:_identify(atob/venv/lib/python3.12/site-packages/pip/_vendor/distro) by extension 'ros'
[0.622s] Level 1:colcon.colcon_core.package_identification:_identify(atob/venv/lib/python3.12/site-packages/pip/_vendor/distro) by extensions ['cmake', 'python']
[0.622s] Level 1:colcon.colcon_core.package_identification:_identify(atob/venv/lib/python3.12/site-packages/pip/_vendor/distro) by extension 'cmake'
[0.622s] Level 1:colcon.colcon_core.package_identification:_identify(atob/venv/lib/python3.12/site-packages/pip/_vendor/distro) by extension 'python'
[0.622s] Level 1:colcon.colcon_core.package_identification:_identify(atob/venv/lib/python3.12/site-packages/pip/_vendor/distro) by extensions ['python_setup_py']
[0.622s] Level 1:colcon.colcon_core.package_identification:_identify(atob/venv/lib/python3.12/site-packages/pip/_vendor/distro) by extension 'python_setup_py'
[0.622s] Level 1:colcon.colcon_core.package_identification:_identify(atob/venv/lib/python3.12/site-packages/pip/_vendor/distro/__pycache__) by extensions ['ignore', 'ignore_ament_install']
[0.622s] Level 1:colcon.colcon_core.package_identification:_identify(atob/venv/lib/python3.12/site-packages/pip/_vendor/distro/__pycache__) by extension 'ignore'
[0.622s] Level 1:colcon.colcon_core.package_identification:_identify(atob/venv/lib/python3.12/site-packages/pip/_vendor/distro/__pycache__) by extension 'ignore_ament_install'
[0.622s] Level 1:colcon.colcon_core.package_identification:_identify(atob/venv/lib/python3.12/site-packages/pip/_vendor/distro/__pycache__) by extensions ['colcon_pkg']
[0.622s] Level 1:colcon.colcon_core.package_identification:_identify(atob/venv/lib/python3.12/site-packages/pip/_vendor/distro/__pycache__) by extension 'colcon_pkg'
[0.622s] Level 1:colcon.colcon_core.package_identification:_identify(atob/venv/lib/python3.12/site-packages/pip/_vendor/distro/__pycache__) by extensions ['colcon_meta']
[0.622s] Level 1:colcon.colcon_core.package_identification:_identify(atob/venv/lib/python3.12/site-packages/pip/_vendor/distro/__pycache__) by extension 'colcon_meta'
[0.622s] Level 1:colcon.colcon_core.package_identification:_identify(atob/venv/lib/python3.12/site-packages/pip/_vendor/distro/__pycache__) by extensions ['ros']
[0.622s] Level 1:colcon.colcon_core.package_identification:_identify(atob/venv/lib/python3.12/site-packages/pip/_vendor/distro/__pycache__) by extension 'ros'
[0.622s] Level 1:colcon.colcon_core.package_identification:_identify(atob/venv/lib/python3.12/site-packages/pip/_vendor/distro/__pycache__) by extensions ['cmake', 'python']
[0.622s] Level 1:colcon.colcon_core.package_identification:_identify(atob/venv/lib/python3.12/site-packages/pip/_vendor/distro/__pycache__) by extension 'cmake'
[0.622s] Level 1:colcon.colcon_core.package_identification:_identify(atob/venv/lib/python3.12/site-packages/pip/_vendor/distro/__pycache__) by extension 'python'
[0.622s] Level 1:colcon.colcon_core.package_identification:_identify(atob/venv/lib/python3.12/site-packages/pip/_vendor/distro/__pycache__) by extensions ['python_setup_py']
[0.622s] Level 1:colcon.colcon_core.package_identification:_identify(atob/venv/lib/python3.12/site-packages/pip/_vendor/distro/__pycache__) by extension 'python_setup_py'
[0.623s] Level 1:colcon.colcon_core.package_identification:_identify(atob/venv/lib/python3.12/site-packages/pip/_vendor/idna) by extensions ['ignore', 'ignore_ament_install']
[0.623s] Level 1:colcon.colcon_core.package_identification:_identify(atob/venv/lib/python3.12/site-packages/pip/_vendor/idna) by extension 'ignore'
[0.623s] Level 1:colcon.colcon_core.package_identification:_identify(atob/venv/lib/python3.12/site-packages/pip/_vendor/idna) by extension 'ignore_ament_install'
[0.623s] Level 1:colcon.colcon_core.package_identification:_identify(atob/venv/lib/python3.12/site-packages/pip/_vendor/idna) by extensions ['colcon_pkg']
[0.623s] Level 1:colcon.colcon_core.package_identification:_identify(atob/venv/lib/python3.12/site-packages/pip/_vendor/idna) by extension 'colcon_pkg'
[0.623s] Level 1:colcon.colcon_core.package_identification:_identify(atob/venv/lib/python3.12/site-packages/pip/_vendor/idna) by extensions ['colcon_meta']
[0.623s] Level 1:colcon.colcon_core.package_identification:_identify(atob/venv/lib/python3.12/site-packages/pip/_vendor/idna) by extension 'colcon_meta'
[0.623s] Level 1:colcon.colcon_core.package_identification:_identify(atob/venv/lib/python3.12/site-packages/pip/_vendor/idna) by extensions ['ros']
[0.623s] Level 1:colcon.colcon_core.package_identification:_identify(atob/venv/lib/python3.12/site-packages/pip/_vendor/idna) by extension 'ros'
[0.623s] Level 1:colcon.colcon_core.package_identification:_identify(atob/venv/lib/python3.12/site-packages/pip/_vendor/idna) by extensions ['cmake', 'python']
[0.623s] Level 1:colcon.colcon_core.package_identification:_identify(atob/venv/lib/python3.12/site-packages/pip/_vendor/idna) by extension 'cmake'
[0.623s] Level 1:colcon.colcon_core.package_identification:_identify(atob/venv/lib/python3.12/site-packages/pip/_vendor/idna) by extension 'python'
[0.623s] Level 1:colcon.colcon_core.package_identification:_identify(atob/venv/lib/python3.12/site-packages/pip/_vendor/idna) by extensions ['python_setup_py']
[0.623s] Level 1:colcon.colcon_core.package_identification:_identify(atob/venv/lib/python3.12/site-packages/pip/_vendor/idna) by extension 'python_setup_py'
[0.623s] Level 1:colcon.colcon_core.package_identification:_identify(atob/venv/lib/python3.12/site-packages/pip/_vendor/idna/__pycache__) by extensions ['ignore', 'ignore_ament_install']
[0.623s] Level 1:colcon.colcon_core.package_identification:_identify(atob/venv/lib/python3.12/site-packages/pip/_vendor/idna/__pycache__) by extension 'ignore'
[0.624s] Level 1:colcon.colcon_core.package_identification:_identify(atob/venv/lib/python3.12/site-packages/pip/_vendor/idna/__pycache__) by extension 'ignore_ament_install'
[0.624s] Level 1:colcon.colcon_core.package_identification:_identify(atob/venv/lib/python3.12/site-packages/pip/_vendor/idna/__pycache__) by extensions ['colcon_pkg']
[0.624s] Level 1:colcon.colcon_core.package_identification:_identify(atob/venv/lib/python3.12/site-packages/pip/_vendor/idna/__pycache__) by extension 'colcon_pkg'
[0.624s] Level 1:colcon.colcon_core.package_identification:_identify(atob/venv/lib/python3.12/site-packages/pip/_vendor/idna/__pycache__) by extensions ['colcon_meta']
[0.624s] Level 1:colcon.colcon_core.package_identification:_identify(atob/venv/lib/python3.12/site-packages/pip/_vendor/idna/__pycache__) by extension 'colcon_meta'
[0.624s] Level 1:colcon.colcon_core.package_identification:_identify(atob/venv/lib/python3.12/site-packages/pip/_vendor/idna/__pycache__) by extensions ['ros']
[0.624s] Level 1:colcon.colcon_core.package_identification:_identify(atob/venv/lib/python3.12/site-packages/pip/_vendor/idna/__pycache__) by extension 'ros'
[0.624s] Level 1:colcon.colcon_core.package_identification:_identify(atob/venv/lib/python3.12/site-packages/pip/_vendor/idna/__pycache__) by extensions ['cmake', 'python']
[0.624s] Level 1:colcon.colcon_core.package_identification:_identify(atob/venv/lib/python3.12/site-packages/pip/_vendor/idna/__pycache__) by extension 'cmake'
[0.624s] Level 1:colcon.colcon_core.package_identification:_identify(atob/venv/lib/python3.12/site-packages/pip/_vendor/idna/__pycache__) by extension 'python'
[0.624s] Level 1:colcon.colcon_core.package_identification:_identify(atob/venv/lib/python3.12/site-packages/pip/_vendor/idna/__pycache__) by extensions ['python_setup_py']
[0.624s] Level 1:colcon.colcon_core.package_identification:_identify(atob/venv/lib/python3.12/site-packages/pip/_vendor/idna/__pycache__) by extension 'python_setup_py'
[0.624s] Level 1:colcon.colcon_core.package_identification:_identify(atob/venv/lib/python3.12/site-packages/pip/_vendor/msgpack) by extensions ['ignore', 'ignore_ament_install']
[0.624s] Level 1:colcon.colcon_core.package_identification:_identify(atob/venv/lib/python3.12/site-packages/pip/_vendor/msgpack) by extension 'ignore'
[0.624s] Level 1:colcon.colcon_core.package_identification:_identify(atob/venv/lib/python3.12/site-packages/pip/_vendor/msgpack) by extension 'ignore_ament_install'
[0.624s] Level 1:colcon.colcon_core.package_identification:_identify(atob/venv/lib/python3.12/site-packages/pip/_vendor/msgpack) by extensions ['colcon_pkg']
[0.624s] Level 1:colcon.colcon_core.package_identification:_identify(atob/venv/lib/python3.12/site-packages/pip/_vendor/msgpack) by extension 'colcon_pkg'
[0.624s] Level 1:colcon.colcon_core.package_identification:_identify(atob/venv/lib/python3.12/site-packages/pip/_vendor/msgpack) by extensions ['colcon_meta']
[0.624s] Level 1:colcon.colcon_core.package_identification:_identify(atob/venv/lib/python3.12/site-packages/pip/_vendor/msgpack) by extension 'colcon_meta'
[0.625s] Level 1:colcon.colcon_core.package_identification:_identify(atob/venv/lib/python3.12/site-packages/pip/_vendor/msgpack) by extensions ['ros']
[0.625s] Level 1:colcon.colcon_core.package_identification:_identify(atob/venv/lib/python3.12/site-packages/pip/_vendor/msgpack) by extension 'ros'
[0.625s] Level 1:colcon.colcon_core.package_identification:_identify(atob/venv/lib/python3.12/site-packages/pip/_vendor/msgpack) by extensions ['cmake', 'python']
[0.625s] Level 1:colcon.colcon_core.package_identification:_identify(atob/venv/lib/python3.12/site-packages/pip/_vendor/msgpack) by extension 'cmake'
[0.625s] Level 1:colcon.colcon_core.package_identification:_identify(atob/venv/lib/python3.12/site-packages/pip/_vendor/msgpack) by extension 'python'
[0.625s] Level 1:colcon.colcon_core.package_identification:_identify(atob/venv/lib/python3.12/site-packages/pip/_vendor/msgpack) by extensions ['python_setup_py']
[0.625s] Level 1:colcon.colcon_core.package_identification:_identify(atob/venv/lib/python3.12/site-packages/pip/_vendor/msgpack) by extension 'python_setup_py'
[0.625s] Level 1:colcon.colcon_core.package_identification:_identify(atob/venv/lib/python3.12/site-packages/pip/_vendor/msgpack/__pycache__) by extensions ['ignore', 'ignore_ament_install']
[0.625s] Level 1:colcon.colcon_core.package_identification:_identify(atob/venv/lib/python3.12/site-packages/pip/_vendor/msgpack/__pycache__) by extension 'ignore'
[0.625s] Level 1:colcon.colcon_core.package_identification:_identify(atob/venv/lib/python3.12/site-packages/pip/_vendor/msgpack/__pycache__) by extension 'ignore_ament_install'
[0.625s] Level 1:colcon.colcon_core.package_identification:_identify(atob/venv/lib/python3.12/site-packages/pip/_vendor/msgpack/__pycache__) by extensions ['colcon_pkg']
[0.625s] Level 1:colcon.colcon_core.package_identification:_identify(atob/venv/lib/python3.12/site-packages/pip/_vendor/msgpack/__pycache__) by extension 'colcon_pkg'
[0.625s] Level 1:colcon.colcon_core.package_identification:_identify(atob/venv/lib/python3.12/site-packages/pip/_vendor/msgpack/__pycache__) by extensions ['colcon_meta']
[0.625s] Level 1:colcon.colcon_core.package_identification:_identify(atob/venv/lib/python3.12/site-packages/pip/_vendor/msgpack/__pycache__) by extension 'colcon_meta'
[0.625s] Level 1:colcon.colcon_core.package_identification:_identify(atob/venv/lib/python3.12/site-packages/pip/_vendor/msgpack/__pycache__) by extensions ['ros']
[0.625s] Level 1:colcon.colcon_core.package_identification:_identify(atob/venv/lib/python3.12/site-packages/pip/_vendor/msgpack/__pycache__) by extension 'ros'
[0.625s] Level 1:colcon.colcon_core.package_identification:_identify(atob/venv/lib/python3.12/site-packages/pip/_vendor/msgpack/__pycache__) by extensions ['cmake', 'python']
[0.625s] Level 1:colcon.colcon_core.package_identification:_identify(atob/venv/lib/python3.12/site-packages/pip/_vendor/msgpack/__pycache__) by extension 'cmake'
[0.625s] Level 1:colcon.colcon_core.package_identification:_identify(atob/venv/lib/python3.12/site-packages/pip/_vendor/msgpack/__pycache__) by extension 'python'
[0.626s] Level 1:colcon.colcon_core.package_identification:_identify(atob/venv/lib/python3.12/site-packages/pip/_vendor/msgpack/__pycache__) by extensions ['python_setup_py']
[0.626s] Level 1:colcon.colcon_core.package_identification:_identify(atob/venv/lib/python3.12/site-packages/pip/_vendor/msgpack/__pycache__) by extension 'python_setup_py'
[0.626s] Level 1:colcon.colcon_core.package_identification:_identify(atob/venv/lib/python3.12/site-packages/pip/_vendor/packaging) by extensions ['ignore', 'ignore_ament_install']
[0.626s] Level 1:colcon.colcon_core.package_identification:_identify(atob/venv/lib/python3.12/site-packages/pip/_vendor/packaging) by extension 'ignore'
[0.626s] Level 1:colcon.colcon_core.package_identification:_identify(atob/venv/lib/python3.12/site-packages/pip/_vendor/packaging) by extension 'ignore_ament_install'
[0.626s] Level 1:colcon.colcon_core.package_identification:_identify(atob/venv/lib/python3.12/site-packages/pip/_vendor/packaging) by extensions ['colcon_pkg']
[0.626s] Level 1:colcon.colcon_core.package_identification:_identify(atob/venv/lib/python3.12/site-packages/pip/_vendor/packaging) by extension 'colcon_pkg'
[0.626s] Level 1:colcon.colcon_core.package_identification:_identify(atob/venv/lib/python3.12/site-packages/pip/_vendor/packaging) by extensions ['colcon_meta']
[0.626s] Level 1:colcon.colcon_core.package_identification:_identify(atob/venv/lib/python3.12/site-packages/pip/_vendor/packaging) by extension 'colcon_meta'
[0.626s] Level 1:colcon.colcon_core.package_identification:_identify(atob/venv/lib/python3.12/site-packages/pip/_vendor/packaging) by extensions ['ros']
[0.626s] Level 1:colcon.colcon_core.package_identification:_identify(atob/venv/lib/python3.12/site-packages/pip/_vendor/packaging) by extension 'ros'
[0.626s] Level 1:colcon.colcon_core.package_identification:_identify(atob/venv/lib/python3.12/site-packages/pip/_vendor/packaging) by extensions ['cmake', 'python']
[0.626s] Level 1:colcon.colcon_core.package_identification:_identify(atob/venv/lib/python3.12/site-packages/pip/_vendor/packaging) by extension 'cmake'
[0.626s] Level 1:colcon.colcon_core.package_identification:_identify(atob/venv/lib/python3.12/site-packages/pip/_vendor/packaging) by extension 'python'
[0.626s] Level 1:colcon.colcon_core.package_identification:_identify(atob/venv/lib/python3.12/site-packages/pip/_vendor/packaging) by extensions ['python_setup_py']
[0.626s] Level 1:colcon.colcon_core.package_identification:_identify(atob/venv/lib/python3.12/site-packages/pip/_vendor/packaging) by extension 'python_setup_py'
[0.626s] Level 1:colcon.colcon_core.package_identification:_identify(atob/venv/lib/python3.12/site-packages/pip/_vendor/packaging/__pycache__) by extensions ['ignore', 'ignore_ament_install']
[0.627s] Level 1:colcon.colcon_core.package_identification:_identify(atob/venv/lib/python3.12/site-packages/pip/_vendor/packaging/__pycache__) by extension 'ignore'
[0.627s] Level 1:colcon.colcon_core.package_identification:_identify(atob/venv/lib/python3.12/site-packages/pip/_vendor/packaging/__pycache__) by extension 'ignore_ament_install'
[0.627s] Level 1:colcon.colcon_core.package_identification:_identify(atob/venv/lib/python3.12/site-packages/pip/_vendor/packaging/__pycache__) by extensions ['colcon_pkg']
[0.627s] Level 1:colcon.colcon_core.package_identification:_identify(atob/venv/lib/python3.12/site-packages/pip/_vendor/packaging/__pycache__) by extension 'colcon_pkg'
[0.627s] Level 1:colcon.colcon_core.package_identification:_identify(atob/venv/lib/python3.12/site-packages/pip/_vendor/packaging/__pycache__) by extensions ['colcon_meta']
[0.627s] Level 1:colcon.colcon_core.package_identification:_identify(atob/venv/lib/python3.12/site-packages/pip/_vendor/packaging/__pycache__) by extension 'colcon_meta'
[0.627s] Level 1:colcon.colcon_core.package_identification:_identify(atob/venv/lib/python3.12/site-packages/pip/_vendor/packaging/__pycache__) by extensions ['ros']
[0.627s] Level 1:colcon.colcon_core.package_identification:_identify(atob/venv/lib/python3.12/site-packages/pip/_vendor/packaging/__pycache__) by extension 'ros'
[0.627s] Level 1:colcon.colcon_core.package_identification:_identify(atob/venv/lib/python3.12/site-packages/pip/_vendor/packaging/__pycache__) by extensions ['cmake', 'python']
[0.627s] Level 1:colcon.colcon_core.package_identification:_identify(atob/venv/lib/python3.12/site-packages/pip/_vendor/packaging/__pycache__) by extension 'cmake'
[0.627s] Level 1:colcon.colcon_core.package_identification:_identify(atob/venv/lib/python3.12/site-packages/pip/_vendor/packaging/__pycache__) by extension 'python'
[0.627s] Level 1:colcon.colcon_core.package_identification:_identify(atob/venv/lib/python3.12/site-packages/pip/_vendor/packaging/__pycache__) by extensions ['python_setup_py']
[0.627s] Level 1:colcon.colcon_core.package_identification:_identify(atob/venv/lib/python3.12/site-packages/pip/_vendor/packaging/__pycache__) by extension 'python_setup_py'
[0.628s] Level 1:colcon.colcon_core.package_identification:_identify(atob/venv/lib/python3.12/site-packages/pip/_vendor/packaging/licenses) by extensions ['ignore', 'ignore_ament_install']
[0.628s] Level 1:colcon.colcon_core.package_identification:_identify(atob/venv/lib/python3.12/site-packages/pip/_vendor/packaging/licenses) by extension 'ignore'
[0.628s] Level 1:colcon.colcon_core.package_identification:_identify(atob/venv/lib/python3.12/site-packages/pip/_vendor/packaging/licenses) by extension 'ignore_ament_install'
[0.628s] Level 1:colcon.colcon_core.package_identification:_identify(atob/venv/lib/python3.12/site-packages/pip/_vendor/packaging/licenses) by extensions ['colcon_pkg']
[0.628s] Level 1:colcon.colcon_core.package_identification:_identify(atob/venv/lib/python3.12/site-packages/pip/_vendor/packaging/licenses) by extension 'colcon_pkg'
[0.628s] Level 1:colcon.colcon_core.package_identification:_identify(atob/venv/lib/python3.12/site-packages/pip/_vendor/packaging/licenses) by extensions ['colcon_meta']
[0.628s] Level 1:colcon.colcon_core.package_identification:_identify(atob/venv/lib/python3.12/site-packages/pip/_vendor/packaging/licenses) by extension 'colcon_meta'
[0.628s] Level 1:colcon.colcon_core.package_identification:_identify(atob/venv/lib/python3.12/site-packages/pip/_vendor/packaging/licenses) by extensions ['ros']
[0.628s] Level 1:colcon.colcon_core.package_identification:_identify(atob/venv/lib/python3.12/site-packages/pip/_vendor/packaging/licenses) by extension 'ros'
[0.628s] Level 1:colcon.colcon_core.package_identification:_identify(atob/venv/lib/python3.12/site-packages/pip/_vendor/packaging/licenses) by extensions ['cmake', 'python']
[0.628s] Level 1:colcon.colcon_core.package_identification:_identify(atob/venv/lib/python3.12/site-packages/pip/_vendor/packaging/licenses) by extension 'cmake'
[0.628s] Level 1:colcon.colcon_core.package_identification:_identify(atob/venv/lib/python3.12/site-packages/pip/_vendor/packaging/licenses) by extension 'python'
[0.628s] Level 1:colcon.colcon_core.package_identification:_identify(atob/venv/lib/python3.12/site-packages/pip/_vendor/packaging/licenses) by extensions ['python_setup_py']
[0.628s] Level 1:colcon.colcon_core.package_identification:_identify(atob/venv/lib/python3.12/site-packages/pip/_vendor/packaging/licenses) by extension 'python_setup_py'
[0.628s] Level 1:colcon.colcon_core.package_identification:_identify(atob/venv/lib/python3.12/site-packages/pip/_vendor/packaging/licenses/__pycache__) by extensions ['ignore', 'ignore_ament_install']
[0.628s] Level 1:colcon.colcon_core.package_identification:_identify(atob/venv/lib/python3.12/site-packages/pip/_vendor/packaging/licenses/__pycache__) by extension 'ignore'
[0.629s] Level 1:colcon.colcon_core.package_identification:_identify(atob/venv/lib/python3.12/site-packages/pip/_vendor/packaging/licenses/__pycache__) by extension 'ignore_ament_install'
[0.629s] Level 1:colcon.colcon_core.package_identification:_identify(atob/venv/lib/python3.12/site-packages/pip/_vendor/packaging/licenses/__pycache__) by extensions ['colcon_pkg']
[0.629s] Level 1:colcon.colcon_core.package_identification:_identify(atob/venv/lib/python3.12/site-packages/pip/_vendor/packaging/licenses/__pycache__) by extension 'colcon_pkg'
[0.629s] Level 1:colcon.colcon_core.package_identification:_identify(atob/venv/lib/python3.12/site-packages/pip/_vendor/packaging/licenses/__pycache__) by extensions ['colcon_meta']
[0.629s] Level 1:colcon.colcon_core.package_identification:_identify(atob/venv/lib/python3.12/site-packages/pip/_vendor/packaging/licenses/__pycache__) by extension 'colcon_meta'
[0.629s] Level 1:colcon.colcon_core.package_identification:_identify(atob/venv/lib/python3.12/site-packages/pip/_vendor/packaging/licenses/__pycache__) by extensions ['ros']
[0.629s] Level 1:colcon.colcon_core.package_identification:_identify(atob/venv/lib/python3.12/site-packages/pip/_vendor/packaging/licenses/__pycache__) by extension 'ros'
[0.629s] Level 1:colcon.colcon_core.package_identification:_identify(atob/venv/lib/python3.12/site-packages/pip/_vendor/packaging/licenses/__pycache__) by extensions ['cmake', 'python']
[0.629s] Level 1:colcon.colcon_core.package_identification:_identify(atob/venv/lib/python3.12/site-packages/pip/_vendor/packaging/licenses/__pycache__) by extension 'cmake'
[0.629s] Level 1:colcon.colcon_core.package_identification:_identify(atob/venv/lib/python3.12/site-packages/pip/_vendor/packaging/licenses/__pycache__) by extension 'python'
[0.629s] Level 1:colcon.colcon_core.package_identification:_identify(atob/venv/lib/python3.12/site-packages/pip/_vendor/packaging/licenses/__pycache__) by extensions ['python_setup_py']
[0.629s] Level 1:colcon.colcon_core.package_identification:_identify(atob/venv/lib/python3.12/site-packages/pip/_vendor/packaging/licenses/__pycache__) by extension 'python_setup_py'
[0.629s] Level 1:colcon.colcon_core.package_identification:_identify(atob/venv/lib/python3.12/site-packages/pip/_vendor/pkg_resources) by extensions ['ignore', 'ignore_ament_install']
[0.629s] Level 1:colcon.colcon_core.package_identification:_identify(atob/venv/lib/python3.12/site-packages/pip/_vendor/pkg_resources) by extension 'ignore'
[0.629s] Level 1:colcon.colcon_core.package_identification:_identify(atob/venv/lib/python3.12/site-packages/pip/_vendor/pkg_resources) by extension 'ignore_ament_install'
[0.629s] Level 1:colcon.colcon_core.package_identification:_identify(atob/venv/lib/python3.12/site-packages/pip/_vendor/pkg_resources) by extensions ['colcon_pkg']
[0.629s] Level 1:colcon.colcon_core.package_identification:_identify(atob/venv/lib/python3.12/site-packages/pip/_vendor/pkg_resources) by extension 'colcon_pkg'
[0.630s] Level 1:colcon.colcon_core.package_identification:_identify(atob/venv/lib/python3.12/site-packages/pip/_vendor/pkg_resources) by extensions ['colcon_meta']
[0.630s] Level 1:colcon.colcon_core.package_identification:_identify(atob/venv/lib/python3.12/site-packages/pip/_vendor/pkg_resources) by extension 'colcon_meta'
[0.630s] Level 1:colcon.colcon_core.package_identification:_identify(atob/venv/lib/python3.12/site-packages/pip/_vendor/pkg_resources) by extensions ['ros']
[0.630s] Level 1:colcon.colcon_core.package_identification:_identify(atob/venv/lib/python3.12/site-packages/pip/_vendor/pkg_resources) by extension 'ros'
[0.630s] Level 1:colcon.colcon_core.package_identification:_identify(atob/venv/lib/python3.12/site-packages/pip/_vendor/pkg_resources) by extensions ['cmake', 'python']
[0.630s] Level 1:colcon.colcon_core.package_identification:_identify(atob/venv/lib/python3.12/site-packages/pip/_vendor/pkg_resources) by extension 'cmake'
[0.630s] Level 1:colcon.colcon_core.package_identification:_identify(atob/venv/lib/python3.12/site-packages/pip/_vendor/pkg_resources) by extension 'python'
[0.630s] Level 1:colcon.colcon_core.package_identification:_identify(atob/venv/lib/python3.12/site-packages/pip/_vendor/pkg_resources) by extensions ['python_setup_py']
[0.630s] Level 1:colcon.colcon_core.package_identification:_identify(atob/venv/lib/python3.12/site-packages/pip/_vendor/pkg_resources) by extension 'python_setup_py'
[0.630s] Level 1:colcon.colcon_core.package_identification:_identify(atob/venv/lib/python3.12/site-packages/pip/_vendor/pkg_resources/__pycache__) by extensions ['ignore', 'ignore_ament_install']
[0.630s] Level 1:colcon.colcon_core.package_identification:_identify(atob/venv/lib/python3.12/site-packages/pip/_vendor/pkg_resources/__pycache__) by extension 'ignore'
[0.630s] Level 1:colcon.colcon_core.package_identification:_identify(atob/venv/lib/python3.12/site-packages/pip/_vendor/pkg_resources/__pycache__) by extension 'ignore_ament_install'
[0.630s] Level 1:colcon.colcon_core.package_identification:_identify(atob/venv/lib/python3.12/site-packages/pip/_vendor/pkg_resources/__pycache__) by extensions ['colcon_pkg']
[0.630s] Level 1:colcon.colcon_core.package_identification:_identify(atob/venv/lib/python3.12/site-packages/pip/_vendor/pkg_resources/__pycache__) by extension 'colcon_pkg'
[0.630s] Level 1:colcon.colcon_core.package_identification:_identify(atob/venv/lib/python3.12/site-packages/pip/_vendor/pkg_resources/__pycache__) by extensions ['colcon_meta']
[0.630s] Level 1:colcon.colcon_core.package_identification:_identify(atob/venv/lib/python3.12/site-packages/pip/_vendor/pkg_resources/__pycache__) by extension 'colcon_meta'
[0.630s] Level 1:colcon.colcon_core.package_identification:_identify(atob/venv/lib/python3.12/site-packages/pip/_vendor/pkg_resources/__pycache__) by extensions ['ros']
[0.630s] Level 1:colcon.colcon_core.package_identification:_identify(atob/venv/lib/python3.12/site-packages/pip/_vendor/pkg_resources/__pycache__) by extension 'ros'
[0.631s] Level 1:colcon.colcon_core.package_identification:_identify(atob/venv/lib/python3.12/site-packages/pip/_vendor/pkg_resources/__pycache__) by extensions ['cmake', 'python']
[0.631s] Level 1:colcon.colcon_core.package_identification:_identify(atob/venv/lib/python3.12/site-packages/pip/_vendor/pkg_resources/__pycache__) by extension 'cmake'
[0.631s] Level 1:colcon.colcon_core.package_identification:_identify(atob/venv/lib/python3.12/site-packages/pip/_vendor/pkg_resources/__pycache__) by extension 'python'
[0.631s] Level 1:colcon.colcon_core.package_identification:_identify(atob/venv/lib/python3.12/site-packages/pip/_vendor/pkg_resources/__pycache__) by extensions ['python_setup_py']
[0.631s] Level 1:colcon.colcon_core.package_identification:_identify(atob/venv/lib/python3.12/site-packages/pip/_vendor/pkg_resources/__pycache__) by extension 'python_setup_py'
[0.631s] Level 1:colcon.colcon_core.package_identification:_identify(atob/venv/lib/python3.12/site-packages/pip/_vendor/platformdirs) by extensions ['ignore', 'ignore_ament_install']
[0.631s] Level 1:colcon.colcon_core.package_identification:_identify(atob/venv/lib/python3.12/site-packages/pip/_vendor/platformdirs) by extension 'ignore'
[0.631s] Level 1:colcon.colcon_core.package_identification:_identify(atob/venv/lib/python3.12/site-packages/pip/_vendor/platformdirs) by extension 'ignore_ament_install'
[0.631s] Level 1:colcon.colcon_core.package_identification:_identify(atob/venv/lib/python3.12/site-packages/pip/_vendor/platformdirs) by extensions ['colcon_pkg']
[0.631s] Level 1:colcon.colcon_core.package_identification:_identify(atob/venv/lib/python3.12/site-packages/pip/_vendor/platformdirs) by extension 'colcon_pkg'
[0.631s] Level 1:colcon.colcon_core.package_identification:_identify(atob/venv/lib/python3.12/site-packages/pip/_vendor/platformdirs) by extensions ['colcon_meta']
[0.631s] Level 1:colcon.colcon_core.package_identification:_identify(atob/venv/lib/python3.12/site-packages/pip/_vendor/platformdirs) by extension 'colcon_meta'
[0.631s] Level 1:colcon.colcon_core.package_identification:_identify(atob/venv/lib/python3.12/site-packages/pip/_vendor/platformdirs) by extensions ['ros']
[0.631s] Level 1:colcon.colcon_core.package_identification:_identify(atob/venv/lib/python3.12/site-packages/pip/_vendor/platformdirs) by extension 'ros'
[0.631s] Level 1:colcon.colcon_core.package_identification:_identify(atob/venv/lib/python3.12/site-packages/pip/_vendor/platformdirs) by extensions ['cmake', 'python']
[0.631s] Level 1:colcon.colcon_core.package_identification:_identify(atob/venv/lib/python3.12/site-packages/pip/_vendor/platformdirs) by extension 'cmake'
[0.631s] Level 1:colcon.colcon_core.package_identification:_identify(atob/venv/lib/python3.12/site-packages/pip/_vendor/platformdirs) by extension 'python'
[0.631s] Level 1:colcon.colcon_core.package_identification:_identify(atob/venv/lib/python3.12/site-packages/pip/_vendor/platformdirs) by extensions ['python_setup_py']
[0.631s] Level 1:colcon.colcon_core.package_identification:_identify(atob/venv/lib/python3.12/site-packages/pip/_vendor/platformdirs) by extension 'python_setup_py'
[0.632s] Level 1:colcon.colcon_core.package_identification:_identify(atob/venv/lib/python3.12/site-packages/pip/_vendor/platformdirs/__pycache__) by extensions ['ignore', 'ignore_ament_install']
[0.632s] Level 1:colcon.colcon_core.package_identification:_identify(atob/venv/lib/python3.12/site-packages/pip/_vendor/platformdirs/__pycache__) by extension 'ignore'
[0.632s] Level 1:colcon.colcon_core.package_identification:_identify(atob/venv/lib/python3.12/site-packages/pip/_vendor/platformdirs/__pycache__) by extension 'ignore_ament_install'
[0.632s] Level 1:colcon.colcon_core.package_identification:_identify(atob/venv/lib/python3.12/site-packages/pip/_vendor/platformdirs/__pycache__) by extensions ['colcon_pkg']
[0.632s] Level 1:colcon.colcon_core.package_identification:_identify(atob/venv/lib/python3.12/site-packages/pip/_vendor/platformdirs/__pycache__) by extension 'colcon_pkg'
[0.632s] Level 1:colcon.colcon_core.package_identification:_identify(atob/venv/lib/python3.12/site-packages/pip/_vendor/platformdirs/__pycache__) by extensions ['colcon_meta']
[0.632s] Level 1:colcon.colcon_core.package_identification:_identify(atob/venv/lib/python3.12/site-packages/pip/_vendor/platformdirs/__pycache__) by extension 'colcon_meta'
[0.632s] Level 1:colcon.colcon_core.package_identification:_identify(atob/venv/lib/python3.12/site-packages/pip/_vendor/platformdirs/__pycache__) by extensions ['ros']
[0.632s] Level 1:colcon.colcon_core.package_identification:_identify(atob/venv/lib/python3.12/site-packages/pip/_vendor/platformdirs/__pycache__) by extension 'ros'
[0.632s] Level 1:colcon.colcon_core.package_identification:_identify(atob/venv/lib/python3.12/site-packages/pip/_vendor/platformdirs/__pycache__) by extensions ['cmake', 'python']
[0.632s] Level 1:colcon.colcon_core.package_identification:_identify(atob/venv/lib/python3.12/site-packages/pip/_vendor/platformdirs/__pycache__) by extension 'cmake'
[0.632s] Level 1:colcon.colcon_core.package_identification:_identify(atob/venv/lib/python3.12/site-packages/pip/_vendor/platformdirs/__pycache__) by extension 'python'
[0.632s] Level 1:colcon.colcon_core.package_identification:_identify(atob/venv/lib/python3.12/site-packages/pip/_vendor/platformdirs/__pycache__) by extensions ['python_setup_py']
[0.632s] Level 1:colcon.colcon_core.package_identification:_identify(atob/venv/lib/python3.12/site-packages/pip/_vendor/platformdirs/__pycache__) by extension 'python_setup_py'
[0.632s] Level 1:colcon.colcon_core.package_identification:_identify(atob/venv/lib/python3.12/site-packages/pip/_vendor/pygments) by extensions ['ignore', 'ignore_ament_install']
[0.632s] Level 1:colcon.colcon_core.package_identification:_identify(atob/venv/lib/python3.12/site-packages/pip/_vendor/pygments) by extension 'ignore'
[0.633s] Level 1:colcon.colcon_core.package_identification:_identify(atob/venv/lib/python3.12/site-packages/pip/_vendor/pygments) by extension 'ignore_ament_install'
[0.633s] Level 1:colcon.colcon_core.package_identification:_identify(atob/venv/lib/python3.12/site-packages/pip/_vendor/pygments) by extensions ['colcon_pkg']
[0.633s] Level 1:colcon.colcon_core.package_identification:_identify(atob/venv/lib/python3.12/site-packages/pip/_vendor/pygments) by extension 'colcon_pkg'
[0.633s] Level 1:colcon.colcon_core.package_identification:_identify(atob/venv/lib/python3.12/site-packages/pip/_vendor/pygments) by extensions ['colcon_meta']
[0.633s] Level 1:colcon.colcon_core.package_identification:_identify(atob/venv/lib/python3.12/site-packages/pip/_vendor/pygments) by extension 'colcon_meta'
[0.633s] Level 1:colcon.colcon_core.package_identification:_identify(atob/venv/lib/python3.12/site-packages/pip/_vendor/pygments) by extensions ['ros']
[0.633s] Level 1:colcon.colcon_core.package_identification:_identify(atob/venv/lib/python3.12/site-packages/pip/_vendor/pygments) by extension 'ros'
[0.633s] Level 1:colcon.colcon_core.package_identification:_identify(atob/venv/lib/python3.12/site-packages/pip/_vendor/pygments) by extensions ['cmake', 'python']
[0.633s] Level 1:colcon.colcon_core.package_identification:_identify(atob/venv/lib/python3.12/site-packages/pip/_vendor/pygments) by extension 'cmake'
[0.633s] Level 1:colcon.colcon_core.package_identification:_identify(atob/venv/lib/python3.12/site-packages/pip/_vendor/pygments) by extension 'python'
[0.633s] Level 1:colcon.colcon_core.package_identification:_identify(atob/venv/lib/python3.12/site-packages/pip/_vendor/pygments) by extensions ['python_setup_py']
[0.633s] Level 1:colcon.colcon_core.package_identification:_identify(atob/venv/lib/python3.12/site-packages/pip/_vendor/pygments) by extension 'python_setup_py'
[0.633s] Level 1:colcon.colcon_core.package_identification:_identify(atob/venv/lib/python3.12/site-packages/pip/_vendor/pygments/__pycache__) by extensions ['ignore', 'ignore_ament_install']
[0.633s] Level 1:colcon.colcon_core.package_identification:_identify(atob/venv/lib/python3.12/site-packages/pip/_vendor/pygments/__pycache__) by extension 'ignore'
[0.633s] Level 1:colcon.colcon_core.package_identification:_identify(atob/venv/lib/python3.12/site-packages/pip/_vendor/pygments/__pycache__) by extension 'ignore_ament_install'
[0.633s] Level 1:colcon.colcon_core.package_identification:_identify(atob/venv/lib/python3.12/site-packages/pip/_vendor/pygments/__pycache__) by extensions ['colcon_pkg']
[0.634s] Level 1:colcon.colcon_core.package_identification:_identify(atob/venv/lib/python3.12/site-packages/pip/_vendor/pygments/__pycache__) by extension 'colcon_pkg'
[0.634s] Level 1:colcon.colcon_core.package_identification:_identify(atob/venv/lib/python3.12/site-packages/pip/_vendor/pygments/__pycache__) by extensions ['colcon_meta']
[0.634s] Level 1:colcon.colcon_core.package_identification:_identify(atob/venv/lib/python3.12/site-packages/pip/_vendor/pygments/__pycache__) by extension 'colcon_meta'
[0.634s] Level 1:colcon.colcon_core.package_identification:_identify(atob/venv/lib/python3.12/site-packages/pip/_vendor/pygments/__pycache__) by extensions ['ros']
[0.634s] Level 1:colcon.colcon_core.package_identification:_identify(atob/venv/lib/python3.12/site-packages/pip/_vendor/pygments/__pycache__) by extension 'ros'
[0.634s] Level 1:colcon.colcon_core.package_identification:_identify(atob/venv/lib/python3.12/site-packages/pip/_vendor/pygments/__pycache__) by extensions ['cmake', 'python']
[0.634s] Level 1:colcon.colcon_core.package_identification:_identify(atob/venv/lib/python3.12/site-packages/pip/_vendor/pygments/__pycache__) by extension 'cmake'
[0.634s] Level 1:colcon.colcon_core.package_identification:_identify(atob/venv/lib/python3.12/site-packages/pip/_vendor/pygments/__pycache__) by extension 'python'
[0.634s] Level 1:colcon.colcon_core.package_identification:_identify(atob/venv/lib/python3.12/site-packages/pip/_vendor/pygments/__pycache__) by extensions ['python_setup_py']
[0.634s] Level 1:colcon.colcon_core.package_identification:_identify(atob/venv/lib/python3.12/site-packages/pip/_vendor/pygments/__pycache__) by extension 'python_setup_py'
[0.634s] Level 1:colcon.colcon_core.package_identification:_identify(atob/venv/lib/python3.12/site-packages/pip/_vendor/pygments/filters) by extensions ['ignore', 'ignore_ament_install']
[0.634s] Level 1:colcon.colcon_core.package_identification:_identify(atob/venv/lib/python3.12/site-packages/pip/_vendor/pygments/filters) by extension 'ignore'
[0.634s] Level 1:colcon.colcon_core.package_identification:_identify(atob/venv/lib/python3.12/site-packages/pip/_vendor/pygments/filters) by extension 'ignore_ament_install'
[0.634s] Level 1:colcon.colcon_core.package_identification:_identify(atob/venv/lib/python3.12/site-packages/pip/_vendor/pygments/filters) by extensions ['colcon_pkg']
[0.634s] Level 1:colcon.colcon_core.package_identification:_identify(atob/venv/lib/python3.12/site-packages/pip/_vendor/pygments/filters) by extension 'colcon_pkg'
[0.634s] Level 1:colcon.colcon_core.package_identification:_identify(atob/venv/lib/python3.12/site-packages/pip/_vendor/pygments/filters) by extensions ['colcon_meta']
[0.634s] Level 1:colcon.colcon_core.package_identification:_identify(atob/venv/lib/python3.12/site-packages/pip/_vendor/pygments/filters) by extension 'colcon_meta'
[0.634s] Level 1:colcon.colcon_core.package_identification:_identify(atob/venv/lib/python3.12/site-packages/pip/_vendor/pygments/filters) by extensions ['ros']
[0.634s] Level 1:colcon.colcon_core.package_identification:_identify(atob/venv/lib/python3.12/site-packages/pip/_vendor/pygments/filters) by extension 'ros'
[0.635s] Level 1:colcon.colcon_core.package_identification:_identify(atob/venv/lib/python3.12/site-packages/pip/_vendor/pygments/filters) by extensions ['cmake', 'python']
[0.635s] Level 1:colcon.colcon_core.package_identification:_identify(atob/venv/lib/python3.12/site-packages/pip/_vendor/pygments/filters) by extension 'cmake'
[0.635s] Level 1:colcon.colcon_core.package_identification:_identify(atob/venv/lib/python3.12/site-packages/pip/_vendor/pygments/filters) by extension 'python'
[0.635s] Level 1:colcon.colcon_core.package_identification:_identify(atob/venv/lib/python3.12/site-packages/pip/_vendor/pygments/filters) by extensions ['python_setup_py']
[0.635s] Level 1:colcon.colcon_core.package_identification:_identify(atob/venv/lib/python3.12/site-packages/pip/_vendor/pygments/filters) by extension 'python_setup_py'
[0.635s] Level 1:colcon.colcon_core.package_identification:_identify(atob/venv/lib/python3.12/site-packages/pip/_vendor/pygments/filters/__pycache__) by extensions ['ignore', 'ignore_ament_install']
[0.635s] Level 1:colcon.colcon_core.package_identification:_identify(atob/venv/lib/python3.12/site-packages/pip/_vendor/pygments/filters/__pycache__) by extension 'ignore'
[0.635s] Level 1:colcon.colcon_core.package_identification:_identify(atob/venv/lib/python3.12/site-packages/pip/_vendor/pygments/filters/__pycache__) by extension 'ignore_ament_install'
[0.635s] Level 1:colcon.colcon_core.package_identification:_identify(atob/venv/lib/python3.12/site-packages/pip/_vendor/pygments/filters/__pycache__) by extensions ['colcon_pkg']
[0.635s] Level 1:colcon.colcon_core.package_identification:_identify(atob/venv/lib/python3.12/site-packages/pip/_vendor/pygments/filters/__pycache__) by extension 'colcon_pkg'
[0.635s] Level 1:colcon.colcon_core.package_identification:_identify(atob/venv/lib/python3.12/site-packages/pip/_vendor/pygments/filters/__pycache__) by extensions ['colcon_meta']
[0.635s] Level 1:colcon.colcon_core.package_identification:_identify(atob/venv/lib/python3.12/site-packages/pip/_vendor/pygments/filters/__pycache__) by extension 'colcon_meta'
[0.635s] Level 1:colcon.colcon_core.package_identification:_identify(atob/venv/lib/python3.12/site-packages/pip/_vendor/pygments/filters/__pycache__) by extensions ['ros']
[0.635s] Level 1:colcon.colcon_core.package_identification:_identify(atob/venv/lib/python3.12/site-packages/pip/_vendor/pygments/filters/__pycache__) by extension 'ros'
[0.635s] Level 1:colcon.colcon_core.package_identification:_identify(atob/venv/lib/python3.12/site-packages/pip/_vendor/pygments/filters/__pycache__) by extensions ['cmake', 'python']
[0.635s] Level 1:colcon.colcon_core.package_identification:_identify(atob/venv/lib/python3.12/site-packages/pip/_vendor/pygments/filters/__pycache__) by extension 'cmake'
[0.635s] Level 1:colcon.colcon_core.package_identification:_identify(atob/venv/lib/python3.12/site-packages/pip/_vendor/pygments/filters/__pycache__) by extension 'python'
[0.635s] Level 1:colcon.colcon_core.package_identification:_identify(atob/venv/lib/python3.12/site-packages/pip/_vendor/pygments/filters/__pycache__) by extensions ['python_setup_py']
[0.636s] Level 1:colcon.colcon_core.package_identification:_identify(atob/venv/lib/python3.12/site-packages/pip/_vendor/pygments/filters/__pycache__) by extension 'python_setup_py'
[0.636s] Level 1:colcon.colcon_core.package_identification:_identify(atob/venv/lib/python3.12/site-packages/pip/_vendor/pygments/formatters) by extensions ['ignore', 'ignore_ament_install']
[0.636s] Level 1:colcon.colcon_core.package_identification:_identify(atob/venv/lib/python3.12/site-packages/pip/_vendor/pygments/formatters) by extension 'ignore'
[0.636s] Level 1:colcon.colcon_core.package_identification:_identify(atob/venv/lib/python3.12/site-packages/pip/_vendor/pygments/formatters) by extension 'ignore_ament_install'
[0.636s] Level 1:colcon.colcon_core.package_identification:_identify(atob/venv/lib/python3.12/site-packages/pip/_vendor/pygments/formatters) by extensions ['colcon_pkg']
[0.636s] Level 1:colcon.colcon_core.package_identification:_identify(atob/venv/lib/python3.12/site-packages/pip/_vendor/pygments/formatters) by extension 'colcon_pkg'
[0.636s] Level 1:colcon.colcon_core.package_identification:_identify(atob/venv/lib/python3.12/site-packages/pip/_vendor/pygments/formatters) by extensions ['colcon_meta']
[0.636s] Level 1:colcon.colcon_core.package_identification:_identify(atob/venv/lib/python3.12/site-packages/pip/_vendor/pygments/formatters) by extension 'colcon_meta'
[0.636s] Level 1:colcon.colcon_core.package_identification:_identify(atob/venv/lib/python3.12/site-packages/pip/_vendor/pygments/formatters) by extensions ['ros']
[0.636s] Level 1:colcon.colcon_core.package_identification:_identify(atob/venv/lib/python3.12/site-packages/pip/_vendor/pygments/formatters) by extension 'ros'
[0.636s] Level 1:colcon.colcon_core.package_identification:_identify(atob/venv/lib/python3.12/site-packages/pip/_vendor/pygments/formatters) by extensions ['cmake', 'python']
[0.636s] Level 1:colcon.colcon_core.package_identification:_identify(atob/venv/lib/python3.12/site-packages/pip/_vendor/pygments/formatters) by extension 'cmake'
[0.636s] Level 1:colcon.colcon_core.package_identification:_identify(atob/venv/lib/python3.12/site-packages/pip/_vendor/pygments/formatters) by extension 'python'
[0.637s] Level 1:colcon.colcon_core.package_identification:_identify(atob/venv/lib/python3.12/site-packages/pip/_vendor/pygments/formatters) by extensions ['python_setup_py']
[0.637s] Level 1:colcon.colcon_core.package_identification:_identify(atob/venv/lib/python3.12/site-packages/pip/_vendor/pygments/formatters) by extension 'python_setup_py'
[0.637s] Level 1:colcon.colcon_core.package_identification:_identify(atob/venv/lib/python3.12/site-packages/pip/_vendor/pygments/formatters/__pycache__) by extensions ['ignore', 'ignore_ament_install']
[0.637s] Level 1:colcon.colcon_core.package_identification:_identify(atob/venv/lib/python3.12/site-packages/pip/_vendor/pygments/formatters/__pycache__) by extension 'ignore'
[0.637s] Level 1:colcon.colcon_core.package_identification:_identify(atob/venv/lib/python3.12/site-packages/pip/_vendor/pygments/formatters/__pycache__) by extension 'ignore_ament_install'
[0.637s] Level 1:colcon.colcon_core.package_identification:_identify(atob/venv/lib/python3.12/site-packages/pip/_vendor/pygments/formatters/__pycache__) by extensions ['colcon_pkg']
[0.637s] Level 1:colcon.colcon_core.package_identification:_identify(atob/venv/lib/python3.12/site-packages/pip/_vendor/pygments/formatters/__pycache__) by extension 'colcon_pkg'
[0.637s] Level 1:colcon.colcon_core.package_identification:_identify(atob/venv/lib/python3.12/site-packages/pip/_vendor/pygments/formatters/__pycache__) by extensions ['colcon_meta']
[0.637s] Level 1:colcon.colcon_core.package_identification:_identify(atob/venv/lib/python3.12/site-packages/pip/_vendor/pygments/formatters/__pycache__) by extension 'colcon_meta'
[0.637s] Level 1:colcon.colcon_core.package_identification:_identify(atob/venv/lib/python3.12/site-packages/pip/_vendor/pygments/formatters/__pycache__) by extensions ['ros']
[0.637s] Level 1:colcon.colcon_core.package_identification:_identify(atob/venv/lib/python3.12/site-packages/pip/_vendor/pygments/formatters/__pycache__) by extension 'ros'
[0.637s] Level 1:colcon.colcon_core.package_identification:_identify(atob/venv/lib/python3.12/site-packages/pip/_vendor/pygments/formatters/__pycache__) by extensions ['cmake', 'python']
[0.637s] Level 1:colcon.colcon_core.package_identification:_identify(atob/venv/lib/python3.12/site-packages/pip/_vendor/pygments/formatters/__pycache__) by extension 'cmake'
[0.637s] Level 1:colcon.colcon_core.package_identification:_identify(atob/venv/lib/python3.12/site-packages/pip/_vendor/pygments/formatters/__pycache__) by extension 'python'
[0.637s] Level 1:colcon.colcon_core.package_identification:_identify(atob/venv/lib/python3.12/site-packages/pip/_vendor/pygments/formatters/__pycache__) by extensions ['python_setup_py']
[0.637s] Level 1:colcon.colcon_core.package_identification:_identify(atob/venv/lib/python3.12/site-packages/pip/_vendor/pygments/formatters/__pycache__) by extension 'python_setup_py'
[0.638s] Level 1:colcon.colcon_core.package_identification:_identify(atob/venv/lib/python3.12/site-packages/pip/_vendor/pygments/lexers) by extensions ['ignore', 'ignore_ament_install']
[0.638s] Level 1:colcon.colcon_core.package_identification:_identify(atob/venv/lib/python3.12/site-packages/pip/_vendor/pygments/lexers) by extension 'ignore'
[0.638s] Level 1:colcon.colcon_core.package_identification:_identify(atob/venv/lib/python3.12/site-packages/pip/_vendor/pygments/lexers) by extension 'ignore_ament_install'
[0.638s] Level 1:colcon.colcon_core.package_identification:_identify(atob/venv/lib/python3.12/site-packages/pip/_vendor/pygments/lexers) by extensions ['colcon_pkg']
[0.638s] Level 1:colcon.colcon_core.package_identification:_identify(atob/venv/lib/python3.12/site-packages/pip/_vendor/pygments/lexers) by extension 'colcon_pkg'
[0.638s] Level 1:colcon.colcon_core.package_identification:_identify(atob/venv/lib/python3.12/site-packages/pip/_vendor/pygments/lexers) by extensions ['colcon_meta']
[0.638s] Level 1:colcon.colcon_core.package_identification:_identify(atob/venv/lib/python3.12/site-packages/pip/_vendor/pygments/lexers) by extension 'colcon_meta'
[0.638s] Level 1:colcon.colcon_core.package_identification:_identify(atob/venv/lib/python3.12/site-packages/pip/_vendor/pygments/lexers) by extensions ['ros']
[0.638s] Level 1:colcon.colcon_core.package_identification:_identify(atob/venv/lib/python3.12/site-packages/pip/_vendor/pygments/lexers) by extension 'ros'
[0.638s] Level 1:colcon.colcon_core.package_identification:_identify(atob/venv/lib/python3.12/site-packages/pip/_vendor/pygments/lexers) by extensions ['cmake', 'python']
[0.638s] Level 1:colcon.colcon_core.package_identification:_identify(atob/venv/lib/python3.12/site-packages/pip/_vendor/pygments/lexers) by extension 'cmake'
[0.638s] Level 1:colcon.colcon_core.package_identification:_identify(atob/venv/lib/python3.12/site-packages/pip/_vendor/pygments/lexers) by extension 'python'
[0.638s] Level 1:colcon.colcon_core.package_identification:_identify(atob/venv/lib/python3.12/site-packages/pip/_vendor/pygments/lexers) by extensions ['python_setup_py']
[0.638s] Level 1:colcon.colcon_core.package_identification:_identify(atob/venv/lib/python3.12/site-packages/pip/_vendor/pygments/lexers) by extension 'python_setup_py'
[0.638s] Level 1:colcon.colcon_core.package_identification:_identify(atob/venv/lib/python3.12/site-packages/pip/_vendor/pygments/lexers/__pycache__) by extensions ['ignore', 'ignore_ament_install']
[0.638s] Level 1:colcon.colcon_core.package_identification:_identify(atob/venv/lib/python3.12/site-packages/pip/_vendor/pygments/lexers/__pycache__) by extension 'ignore'
[0.638s] Level 1:colcon.colcon_core.package_identification:_identify(atob/venv/lib/python3.12/site-packages/pip/_vendor/pygments/lexers/__pycache__) by extension 'ignore_ament_install'
[0.639s] Level 1:colcon.colcon_core.package_identification:_identify(atob/venv/lib/python3.12/site-packages/pip/_vendor/pygments/lexers/__pycache__) by extensions ['colcon_pkg']
[0.639s] Level 1:colcon.colcon_core.package_identification:_identify(atob/venv/lib/python3.12/site-packages/pip/_vendor/pygments/lexers/__pycache__) by extension 'colcon_pkg'
[0.639s] Level 1:colcon.colcon_core.package_identification:_identify(atob/venv/lib/python3.12/site-packages/pip/_vendor/pygments/lexers/__pycache__) by extensions ['colcon_meta']
[0.639s] Level 1:colcon.colcon_core.package_identification:_identify(atob/venv/lib/python3.12/site-packages/pip/_vendor/pygments/lexers/__pycache__) by extension 'colcon_meta'
[0.639s] Level 1:colcon.colcon_core.package_identification:_identify(atob/venv/lib/python3.12/site-packages/pip/_vendor/pygments/lexers/__pycache__) by extensions ['ros']
[0.639s] Level 1:colcon.colcon_core.package_identification:_identify(atob/venv/lib/python3.12/site-packages/pip/_vendor/pygments/lexers/__pycache__) by extension 'ros'
[0.639s] Level 1:colcon.colcon_core.package_identification:_identify(atob/venv/lib/python3.12/site-packages/pip/_vendor/pygments/lexers/__pycache__) by extensions ['cmake', 'python']
[0.639s] Level 1:colcon.colcon_core.package_identification:_identify(atob/venv/lib/python3.12/site-packages/pip/_vendor/pygments/lexers/__pycache__) by extension 'cmake'
[0.639s] Level 1:colcon.colcon_core.package_identification:_identify(atob/venv/lib/python3.12/site-packages/pip/_vendor/pygments/lexers/__pycache__) by extension 'python'
[0.639s] Level 1:colcon.colcon_core.package_identification:_identify(atob/venv/lib/python3.12/site-packages/pip/_vendor/pygments/lexers/__pycache__) by extensions ['python_setup_py']
[0.639s] Level 1:colcon.colcon_core.package_identification:_identify(atob/venv/lib/python3.12/site-packages/pip/_vendor/pygments/lexers/__pycache__) by extension 'python_setup_py'
[0.639s] Level 1:colcon.colcon_core.package_identification:_identify(atob/venv/lib/python3.12/site-packages/pip/_vendor/pygments/styles) by extensions ['ignore', 'ignore_ament_install']
[0.639s] Level 1:colcon.colcon_core.package_identification:_identify(atob/venv/lib/python3.12/site-packages/pip/_vendor/pygments/styles) by extension 'ignore'
[0.639s] Level 1:colcon.colcon_core.package_identification:_identify(atob/venv/lib/python3.12/site-packages/pip/_vendor/pygments/styles) by extension 'ignore_ament_install'
[0.639s] Level 1:colcon.colcon_core.package_identification:_identify(atob/venv/lib/python3.12/site-packages/pip/_vendor/pygments/styles) by extensions ['colcon_pkg']
[0.639s] Level 1:colcon.colcon_core.package_identification:_identify(atob/venv/lib/python3.12/site-packages/pip/_vendor/pygments/styles) by extension 'colcon_pkg'
[0.639s] Level 1:colcon.colcon_core.package_identification:_identify(atob/venv/lib/python3.12/site-packages/pip/_vendor/pygments/styles) by extensions ['colcon_meta']
[0.639s] Level 1:colcon.colcon_core.package_identification:_identify(atob/venv/lib/python3.12/site-packages/pip/_vendor/pygments/styles) by extension 'colcon_meta'
[0.639s] Level 1:colcon.colcon_core.package_identification:_identify(atob/venv/lib/python3.12/site-packages/pip/_vendor/pygments/styles) by extensions ['ros']
[0.640s] Level 1:colcon.colcon_core.package_identification:_identify(atob/venv/lib/python3.12/site-packages/pip/_vendor/pygments/styles) by extension 'ros'
[0.640s] Level 1:colcon.colcon_core.package_identification:_identify(atob/venv/lib/python3.12/site-packages/pip/_vendor/pygments/styles) by extensions ['cmake', 'python']
[0.640s] Level 1:colcon.colcon_core.package_identification:_identify(atob/venv/lib/python3.12/site-packages/pip/_vendor/pygments/styles) by extension 'cmake'
[0.640s] Level 1:colcon.colcon_core.package_identification:_identify(atob/venv/lib/python3.12/site-packages/pip/_vendor/pygments/styles) by extension 'python'
[0.640s] Level 1:colcon.colcon_core.package_identification:_identify(atob/venv/lib/python3.12/site-packages/pip/_vendor/pygments/styles) by extensions ['python_setup_py']
[0.640s] Level 1:colcon.colcon_core.package_identification:_identify(atob/venv/lib/python3.12/site-packages/pip/_vendor/pygments/styles) by extension 'python_setup_py'
[0.640s] Level 1:colcon.colcon_core.package_identification:_identify(atob/venv/lib/python3.12/site-packages/pip/_vendor/pygments/styles/__pycache__) by extensions ['ignore', 'ignore_ament_install']
[0.640s] Level 1:colcon.colcon_core.package_identification:_identify(atob/venv/lib/python3.12/site-packages/pip/_vendor/pygments/styles/__pycache__) by extension 'ignore'
[0.640s] Level 1:colcon.colcon_core.package_identification:_identify(atob/venv/lib/python3.12/site-packages/pip/_vendor/pygments/styles/__pycache__) by extension 'ignore_ament_install'
[0.640s] Level 1:colcon.colcon_core.package_identification:_identify(atob/venv/lib/python3.12/site-packages/pip/_vendor/pygments/styles/__pycache__) by extensions ['colcon_pkg']
[0.640s] Level 1:colcon.colcon_core.package_identification:_identify(atob/venv/lib/python3.12/site-packages/pip/_vendor/pygments/styles/__pycache__) by extension 'colcon_pkg'
[0.640s] Level 1:colcon.colcon_core.package_identification:_identify(atob/venv/lib/python3.12/site-packages/pip/_vendor/pygments/styles/__pycache__) by extensions ['colcon_meta']
[0.640s] Level 1:colcon.colcon_core.package_identification:_identify(atob/venv/lib/python3.12/site-packages/pip/_vendor/pygments/styles/__pycache__) by extension 'colcon_meta'
[0.640s] Level 1:colcon.colcon_core.package_identification:_identify(atob/venv/lib/python3.12/site-packages/pip/_vendor/pygments/styles/__pycache__) by extensions ['ros']
[0.640s] Level 1:colcon.colcon_core.package_identification:_identify(atob/venv/lib/python3.12/site-packages/pip/_vendor/pygments/styles/__pycache__) by extension 'ros'
[0.640s] Level 1:colcon.colcon_core.package_identification:_identify(atob/venv/lib/python3.12/site-packages/pip/_vendor/pygments/styles/__pycache__) by extensions ['cmake', 'python']
[0.640s] Level 1:colcon.colcon_core.package_identification:_identify(atob/venv/lib/python3.12/site-packages/pip/_vendor/pygments/styles/__pycache__) by extension 'cmake'
[0.640s] Level 1:colcon.colcon_core.package_identification:_identify(atob/venv/lib/python3.12/site-packages/pip/_vendor/pygments/styles/__pycache__) by extension 'python'
[0.641s] Level 1:colcon.colcon_core.package_identification:_identify(atob/venv/lib/python3.12/site-packages/pip/_vendor/pygments/styles/__pycache__) by extensions ['python_setup_py']
[0.641s] Level 1:colcon.colcon_core.package_identification:_identify(atob/venv/lib/python3.12/site-packages/pip/_vendor/pygments/styles/__pycache__) by extension 'python_setup_py'
[0.641s] Level 1:colcon.colcon_core.package_identification:_identify(atob/venv/lib/python3.12/site-packages/pip/_vendor/pyproject_hooks) by extensions ['ignore', 'ignore_ament_install']
[0.641s] Level 1:colcon.colcon_core.package_identification:_identify(atob/venv/lib/python3.12/site-packages/pip/_vendor/pyproject_hooks) by extension 'ignore'
[0.641s] Level 1:colcon.colcon_core.package_identification:_identify(atob/venv/lib/python3.12/site-packages/pip/_vendor/pyproject_hooks) by extension 'ignore_ament_install'
[0.641s] Level 1:colcon.colcon_core.package_identification:_identify(atob/venv/lib/python3.12/site-packages/pip/_vendor/pyproject_hooks) by extensions ['colcon_pkg']
[0.641s] Level 1:colcon.colcon_core.package_identification:_identify(atob/venv/lib/python3.12/site-packages/pip/_vendor/pyproject_hooks) by extension 'colcon_pkg'
[0.641s] Level 1:colcon.colcon_core.package_identification:_identify(atob/venv/lib/python3.12/site-packages/pip/_vendor/pyproject_hooks) by extensions ['colcon_meta']
[0.641s] Level 1:colcon.colcon_core.package_identification:_identify(atob/venv/lib/python3.12/site-packages/pip/_vendor/pyproject_hooks) by extension 'colcon_meta'
[0.641s] Level 1:colcon.colcon_core.package_identification:_identify(atob/venv/lib/python3.12/site-packages/pip/_vendor/pyproject_hooks) by extensions ['ros']
[0.641s] Level 1:colcon.colcon_core.package_identification:_identify(atob/venv/lib/python3.12/site-packages/pip/_vendor/pyproject_hooks) by extension 'ros'
[0.641s] Level 1:colcon.colcon_core.package_identification:_identify(atob/venv/lib/python3.12/site-packages/pip/_vendor/pyproject_hooks) by extensions ['cmake', 'python']
[0.641s] Level 1:colcon.colcon_core.package_identification:_identify(atob/venv/lib/python3.12/site-packages/pip/_vendor/pyproject_hooks) by extension 'cmake'
[0.641s] Level 1:colcon.colcon_core.package_identification:_identify(atob/venv/lib/python3.12/site-packages/pip/_vendor/pyproject_hooks) by extension 'python'
[0.641s] Level 1:colcon.colcon_core.package_identification:_identify(atob/venv/lib/python3.12/site-packages/pip/_vendor/pyproject_hooks) by extensions ['python_setup_py']
[0.641s] Level 1:colcon.colcon_core.package_identification:_identify(atob/venv/lib/python3.12/site-packages/pip/_vendor/pyproject_hooks) by extension 'python_setup_py'
[0.641s] Level 1:colcon.colcon_core.package_identification:_identify(atob/venv/lib/python3.12/site-packages/pip/_vendor/pyproject_hooks/__pycache__) by extensions ['ignore', 'ignore_ament_install']
[0.642s] Level 1:colcon.colcon_core.package_identification:_identify(atob/venv/lib/python3.12/site-packages/pip/_vendor/pyproject_hooks/__pycache__) by extension 'ignore'
[0.642s] Level 1:colcon.colcon_core.package_identification:_identify(atob/venv/lib/python3.12/site-packages/pip/_vendor/pyproject_hooks/__pycache__) by extension 'ignore_ament_install'
[0.642s] Level 1:colcon.colcon_core.package_identification:_identify(atob/venv/lib/python3.12/site-packages/pip/_vendor/pyproject_hooks/__pycache__) by extensions ['colcon_pkg']
[0.642s] Level 1:colcon.colcon_core.package_identification:_identify(atob/venv/lib/python3.12/site-packages/pip/_vendor/pyproject_hooks/__pycache__) by extension 'colcon_pkg'
[0.642s] Level 1:colcon.colcon_core.package_identification:_identify(atob/venv/lib/python3.12/site-packages/pip/_vendor/pyproject_hooks/__pycache__) by extensions ['colcon_meta']
[0.642s] Level 1:colcon.colcon_core.package_identification:_identify(atob/venv/lib/python3.12/site-packages/pip/_vendor/pyproject_hooks/__pycache__) by extension 'colcon_meta'
[0.642s] Level 1:colcon.colcon_core.package_identification:_identify(atob/venv/lib/python3.12/site-packages/pip/_vendor/pyproject_hooks/__pycache__) by extensions ['ros']
[0.642s] Level 1:colcon.colcon_core.package_identification:_identify(atob/venv/lib/python3.12/site-packages/pip/_vendor/pyproject_hooks/__pycache__) by extension 'ros'
[0.642s] Level 1:colcon.colcon_core.package_identification:_identify(atob/venv/lib/python3.12/site-packages/pip/_vendor/pyproject_hooks/__pycache__) by extensions ['cmake', 'python']
[0.642s] Level 1:colcon.colcon_core.package_identification:_identify(atob/venv/lib/python3.12/site-packages/pip/_vendor/pyproject_hooks/__pycache__) by extension 'cmake'
[0.642s] Level 1:colcon.colcon_core.package_identification:_identify(atob/venv/lib/python3.12/site-packages/pip/_vendor/pyproject_hooks/__pycache__) by extension 'python'
[0.642s] Level 1:colcon.colcon_core.package_identification:_identify(atob/venv/lib/python3.12/site-packages/pip/_vendor/pyproject_hooks/__pycache__) by extensions ['python_setup_py']
[0.642s] Level 1:colcon.colcon_core.package_identification:_identify(atob/venv/lib/python3.12/site-packages/pip/_vendor/pyproject_hooks/__pycache__) by extension 'python_setup_py'
[0.642s] Level 1:colcon.colcon_core.package_identification:_identify(atob/venv/lib/python3.12/site-packages/pip/_vendor/pyproject_hooks/_in_process) by extensions ['ignore', 'ignore_ament_install']
[0.642s] Level 1:colcon.colcon_core.package_identification:_identify(atob/venv/lib/python3.12/site-packages/pip/_vendor/pyproject_hooks/_in_process) by extension 'ignore'
[0.642s] Level 1:colcon.colcon_core.package_identification:_identify(atob/venv/lib/python3.12/site-packages/pip/_vendor/pyproject_hooks/_in_process) by extension 'ignore_ament_install'
[0.642s] Level 1:colcon.colcon_core.package_identification:_identify(atob/venv/lib/python3.12/site-packages/pip/_vendor/pyproject_hooks/_in_process) by extensions ['colcon_pkg']
[0.642s] Level 1:colcon.colcon_core.package_identification:_identify(atob/venv/lib/python3.12/site-packages/pip/_vendor/pyproject_hooks/_in_process) by extension 'colcon_pkg'
[0.642s] Level 1:colcon.colcon_core.package_identification:_identify(atob/venv/lib/python3.12/site-packages/pip/_vendor/pyproject_hooks/_in_process) by extensions ['colcon_meta']
[0.643s] Level 1:colcon.colcon_core.package_identification:_identify(atob/venv/lib/python3.12/site-packages/pip/_vendor/pyproject_hooks/_in_process) by extension 'colcon_meta'
[0.643s] Level 1:colcon.colcon_core.package_identification:_identify(atob/venv/lib/python3.12/site-packages/pip/_vendor/pyproject_hooks/_in_process) by extensions ['ros']
[0.643s] Level 1:colcon.colcon_core.package_identification:_identify(atob/venv/lib/python3.12/site-packages/pip/_vendor/pyproject_hooks/_in_process) by extension 'ros'
[0.643s] Level 1:colcon.colcon_core.package_identification:_identify(atob/venv/lib/python3.12/site-packages/pip/_vendor/pyproject_hooks/_in_process) by extensions ['cmake', 'python']
[0.643s] Level 1:colcon.colcon_core.package_identification:_identify(atob/venv/lib/python3.12/site-packages/pip/_vendor/pyproject_hooks/_in_process) by extension 'cmake'
[0.643s] Level 1:colcon.colcon_core.package_identification:_identify(atob/venv/lib/python3.12/site-packages/pip/_vendor/pyproject_hooks/_in_process) by extension 'python'
[0.643s] Level 1:colcon.colcon_core.package_identification:_identify(atob/venv/lib/python3.12/site-packages/pip/_vendor/pyproject_hooks/_in_process) by extensions ['python_setup_py']
[0.643s] Level 1:colcon.colcon_core.package_identification:_identify(atob/venv/lib/python3.12/site-packages/pip/_vendor/pyproject_hooks/_in_process) by extension 'python_setup_py'
[0.643s] Level 1:colcon.colcon_core.package_identification:_identify(atob/venv/lib/python3.12/site-packages/pip/_vendor/pyproject_hooks/_in_process/__pycache__) by extensions ['ignore', 'ignore_ament_install']
[0.643s] Level 1:colcon.colcon_core.package_identification:_identify(atob/venv/lib/python3.12/site-packages/pip/_vendor/pyproject_hooks/_in_process/__pycache__) by extension 'ignore'
[0.643s] Level 1:colcon.colcon_core.package_identification:_identify(atob/venv/lib/python3.12/site-packages/pip/_vendor/pyproject_hooks/_in_process/__pycache__) by extension 'ignore_ament_install'
[0.643s] Level 1:colcon.colcon_core.package_identification:_identify(atob/venv/lib/python3.12/site-packages/pip/_vendor/pyproject_hooks/_in_process/__pycache__) by extensions ['colcon_pkg']
[0.643s] Level 1:colcon.colcon_core.package_identification:_identify(atob/venv/lib/python3.12/site-packages/pip/_vendor/pyproject_hooks/_in_process/__pycache__) by extension 'colcon_pkg'
[0.643s] Level 1:colcon.colcon_core.package_identification:_identify(atob/venv/lib/python3.12/site-packages/pip/_vendor/pyproject_hooks/_in_process/__pycache__) by extensions ['colcon_meta']
[0.643s] Level 1:colcon.colcon_core.package_identification:_identify(atob/venv/lib/python3.12/site-packages/pip/_vendor/pyproject_hooks/_in_process/__pycache__) by extension 'colcon_meta'
[0.643s] Level 1:colcon.colcon_core.package_identification:_identify(atob/venv/lib/python3.12/site-packages/pip/_vendor/pyproject_hooks/_in_process/__pycache__) by extensions ['ros']
[0.643s] Level 1:colcon.colcon_core.package_identification:_identify(atob/venv/lib/python3.12/site-packages/pip/_vendor/pyproject_hooks/_in_process/__pycache__) by extension 'ros'
[0.644s] Level 1:colcon.colcon_core.package_identification:_identify(atob/venv/lib/python3.12/site-packages/pip/_vendor/pyproject_hooks/_in_process/__pycache__) by extensions ['cmake', 'python']
[0.644s] Level 1:colcon.colcon_core.package_identification:_identify(atob/venv/lib/python3.12/site-packages/pip/_vendor/pyproject_hooks/_in_process/__pycache__) by extension 'cmake'
[0.644s] Level 1:colcon.colcon_core.package_identification:_identify(atob/venv/lib/python3.12/site-packages/pip/_vendor/pyproject_hooks/_in_process/__pycache__) by extension 'python'
[0.644s] Level 1:colcon.colcon_core.package_identification:_identify(atob/venv/lib/python3.12/site-packages/pip/_vendor/pyproject_hooks/_in_process/__pycache__) by extensions ['python_setup_py']
[0.644s] Level 1:colcon.colcon_core.package_identification:_identify(atob/venv/lib/python3.12/site-packages/pip/_vendor/pyproject_hooks/_in_process/__pycache__) by extension 'python_setup_py'
[0.644s] Level 1:colcon.colcon_core.package_identification:_identify(atob/venv/lib/python3.12/site-packages/pip/_vendor/requests) by extensions ['ignore', 'ignore_ament_install']
[0.644s] Level 1:colcon.colcon_core.package_identification:_identify(atob/venv/lib/python3.12/site-packages/pip/_vendor/requests) by extension 'ignore'
[0.644s] Level 1:colcon.colcon_core.package_identification:_identify(atob/venv/lib/python3.12/site-packages/pip/_vendor/requests) by extension 'ignore_ament_install'
[0.644s] Level 1:colcon.colcon_core.package_identification:_identify(atob/venv/lib/python3.12/site-packages/pip/_vendor/requests) by extensions ['colcon_pkg']
[0.644s] Level 1:colcon.colcon_core.package_identification:_identify(atob/venv/lib/python3.12/site-packages/pip/_vendor/requests) by extension 'colcon_pkg'
[0.644s] Level 1:colcon.colcon_core.package_identification:_identify(atob/venv/lib/python3.12/site-packages/pip/_vendor/requests) by extensions ['colcon_meta']
[0.644s] Level 1:colcon.colcon_core.package_identification:_identify(atob/venv/lib/python3.12/site-packages/pip/_vendor/requests) by extension 'colcon_meta'
[0.644s] Level 1:colcon.colcon_core.package_identification:_identify(atob/venv/lib/python3.12/site-packages/pip/_vendor/requests) by extensions ['ros']
[0.644s] Level 1:colcon.colcon_core.package_identification:_identify(atob/venv/lib/python3.12/site-packages/pip/_vendor/requests) by extension 'ros'
[0.644s] Level 1:colcon.colcon_core.package_identification:_identify(atob/venv/lib/python3.12/site-packages/pip/_vendor/requests) by extensions ['cmake', 'python']
[0.644s] Level 1:colcon.colcon_core.package_identification:_identify(atob/venv/lib/python3.12/site-packages/pip/_vendor/requests) by extension 'cmake'
[0.644s] Level 1:colcon.colcon_core.package_identification:_identify(atob/venv/lib/python3.12/site-packages/pip/_vendor/requests) by extension 'python'
[0.644s] Level 1:colcon.colcon_core.package_identification:_identify(atob/venv/lib/python3.12/site-packages/pip/_vendor/requests) by extensions ['python_setup_py']
[0.644s] Level 1:colcon.colcon_core.package_identification:_identify(atob/venv/lib/python3.12/site-packages/pip/_vendor/requests) by extension 'python_setup_py'
[0.645s] Level 1:colcon.colcon_core.package_identification:_identify(atob/venv/lib/python3.12/site-packages/pip/_vendor/requests/__pycache__) by extensions ['ignore', 'ignore_ament_install']
[0.645s] Level 1:colcon.colcon_core.package_identification:_identify(atob/venv/lib/python3.12/site-packages/pip/_vendor/requests/__pycache__) by extension 'ignore'
[0.645s] Level 1:colcon.colcon_core.package_identification:_identify(atob/venv/lib/python3.12/site-packages/pip/_vendor/requests/__pycache__) by extension 'ignore_ament_install'
[0.645s] Level 1:colcon.colcon_core.package_identification:_identify(atob/venv/lib/python3.12/site-packages/pip/_vendor/requests/__pycache__) by extensions ['colcon_pkg']
[0.645s] Level 1:colcon.colcon_core.package_identification:_identify(atob/venv/lib/python3.12/site-packages/pip/_vendor/requests/__pycache__) by extension 'colcon_pkg'
[0.645s] Level 1:colcon.colcon_core.package_identification:_identify(atob/venv/lib/python3.12/site-packages/pip/_vendor/requests/__pycache__) by extensions ['colcon_meta']
[0.645s] Level 1:colcon.colcon_core.package_identification:_identify(atob/venv/lib/python3.12/site-packages/pip/_vendor/requests/__pycache__) by extension 'colcon_meta'
[0.645s] Level 1:colcon.colcon_core.package_identification:_identify(atob/venv/lib/python3.12/site-packages/pip/_vendor/requests/__pycache__) by extensions ['ros']
[0.645s] Level 1:colcon.colcon_core.package_identification:_identify(atob/venv/lib/python3.12/site-packages/pip/_vendor/requests/__pycache__) by extension 'ros'
[0.645s] Level 1:colcon.colcon_core.package_identification:_identify(atob/venv/lib/python3.12/site-packages/pip/_vendor/requests/__pycache__) by extensions ['cmake', 'python']
[0.645s] Level 1:colcon.colcon_core.package_identification:_identify(atob/venv/lib/python3.12/site-packages/pip/_vendor/requests/__pycache__) by extension 'cmake'
[0.645s] Level 1:colcon.colcon_core.package_identification:_identify(atob/venv/lib/python3.12/site-packages/pip/_vendor/requests/__pycache__) by extension 'python'
[0.645s] Level 1:colcon.colcon_core.package_identification:_identify(atob/venv/lib/python3.12/site-packages/pip/_vendor/requests/__pycache__) by extensions ['python_setup_py']
[0.645s] Level 1:colcon.colcon_core.package_identification:_identify(atob/venv/lib/python3.12/site-packages/pip/_vendor/requests/__pycache__) by extension 'python_setup_py'
[0.645s] Level 1:colcon.colcon_core.package_identification:_identify(atob/venv/lib/python3.12/site-packages/pip/_vendor/resolvelib) by extensions ['ignore', 'ignore_ament_install']
[0.645s] Level 1:colcon.colcon_core.package_identification:_identify(atob/venv/lib/python3.12/site-packages/pip/_vendor/resolvelib) by extension 'ignore'
[0.646s] Level 1:colcon.colcon_core.package_identification:_identify(atob/venv/lib/python3.12/site-packages/pip/_vendor/resolvelib) by extension 'ignore_ament_install'
[0.646s] Level 1:colcon.colcon_core.package_identification:_identify(atob/venv/lib/python3.12/site-packages/pip/_vendor/resolvelib) by extensions ['colcon_pkg']
[0.646s] Level 1:colcon.colcon_core.package_identification:_identify(atob/venv/lib/python3.12/site-packages/pip/_vendor/resolvelib) by extension 'colcon_pkg'
[0.646s] Level 1:colcon.colcon_core.package_identification:_identify(atob/venv/lib/python3.12/site-packages/pip/_vendor/resolvelib) by extensions ['colcon_meta']
[0.646s] Level 1:colcon.colcon_core.package_identification:_identify(atob/venv/lib/python3.12/site-packages/pip/_vendor/resolvelib) by extension 'colcon_meta'
[0.646s] Level 1:colcon.colcon_core.package_identification:_identify(atob/venv/lib/python3.12/site-packages/pip/_vendor/resolvelib) by extensions ['ros']
[0.646s] Level 1:colcon.colcon_core.package_identification:_identify(atob/venv/lib/python3.12/site-packages/pip/_vendor/resolvelib) by extension 'ros'
[0.646s] Level 1:colcon.colcon_core.package_identification:_identify(atob/venv/lib/python3.12/site-packages/pip/_vendor/resolvelib) by extensions ['cmake', 'python']
[0.646s] Level 1:colcon.colcon_core.package_identification:_identify(atob/venv/lib/python3.12/site-packages/pip/_vendor/resolvelib) by extension 'cmake'
[0.646s] Level 1:colcon.colcon_core.package_identification:_identify(atob/venv/lib/python3.12/site-packages/pip/_vendor/resolvelib) by extension 'python'
[0.646s] Level 1:colcon.colcon_core.package_identification:_identify(atob/venv/lib/python3.12/site-packages/pip/_vendor/resolvelib) by extensions ['python_setup_py']
[0.646s] Level 1:colcon.colcon_core.package_identification:_identify(atob/venv/lib/python3.12/site-packages/pip/_vendor/resolvelib) by extension 'python_setup_py'
[0.646s] Level 1:colcon.colcon_core.package_identification:_identify(atob/venv/lib/python3.12/site-packages/pip/_vendor/resolvelib/__pycache__) by extensions ['ignore', 'ignore_ament_install']
[0.646s] Level 1:colcon.colcon_core.package_identification:_identify(atob/venv/lib/python3.12/site-packages/pip/_vendor/resolvelib/__pycache__) by extension 'ignore'
[0.646s] Level 1:colcon.colcon_core.package_identification:_identify(atob/venv/lib/python3.12/site-packages/pip/_vendor/resolvelib/__pycache__) by extension 'ignore_ament_install'
[0.646s] Level 1:colcon.colcon_core.package_identification:_identify(atob/venv/lib/python3.12/site-packages/pip/_vendor/resolvelib/__pycache__) by extensions ['colcon_pkg']
[0.646s] Level 1:colcon.colcon_core.package_identification:_identify(atob/venv/lib/python3.12/site-packages/pip/_vendor/resolvelib/__pycache__) by extension 'colcon_pkg'
[0.646s] Level 1:colcon.colcon_core.package_identification:_identify(atob/venv/lib/python3.12/site-packages/pip/_vendor/resolvelib/__pycache__) by extensions ['colcon_meta']
[0.646s] Level 1:colcon.colcon_core.package_identification:_identify(atob/venv/lib/python3.12/site-packages/pip/_vendor/resolvelib/__pycache__) by extension 'colcon_meta'
[0.647s] Level 1:colcon.colcon_core.package_identification:_identify(atob/venv/lib/python3.12/site-packages/pip/_vendor/resolvelib/__pycache__) by extensions ['ros']
[0.647s] Level 1:colcon.colcon_core.package_identification:_identify(atob/venv/lib/python3.12/site-packages/pip/_vendor/resolvelib/__pycache__) by extension 'ros'
[0.647s] Level 1:colcon.colcon_core.package_identification:_identify(atob/venv/lib/python3.12/site-packages/pip/_vendor/resolvelib/__pycache__) by extensions ['cmake', 'python']
[0.647s] Level 1:colcon.colcon_core.package_identification:_identify(atob/venv/lib/python3.12/site-packages/pip/_vendor/resolvelib/__pycache__) by extension 'cmake'
[0.647s] Level 1:colcon.colcon_core.package_identification:_identify(atob/venv/lib/python3.12/site-packages/pip/_vendor/resolvelib/__pycache__) by extension 'python'
[0.647s] Level 1:colcon.colcon_core.package_identification:_identify(atob/venv/lib/python3.12/site-packages/pip/_vendor/resolvelib/__pycache__) by extensions ['python_setup_py']
[0.647s] Level 1:colcon.colcon_core.package_identification:_identify(atob/venv/lib/python3.12/site-packages/pip/_vendor/resolvelib/__pycache__) by extension 'python_setup_py'
[0.647s] Level 1:colcon.colcon_core.package_identification:_identify(atob/venv/lib/python3.12/site-packages/pip/_vendor/resolvelib/resolvers) by extensions ['ignore', 'ignore_ament_install']
[0.647s] Level 1:colcon.colcon_core.package_identification:_identify(atob/venv/lib/python3.12/site-packages/pip/_vendor/resolvelib/resolvers) by extension 'ignore'
[0.647s] Level 1:colcon.colcon_core.package_identification:_identify(atob/venv/lib/python3.12/site-packages/pip/_vendor/resolvelib/resolvers) by extension 'ignore_ament_install'
[0.647s] Level 1:colcon.colcon_core.package_identification:_identify(atob/venv/lib/python3.12/site-packages/pip/_vendor/resolvelib/resolvers) by extensions ['colcon_pkg']
[0.647s] Level 1:colcon.colcon_core.package_identification:_identify(atob/venv/lib/python3.12/site-packages/pip/_vendor/resolvelib/resolvers) by extension 'colcon_pkg'
[0.647s] Level 1:colcon.colcon_core.package_identification:_identify(atob/venv/lib/python3.12/site-packages/pip/_vendor/resolvelib/resolvers) by extensions ['colcon_meta']
[0.647s] Level 1:colcon.colcon_core.package_identification:_identify(atob/venv/lib/python3.12/site-packages/pip/_vendor/resolvelib/resolvers) by extension 'colcon_meta'
[0.647s] Level 1:colcon.colcon_core.package_identification:_identify(atob/venv/lib/python3.12/site-packages/pip/_vendor/resolvelib/resolvers) by extensions ['ros']
[0.647s] Level 1:colcon.colcon_core.package_identification:_identify(atob/venv/lib/python3.12/site-packages/pip/_vendor/resolvelib/resolvers) by extension 'ros'
[0.647s] Level 1:colcon.colcon_core.package_identification:_identify(atob/venv/lib/python3.12/site-packages/pip/_vendor/resolvelib/resolvers) by extensions ['cmake', 'python']
[0.647s] Level 1:colcon.colcon_core.package_identification:_identify(atob/venv/lib/python3.12/site-packages/pip/_vendor/resolvelib/resolvers) by extension 'cmake'
[0.648s] Level 1:colcon.colcon_core.package_identification:_identify(atob/venv/lib/python3.12/site-packages/pip/_vendor/resolvelib/resolvers) by extension 'python'
[0.648s] Level 1:colcon.colcon_core.package_identification:_identify(atob/venv/lib/python3.12/site-packages/pip/_vendor/resolvelib/resolvers) by extensions ['python_setup_py']
[0.648s] Level 1:colcon.colcon_core.package_identification:_identify(atob/venv/lib/python3.12/site-packages/pip/_vendor/resolvelib/resolvers) by extension 'python_setup_py'
[0.648s] Level 1:colcon.colcon_core.package_identification:_identify(atob/venv/lib/python3.12/site-packages/pip/_vendor/resolvelib/resolvers/__pycache__) by extensions ['ignore', 'ignore_ament_install']
[0.648s] Level 1:colcon.colcon_core.package_identification:_identify(atob/venv/lib/python3.12/site-packages/pip/_vendor/resolvelib/resolvers/__pycache__) by extension 'ignore'
[0.648s] Level 1:colcon.colcon_core.package_identification:_identify(atob/venv/lib/python3.12/site-packages/pip/_vendor/resolvelib/resolvers/__pycache__) by extension 'ignore_ament_install'
[0.648s] Level 1:colcon.colcon_core.package_identification:_identify(atob/venv/lib/python3.12/site-packages/pip/_vendor/resolvelib/resolvers/__pycache__) by extensions ['colcon_pkg']
[0.648s] Level 1:colcon.colcon_core.package_identification:_identify(atob/venv/lib/python3.12/site-packages/pip/_vendor/resolvelib/resolvers/__pycache__) by extension 'colcon_pkg'
[0.648s] Level 1:colcon.colcon_core.package_identification:_identify(atob/venv/lib/python3.12/site-packages/pip/_vendor/resolvelib/resolvers/__pycache__) by extensions ['colcon_meta']
[0.648s] Level 1:colcon.colcon_core.package_identification:_identify(atob/venv/lib/python3.12/site-packages/pip/_vendor/resolvelib/resolvers/__pycache__) by extension 'colcon_meta'
[0.648s] Level 1:colcon.colcon_core.package_identification:_identify(atob/venv/lib/python3.12/site-packages/pip/_vendor/resolvelib/resolvers/__pycache__) by extensions ['ros']
[0.648s] Level 1:colcon.colcon_core.package_identification:_identify(atob/venv/lib/python3.12/site-packages/pip/_vendor/resolvelib/resolvers/__pycache__) by extension 'ros'
[0.648s] Level 1:colcon.colcon_core.package_identification:_identify(atob/venv/lib/python3.12/site-packages/pip/_vendor/resolvelib/resolvers/__pycache__) by extensions ['cmake', 'python']
[0.648s] Level 1:colcon.colcon_core.package_identification:_identify(atob/venv/lib/python3.12/site-packages/pip/_vendor/resolvelib/resolvers/__pycache__) by extension 'cmake'
[0.648s] Level 1:colcon.colcon_core.package_identification:_identify(atob/venv/lib/python3.12/site-packages/pip/_vendor/resolvelib/resolvers/__pycache__) by extension 'python'
[0.648s] Level 1:colcon.colcon_core.package_identification:_identify(atob/venv/lib/python3.12/site-packages/pip/_vendor/resolvelib/resolvers/__pycache__) by extensions ['python_setup_py']
[0.648s] Level 1:colcon.colcon_core.package_identification:_identify(atob/venv/lib/python3.12/site-packages/pip/_vendor/resolvelib/resolvers/__pycache__) by extension 'python_setup_py'
[0.649s] Level 1:colcon.colcon_core.package_identification:_identify(atob/venv/lib/python3.12/site-packages/pip/_vendor/rich) by extensions ['ignore', 'ignore_ament_install']
[0.649s] Level 1:colcon.colcon_core.package_identification:_identify(atob/venv/lib/python3.12/site-packages/pip/_vendor/rich) by extension 'ignore'
[0.649s] Level 1:colcon.colcon_core.package_identification:_identify(atob/venv/lib/python3.12/site-packages/pip/_vendor/rich) by extension 'ignore_ament_install'
[0.649s] Level 1:colcon.colcon_core.package_identification:_identify(atob/venv/lib/python3.12/site-packages/pip/_vendor/rich) by extensions ['colcon_pkg']
[0.649s] Level 1:colcon.colcon_core.package_identification:_identify(atob/venv/lib/python3.12/site-packages/pip/_vendor/rich) by extension 'colcon_pkg'
[0.649s] Level 1:colcon.colcon_core.package_identification:_identify(atob/venv/lib/python3.12/site-packages/pip/_vendor/rich) by extensions ['colcon_meta']
[0.649s] Level 1:colcon.colcon_core.package_identification:_identify(atob/venv/lib/python3.12/site-packages/pip/_vendor/rich) by extension 'colcon_meta'
[0.649s] Level 1:colcon.colcon_core.package_identification:_identify(atob/venv/lib/python3.12/site-packages/pip/_vendor/rich) by extensions ['ros']
[0.649s] Level 1:colcon.colcon_core.package_identification:_identify(atob/venv/lib/python3.12/site-packages/pip/_vendor/rich) by extension 'ros'
[0.649s] Level 1:colcon.colcon_core.package_identification:_identify(atob/venv/lib/python3.12/site-packages/pip/_vendor/rich) by extensions ['cmake', 'python']
[0.649s] Level 1:colcon.colcon_core.package_identification:_identify(atob/venv/lib/python3.12/site-packages/pip/_vendor/rich) by extension 'cmake'
[0.649s] Level 1:colcon.colcon_core.package_identification:_identify(atob/venv/lib/python3.12/site-packages/pip/_vendor/rich) by extension 'python'
[0.649s] Level 1:colcon.colcon_core.package_identification:_identify(atob/venv/lib/python3.12/site-packages/pip/_vendor/rich) by extensions ['python_setup_py']
[0.649s] Level 1:colcon.colcon_core.package_identification:_identify(atob/venv/lib/python3.12/site-packages/pip/_vendor/rich) by extension 'python_setup_py'
[0.649s] Level 1:colcon.colcon_core.package_identification:_identify(atob/venv/lib/python3.12/site-packages/pip/_vendor/rich/__pycache__) by extensions ['ignore', 'ignore_ament_install']
[0.650s] Level 1:colcon.colcon_core.package_identification:_identify(atob/venv/lib/python3.12/site-packages/pip/_vendor/rich/__pycache__) by extension 'ignore'
[0.650s] Level 1:colcon.colcon_core.package_identification:_identify(atob/venv/lib/python3.12/site-packages/pip/_vendor/rich/__pycache__) by extension 'ignore_ament_install'
[0.650s] Level 1:colcon.colcon_core.package_identification:_identify(atob/venv/lib/python3.12/site-packages/pip/_vendor/rich/__pycache__) by extensions ['colcon_pkg']
[0.650s] Level 1:colcon.colcon_core.package_identification:_identify(atob/venv/lib/python3.12/site-packages/pip/_vendor/rich/__pycache__) by extension 'colcon_pkg'
[0.650s] Level 1:colcon.colcon_core.package_identification:_identify(atob/venv/lib/python3.12/site-packages/pip/_vendor/rich/__pycache__) by extensions ['colcon_meta']
[0.650s] Level 1:colcon.colcon_core.package_identification:_identify(atob/venv/lib/python3.12/site-packages/pip/_vendor/rich/__pycache__) by extension 'colcon_meta'
[0.650s] Level 1:colcon.colcon_core.package_identification:_identify(atob/venv/lib/python3.12/site-packages/pip/_vendor/rich/__pycache__) by extensions ['ros']
[0.650s] Level 1:colcon.colcon_core.package_identification:_identify(atob/venv/lib/python3.12/site-packages/pip/_vendor/rich/__pycache__) by extension 'ros'
[0.650s] Level 1:colcon.colcon_core.package_identification:_identify(atob/venv/lib/python3.12/site-packages/pip/_vendor/rich/__pycache__) by extensions ['cmake', 'python']
[0.650s] Level 1:colcon.colcon_core.package_identification:_identify(atob/venv/lib/python3.12/site-packages/pip/_vendor/rich/__pycache__) by extension 'cmake'
[0.650s] Level 1:colcon.colcon_core.package_identification:_identify(atob/venv/lib/python3.12/site-packages/pip/_vendor/rich/__pycache__) by extension 'python'
[0.650s] Level 1:colcon.colcon_core.package_identification:_identify(atob/venv/lib/python3.12/site-packages/pip/_vendor/rich/__pycache__) by extensions ['python_setup_py']
[0.650s] Level 1:colcon.colcon_core.package_identification:_identify(atob/venv/lib/python3.12/site-packages/pip/_vendor/rich/__pycache__) by extension 'python_setup_py'
[0.650s] Level 1:colcon.colcon_core.package_identification:_identify(atob/venv/lib/python3.12/site-packages/pip/_vendor/tomli) by extensions ['ignore', 'ignore_ament_install']
[0.650s] Level 1:colcon.colcon_core.package_identification:_identify(atob/venv/lib/python3.12/site-packages/pip/_vendor/tomli) by extension 'ignore'
[0.650s] Level 1:colcon.colcon_core.package_identification:_identify(atob/venv/lib/python3.12/site-packages/pip/_vendor/tomli) by extension 'ignore_ament_install'
[0.650s] Level 1:colcon.colcon_core.package_identification:_identify(atob/venv/lib/python3.12/site-packages/pip/_vendor/tomli) by extensions ['colcon_pkg']
[0.650s] Level 1:colcon.colcon_core.package_identification:_identify(atob/venv/lib/python3.12/site-packages/pip/_vendor/tomli) by extension 'colcon_pkg'
[0.650s] Level 1:colcon.colcon_core.package_identification:_identify(atob/venv/lib/python3.12/site-packages/pip/_vendor/tomli) by extensions ['colcon_meta']
[0.651s] Level 1:colcon.colcon_core.package_identification:_identify(atob/venv/lib/python3.12/site-packages/pip/_vendor/tomli) by extension 'colcon_meta'
[0.651s] Level 1:colcon.colcon_core.package_identification:_identify(atob/venv/lib/python3.12/site-packages/pip/_vendor/tomli) by extensions ['ros']
[0.651s] Level 1:colcon.colcon_core.package_identification:_identify(atob/venv/lib/python3.12/site-packages/pip/_vendor/tomli) by extension 'ros'
[0.651s] Level 1:colcon.colcon_core.package_identification:_identify(atob/venv/lib/python3.12/site-packages/pip/_vendor/tomli) by extensions ['cmake', 'python']
[0.651s] Level 1:colcon.colcon_core.package_identification:_identify(atob/venv/lib/python3.12/site-packages/pip/_vendor/tomli) by extension 'cmake'
[0.651s] Level 1:colcon.colcon_core.package_identification:_identify(atob/venv/lib/python3.12/site-packages/pip/_vendor/tomli) by extension 'python'
[0.651s] Level 1:colcon.colcon_core.package_identification:_identify(atob/venv/lib/python3.12/site-packages/pip/_vendor/tomli) by extensions ['python_setup_py']
[0.651s] Level 1:colcon.colcon_core.package_identification:_identify(atob/venv/lib/python3.12/site-packages/pip/_vendor/tomli) by extension 'python_setup_py'
[0.651s] Level 1:colcon.colcon_core.package_identification:_identify(atob/venv/lib/python3.12/site-packages/pip/_vendor/tomli/__pycache__) by extensions ['ignore', 'ignore_ament_install']
[0.651s] Level 1:colcon.colcon_core.package_identification:_identify(atob/venv/lib/python3.12/site-packages/pip/_vendor/tomli/__pycache__) by extension 'ignore'
[0.651s] Level 1:colcon.colcon_core.package_identification:_identify(atob/venv/lib/python3.12/site-packages/pip/_vendor/tomli/__pycache__) by extension 'ignore_ament_install'
[0.651s] Level 1:colcon.colcon_core.package_identification:_identify(atob/venv/lib/python3.12/site-packages/pip/_vendor/tomli/__pycache__) by extensions ['colcon_pkg']
[0.651s] Level 1:colcon.colcon_core.package_identification:_identify(atob/venv/lib/python3.12/site-packages/pip/_vendor/tomli/__pycache__) by extension 'colcon_pkg'
[0.651s] Level 1:colcon.colcon_core.package_identification:_identify(atob/venv/lib/python3.12/site-packages/pip/_vendor/tomli/__pycache__) by extensions ['colcon_meta']
[0.651s] Level 1:colcon.colcon_core.package_identification:_identify(atob/venv/lib/python3.12/site-packages/pip/_vendor/tomli/__pycache__) by extension 'colcon_meta'
[0.651s] Level 1:colcon.colcon_core.package_identification:_identify(atob/venv/lib/python3.12/site-packages/pip/_vendor/tomli/__pycache__) by extensions ['ros']
[0.651s] Level 1:colcon.colcon_core.package_identification:_identify(atob/venv/lib/python3.12/site-packages/pip/_vendor/tomli/__pycache__) by extension 'ros'
[0.651s] Level 1:colcon.colcon_core.package_identification:_identify(atob/venv/lib/python3.12/site-packages/pip/_vendor/tomli/__pycache__) by extensions ['cmake', 'python']
[0.652s] Level 1:colcon.colcon_core.package_identification:_identify(atob/venv/lib/python3.12/site-packages/pip/_vendor/tomli/__pycache__) by extension 'cmake'
[0.652s] Level 1:colcon.colcon_core.package_identification:_identify(atob/venv/lib/python3.12/site-packages/pip/_vendor/tomli/__pycache__) by extension 'python'
[0.652s] Level 1:colcon.colcon_core.package_identification:_identify(atob/venv/lib/python3.12/site-packages/pip/_vendor/tomli/__pycache__) by extensions ['python_setup_py']
[0.652s] Level 1:colcon.colcon_core.package_identification:_identify(atob/venv/lib/python3.12/site-packages/pip/_vendor/tomli/__pycache__) by extension 'python_setup_py'
[0.652s] Level 1:colcon.colcon_core.package_identification:_identify(atob/venv/lib/python3.12/site-packages/pip/_vendor/tomli_w) by extensions ['ignore', 'ignore_ament_install']
[0.652s] Level 1:colcon.colcon_core.package_identification:_identify(atob/venv/lib/python3.12/site-packages/pip/_vendor/tomli_w) by extension 'ignore'
[0.652s] Level 1:colcon.colcon_core.package_identification:_identify(atob/venv/lib/python3.12/site-packages/pip/_vendor/tomli_w) by extension 'ignore_ament_install'
[0.652s] Level 1:colcon.colcon_core.package_identification:_identify(atob/venv/lib/python3.12/site-packages/pip/_vendor/tomli_w) by extensions ['colcon_pkg']
[0.652s] Level 1:colcon.colcon_core.package_identification:_identify(atob/venv/lib/python3.12/site-packages/pip/_vendor/tomli_w) by extension 'colcon_pkg'
[0.652s] Level 1:colcon.colcon_core.package_identification:_identify(atob/venv/lib/python3.12/site-packages/pip/_vendor/tomli_w) by extensions ['colcon_meta']
[0.652s] Level 1:colcon.colcon_core.package_identification:_identify(atob/venv/lib/python3.12/site-packages/pip/_vendor/tomli_w) by extension 'colcon_meta'
[0.652s] Level 1:colcon.colcon_core.package_identification:_identify(atob/venv/lib/python3.12/site-packages/pip/_vendor/tomli_w) by extensions ['ros']
[0.652s] Level 1:colcon.colcon_core.package_identification:_identify(atob/venv/lib/python3.12/site-packages/pip/_vendor/tomli_w) by extension 'ros'
[0.652s] Level 1:colcon.colcon_core.package_identification:_identify(atob/venv/lib/python3.12/site-packages/pip/_vendor/tomli_w) by extensions ['cmake', 'python']
[0.652s] Level 1:colcon.colcon_core.package_identification:_identify(atob/venv/lib/python3.12/site-packages/pip/_vendor/tomli_w) by extension 'cmake'
[0.652s] Level 1:colcon.colcon_core.package_identification:_identify(atob/venv/lib/python3.12/site-packages/pip/_vendor/tomli_w) by extension 'python'
[0.652s] Level 1:colcon.colcon_core.package_identification:_identify(atob/venv/lib/python3.12/site-packages/pip/_vendor/tomli_w) by extensions ['python_setup_py']
[0.652s] Level 1:colcon.colcon_core.package_identification:_identify(atob/venv/lib/python3.12/site-packages/pip/_vendor/tomli_w) by extension 'python_setup_py'
[0.653s] Level 1:colcon.colcon_core.package_identification:_identify(atob/venv/lib/python3.12/site-packages/pip/_vendor/tomli_w/__pycache__) by extensions ['ignore', 'ignore_ament_install']
[0.653s] Level 1:colcon.colcon_core.package_identification:_identify(atob/venv/lib/python3.12/site-packages/pip/_vendor/tomli_w/__pycache__) by extension 'ignore'
[0.653s] Level 1:colcon.colcon_core.package_identification:_identify(atob/venv/lib/python3.12/site-packages/pip/_vendor/tomli_w/__pycache__) by extension 'ignore_ament_install'
[0.653s] Level 1:colcon.colcon_core.package_identification:_identify(atob/venv/lib/python3.12/site-packages/pip/_vendor/tomli_w/__pycache__) by extensions ['colcon_pkg']
[0.653s] Level 1:colcon.colcon_core.package_identification:_identify(atob/venv/lib/python3.12/site-packages/pip/_vendor/tomli_w/__pycache__) by extension 'colcon_pkg'
[0.653s] Level 1:colcon.colcon_core.package_identification:_identify(atob/venv/lib/python3.12/site-packages/pip/_vendor/tomli_w/__pycache__) by extensions ['colcon_meta']
[0.653s] Level 1:colcon.colcon_core.package_identification:_identify(atob/venv/lib/python3.12/site-packages/pip/_vendor/tomli_w/__pycache__) by extension 'colcon_meta'
[0.653s] Level 1:colcon.colcon_core.package_identification:_identify(atob/venv/lib/python3.12/site-packages/pip/_vendor/tomli_w/__pycache__) by extensions ['ros']
[0.653s] Level 1:colcon.colcon_core.package_identification:_identify(atob/venv/lib/python3.12/site-packages/pip/_vendor/tomli_w/__pycache__) by extension 'ros'
[0.653s] Level 1:colcon.colcon_core.package_identification:_identify(atob/venv/lib/python3.12/site-packages/pip/_vendor/tomli_w/__pycache__) by extensions ['cmake', 'python']
[0.653s] Level 1:colcon.colcon_core.package_identification:_identify(atob/venv/lib/python3.12/site-packages/pip/_vendor/tomli_w/__pycache__) by extension 'cmake'
[0.653s] Level 1:colcon.colcon_core.package_identification:_identify(atob/venv/lib/python3.12/site-packages/pip/_vendor/tomli_w/__pycache__) by extension 'python'
[0.653s] Level 1:colcon.colcon_core.package_identification:_identify(atob/venv/lib/python3.12/site-packages/pip/_vendor/tomli_w/__pycache__) by extensions ['python_setup_py']
[0.653s] Level 1:colcon.colcon_core.package_identification:_identify(atob/venv/lib/python3.12/site-packages/pip/_vendor/tomli_w/__pycache__) by extension 'python_setup_py'
[0.653s] Level 1:colcon.colcon_core.package_identification:_identify(atob/venv/lib/python3.12/site-packages/pip/_vendor/truststore) by extensions ['ignore', 'ignore_ament_install']
[0.653s] Level 1:colcon.colcon_core.package_identification:_identify(atob/venv/lib/python3.12/site-packages/pip/_vendor/truststore) by extension 'ignore'
[0.654s] Level 1:colcon.colcon_core.package_identification:_identify(atob/venv/lib/python3.12/site-packages/pip/_vendor/truststore) by extension 'ignore_ament_install'
[0.654s] Level 1:colcon.colcon_core.package_identification:_identify(atob/venv/lib/python3.12/site-packages/pip/_vendor/truststore) by extensions ['colcon_pkg']
[0.654s] Level 1:colcon.colcon_core.package_identification:_identify(atob/venv/lib/python3.12/site-packages/pip/_vendor/truststore) by extension 'colcon_pkg'
[0.654s] Level 1:colcon.colcon_core.package_identification:_identify(atob/venv/lib/python3.12/site-packages/pip/_vendor/truststore) by extensions ['colcon_meta']
[0.654s] Level 1:colcon.colcon_core.package_identification:_identify(atob/venv/lib/python3.12/site-packages/pip/_vendor/truststore) by extension 'colcon_meta'
[0.654s] Level 1:colcon.colcon_core.package_identification:_identify(atob/venv/lib/python3.12/site-packages/pip/_vendor/truststore) by extensions ['ros']
[0.654s] Level 1:colcon.colcon_core.package_identification:_identify(atob/venv/lib/python3.12/site-packages/pip/_vendor/truststore) by extension 'ros'
[0.654s] Level 1:colcon.colcon_core.package_identification:_identify(atob/venv/lib/python3.12/site-packages/pip/_vendor/truststore) by extensions ['cmake', 'python']
[0.654s] Level 1:colcon.colcon_core.package_identification:_identify(atob/venv/lib/python3.12/site-packages/pip/_vendor/truststore) by extension 'cmake'
[0.654s] Level 1:colcon.colcon_core.package_identification:_identify(atob/venv/lib/python3.12/site-packages/pip/_vendor/truststore) by extension 'python'
[0.654s] Level 1:colcon.colcon_core.package_identification:_identify(atob/venv/lib/python3.12/site-packages/pip/_vendor/truststore) by extensions ['python_setup_py']
[0.654s] Level 1:colcon.colcon_core.package_identification:_identify(atob/venv/lib/python3.12/site-packages/pip/_vendor/truststore) by extension 'python_setup_py'
[0.654s] Level 1:colcon.colcon_core.package_identification:_identify(atob/venv/lib/python3.12/site-packages/pip/_vendor/truststore/__pycache__) by extensions ['ignore', 'ignore_ament_install']
[0.654s] Level 1:colcon.colcon_core.package_identification:_identify(atob/venv/lib/python3.12/site-packages/pip/_vendor/truststore/__pycache__) by extension 'ignore'
[0.654s] Level 1:colcon.colcon_core.package_identification:_identify(atob/venv/lib/python3.12/site-packages/pip/_vendor/truststore/__pycache__) by extension 'ignore_ament_install'
[0.654s] Level 1:colcon.colcon_core.package_identification:_identify(atob/venv/lib/python3.12/site-packages/pip/_vendor/truststore/__pycache__) by extensions ['colcon_pkg']
[0.654s] Level 1:colcon.colcon_core.package_identification:_identify(atob/venv/lib/python3.12/site-packages/pip/_vendor/truststore/__pycache__) by extension 'colcon_pkg'
[0.654s] Level 1:colcon.colcon_core.package_identification:_identify(atob/venv/lib/python3.12/site-packages/pip/_vendor/truststore/__pycache__) by extensions ['colcon_meta']
[0.654s] Level 1:colcon.colcon_core.package_identification:_identify(atob/venv/lib/python3.12/site-packages/pip/_vendor/truststore/__pycache__) by extension 'colcon_meta'
[0.655s] Level 1:colcon.colcon_core.package_identification:_identify(atob/venv/lib/python3.12/site-packages/pip/_vendor/truststore/__pycache__) by extensions ['ros']
[0.655s] Level 1:colcon.colcon_core.package_identification:_identify(atob/venv/lib/python3.12/site-packages/pip/_vendor/truststore/__pycache__) by extension 'ros'
[0.655s] Level 1:colcon.colcon_core.package_identification:_identify(atob/venv/lib/python3.12/site-packages/pip/_vendor/truststore/__pycache__) by extensions ['cmake', 'python']
[0.655s] Level 1:colcon.colcon_core.package_identification:_identify(atob/venv/lib/python3.12/site-packages/pip/_vendor/truststore/__pycache__) by extension 'cmake'
[0.655s] Level 1:colcon.colcon_core.package_identification:_identify(atob/venv/lib/python3.12/site-packages/pip/_vendor/truststore/__pycache__) by extension 'python'
[0.655s] Level 1:colcon.colcon_core.package_identification:_identify(atob/venv/lib/python3.12/site-packages/pip/_vendor/truststore/__pycache__) by extensions ['python_setup_py']
[0.655s] Level 1:colcon.colcon_core.package_identification:_identify(atob/venv/lib/python3.12/site-packages/pip/_vendor/truststore/__pycache__) by extension 'python_setup_py'
[0.655s] Level 1:colcon.colcon_core.package_identification:_identify(atob/venv/lib/python3.12/site-packages/pip/_vendor/urllib3) by extensions ['ignore', 'ignore_ament_install']
[0.655s] Level 1:colcon.colcon_core.package_identification:_identify(atob/venv/lib/python3.12/site-packages/pip/_vendor/urllib3) by extension 'ignore'
[0.655s] Level 1:colcon.colcon_core.package_identification:_identify(atob/venv/lib/python3.12/site-packages/pip/_vendor/urllib3) by extension 'ignore_ament_install'
[0.655s] Level 1:colcon.colcon_core.package_identification:_identify(atob/venv/lib/python3.12/site-packages/pip/_vendor/urllib3) by extensions ['colcon_pkg']
[0.655s] Level 1:colcon.colcon_core.package_identification:_identify(atob/venv/lib/python3.12/site-packages/pip/_vendor/urllib3) by extension 'colcon_pkg'
[0.655s] Level 1:colcon.colcon_core.package_identification:_identify(atob/venv/lib/python3.12/site-packages/pip/_vendor/urllib3) by extensions ['colcon_meta']
[0.655s] Level 1:colcon.colcon_core.package_identification:_identify(atob/venv/lib/python3.12/site-packages/pip/_vendor/urllib3) by extension 'colcon_meta'
[0.655s] Level 1:colcon.colcon_core.package_identification:_identify(atob/venv/lib/python3.12/site-packages/pip/_vendor/urllib3) by extensions ['ros']
[0.655s] Level 1:colcon.colcon_core.package_identification:_identify(atob/venv/lib/python3.12/site-packages/pip/_vendor/urllib3) by extension 'ros'
[0.655s] Level 1:colcon.colcon_core.package_identification:_identify(atob/venv/lib/python3.12/site-packages/pip/_vendor/urllib3) by extensions ['cmake', 'python']
[0.655s] Level 1:colcon.colcon_core.package_identification:_identify(atob/venv/lib/python3.12/site-packages/pip/_vendor/urllib3) by extension 'cmake'
[0.656s] Level 1:colcon.colcon_core.package_identification:_identify(atob/venv/lib/python3.12/site-packages/pip/_vendor/urllib3) by extension 'python'
[0.656s] Level 1:colcon.colcon_core.package_identification:_identify(atob/venv/lib/python3.12/site-packages/pip/_vendor/urllib3) by extensions ['python_setup_py']
[0.656s] Level 1:colcon.colcon_core.package_identification:_identify(atob/venv/lib/python3.12/site-packages/pip/_vendor/urllib3) by extension 'python_setup_py'
[0.656s] Level 1:colcon.colcon_core.package_identification:_identify(atob/venv/lib/python3.12/site-packages/pip/_vendor/urllib3/__pycache__) by extensions ['ignore', 'ignore_ament_install']
[0.656s] Level 1:colcon.colcon_core.package_identification:_identify(atob/venv/lib/python3.12/site-packages/pip/_vendor/urllib3/__pycache__) by extension 'ignore'
[0.656s] Level 1:colcon.colcon_core.package_identification:_identify(atob/venv/lib/python3.12/site-packages/pip/_vendor/urllib3/__pycache__) by extension 'ignore_ament_install'
[0.656s] Level 1:colcon.colcon_core.package_identification:_identify(atob/venv/lib/python3.12/site-packages/pip/_vendor/urllib3/__pycache__) by extensions ['colcon_pkg']
[0.656s] Level 1:colcon.colcon_core.package_identification:_identify(atob/venv/lib/python3.12/site-packages/pip/_vendor/urllib3/__pycache__) by extension 'colcon_pkg'
[0.656s] Level 1:colcon.colcon_core.package_identification:_identify(atob/venv/lib/python3.12/site-packages/pip/_vendor/urllib3/__pycache__) by extensions ['colcon_meta']
[0.656s] Level 1:colcon.colcon_core.package_identification:_identify(atob/venv/lib/python3.12/site-packages/pip/_vendor/urllib3/__pycache__) by extension 'colcon_meta'
[0.656s] Level 1:colcon.colcon_core.package_identification:_identify(atob/venv/lib/python3.12/site-packages/pip/_vendor/urllib3/__pycache__) by extensions ['ros']
[0.656s] Level 1:colcon.colcon_core.package_identification:_identify(atob/venv/lib/python3.12/site-packages/pip/_vendor/urllib3/__pycache__) by extension 'ros'
[0.656s] Level 1:colcon.colcon_core.package_identification:_identify(atob/venv/lib/python3.12/site-packages/pip/_vendor/urllib3/__pycache__) by extensions ['cmake', 'python']
[0.656s] Level 1:colcon.colcon_core.package_identification:_identify(atob/venv/lib/python3.12/site-packages/pip/_vendor/urllib3/__pycache__) by extension 'cmake'
[0.656s] Level 1:colcon.colcon_core.package_identification:_identify(atob/venv/lib/python3.12/site-packages/pip/_vendor/urllib3/__pycache__) by extension 'python'
[0.656s] Level 1:colcon.colcon_core.package_identification:_identify(atob/venv/lib/python3.12/site-packages/pip/_vendor/urllib3/__pycache__) by extensions ['python_setup_py']
[0.656s] Level 1:colcon.colcon_core.package_identification:_identify(atob/venv/lib/python3.12/site-packages/pip/_vendor/urllib3/__pycache__) by extension 'python_setup_py'
[0.657s] Level 1:colcon.colcon_core.package_identification:_identify(atob/venv/lib/python3.12/site-packages/pip/_vendor/urllib3/contrib) by extensions ['ignore', 'ignore_ament_install']
[0.657s] Level 1:colcon.colcon_core.package_identification:_identify(atob/venv/lib/python3.12/site-packages/pip/_vendor/urllib3/contrib) by extension 'ignore'
[0.657s] Level 1:colcon.colcon_core.package_identification:_identify(atob/venv/lib/python3.12/site-packages/pip/_vendor/urllib3/contrib) by extension 'ignore_ament_install'
[0.657s] Level 1:colcon.colcon_core.package_identification:_identify(atob/venv/lib/python3.12/site-packages/pip/_vendor/urllib3/contrib) by extensions ['colcon_pkg']
[0.657s] Level 1:colcon.colcon_core.package_identification:_identify(atob/venv/lib/python3.12/site-packages/pip/_vendor/urllib3/contrib) by extension 'colcon_pkg'
[0.657s] Level 1:colcon.colcon_core.package_identification:_identify(atob/venv/lib/python3.12/site-packages/pip/_vendor/urllib3/contrib) by extensions ['colcon_meta']
[0.657s] Level 1:colcon.colcon_core.package_identification:_identify(atob/venv/lib/python3.12/site-packages/pip/_vendor/urllib3/contrib) by extension 'colcon_meta'
[0.657s] Level 1:colcon.colcon_core.package_identification:_identify(atob/venv/lib/python3.12/site-packages/pip/_vendor/urllib3/contrib) by extensions ['ros']
[0.657s] Level 1:colcon.colcon_core.package_identification:_identify(atob/venv/lib/python3.12/site-packages/pip/_vendor/urllib3/contrib) by extension 'ros'
[0.657s] Level 1:colcon.colcon_core.package_identification:_identify(atob/venv/lib/python3.12/site-packages/pip/_vendor/urllib3/contrib) by extensions ['cmake', 'python']
[0.657s] Level 1:colcon.colcon_core.package_identification:_identify(atob/venv/lib/python3.12/site-packages/pip/_vendor/urllib3/contrib) by extension 'cmake'
[0.657s] Level 1:colcon.colcon_core.package_identification:_identify(atob/venv/lib/python3.12/site-packages/pip/_vendor/urllib3/contrib) by extension 'python'
[0.657s] Level 1:colcon.colcon_core.package_identification:_identify(atob/venv/lib/python3.12/site-packages/pip/_vendor/urllib3/contrib) by extensions ['python_setup_py']
[0.657s] Level 1:colcon.colcon_core.package_identification:_identify(atob/venv/lib/python3.12/site-packages/pip/_vendor/urllib3/contrib) by extension 'python_setup_py'
[0.657s] Level 1:colcon.colcon_core.package_identification:_identify(atob/venv/lib/python3.12/site-packages/pip/_vendor/urllib3/contrib/__pycache__) by extensions ['ignore', 'ignore_ament_install']
[0.657s] Level 1:colcon.colcon_core.package_identification:_identify(atob/venv/lib/python3.12/site-packages/pip/_vendor/urllib3/contrib/__pycache__) by extension 'ignore'
[0.657s] Level 1:colcon.colcon_core.package_identification:_identify(atob/venv/lib/python3.12/site-packages/pip/_vendor/urllib3/contrib/__pycache__) by extension 'ignore_ament_install'
[0.658s] Level 1:colcon.colcon_core.package_identification:_identify(atob/venv/lib/python3.12/site-packages/pip/_vendor/urllib3/contrib/__pycache__) by extensions ['colcon_pkg']
[0.658s] Level 1:colcon.colcon_core.package_identification:_identify(atob/venv/lib/python3.12/site-packages/pip/_vendor/urllib3/contrib/__pycache__) by extension 'colcon_pkg'
[0.658s] Level 1:colcon.colcon_core.package_identification:_identify(atob/venv/lib/python3.12/site-packages/pip/_vendor/urllib3/contrib/__pycache__) by extensions ['colcon_meta']
[0.658s] Level 1:colcon.colcon_core.package_identification:_identify(atob/venv/lib/python3.12/site-packages/pip/_vendor/urllib3/contrib/__pycache__) by extension 'colcon_meta'
[0.658s] Level 1:colcon.colcon_core.package_identification:_identify(atob/venv/lib/python3.12/site-packages/pip/_vendor/urllib3/contrib/__pycache__) by extensions ['ros']
[0.658s] Level 1:colcon.colcon_core.package_identification:_identify(atob/venv/lib/python3.12/site-packages/pip/_vendor/urllib3/contrib/__pycache__) by extension 'ros'
[0.658s] Level 1:colcon.colcon_core.package_identification:_identify(atob/venv/lib/python3.12/site-packages/pip/_vendor/urllib3/contrib/__pycache__) by extensions ['cmake', 'python']
[0.658s] Level 1:colcon.colcon_core.package_identification:_identify(atob/venv/lib/python3.12/site-packages/pip/_vendor/urllib3/contrib/__pycache__) by extension 'cmake'
[0.658s] Level 1:colcon.colcon_core.package_identification:_identify(atob/venv/lib/python3.12/site-packages/pip/_vendor/urllib3/contrib/__pycache__) by extension 'python'
[0.658s] Level 1:colcon.colcon_core.package_identification:_identify(atob/venv/lib/python3.12/site-packages/pip/_vendor/urllib3/contrib/__pycache__) by extensions ['python_setup_py']
[0.658s] Level 1:colcon.colcon_core.package_identification:_identify(atob/venv/lib/python3.12/site-packages/pip/_vendor/urllib3/contrib/__pycache__) by extension 'python_setup_py'
[0.658s] Level 1:colcon.colcon_core.package_identification:_identify(atob/venv/lib/python3.12/site-packages/pip/_vendor/urllib3/contrib/_securetransport) by extensions ['ignore', 'ignore_ament_install']
[0.658s] Level 1:colcon.colcon_core.package_identification:_identify(atob/venv/lib/python3.12/site-packages/pip/_vendor/urllib3/contrib/_securetransport) by extension 'ignore'
[0.658s] Level 1:colcon.colcon_core.package_identification:_identify(atob/venv/lib/python3.12/site-packages/pip/_vendor/urllib3/contrib/_securetransport) by extension 'ignore_ament_install'
[0.658s] Level 1:colcon.colcon_core.package_identification:_identify(atob/venv/lib/python3.12/site-packages/pip/_vendor/urllib3/contrib/_securetransport) by extensions ['colcon_pkg']
[0.658s] Level 1:colcon.colcon_core.package_identification:_identify(atob/venv/lib/python3.12/site-packages/pip/_vendor/urllib3/contrib/_securetransport) by extension 'colcon_pkg'
[0.658s] Level 1:colcon.colcon_core.package_identification:_identify(atob/venv/lib/python3.12/site-packages/pip/_vendor/urllib3/contrib/_securetransport) by extensions ['colcon_meta']
[0.658s] Level 1:colcon.colcon_core.package_identification:_identify(atob/venv/lib/python3.12/site-packages/pip/_vendor/urllib3/contrib/_securetransport) by extension 'colcon_meta'
[0.659s] Level 1:colcon.colcon_core.package_identification:_identify(atob/venv/lib/python3.12/site-packages/pip/_vendor/urllib3/contrib/_securetransport) by extensions ['ros']
[0.659s] Level 1:colcon.colcon_core.package_identification:_identify(atob/venv/lib/python3.12/site-packages/pip/_vendor/urllib3/contrib/_securetransport) by extension 'ros'
[0.659s] Level 1:colcon.colcon_core.package_identification:_identify(atob/venv/lib/python3.12/site-packages/pip/_vendor/urllib3/contrib/_securetransport) by extensions ['cmake', 'python']
[0.659s] Level 1:colcon.colcon_core.package_identification:_identify(atob/venv/lib/python3.12/site-packages/pip/_vendor/urllib3/contrib/_securetransport) by extension 'cmake'
[0.659s] Level 1:colcon.colcon_core.package_identification:_identify(atob/venv/lib/python3.12/site-packages/pip/_vendor/urllib3/contrib/_securetransport) by extension 'python'
[0.659s] Level 1:colcon.colcon_core.package_identification:_identify(atob/venv/lib/python3.12/site-packages/pip/_vendor/urllib3/contrib/_securetransport) by extensions ['python_setup_py']
[0.659s] Level 1:colcon.colcon_core.package_identification:_identify(atob/venv/lib/python3.12/site-packages/pip/_vendor/urllib3/contrib/_securetransport) by extension 'python_setup_py'
[0.659s] Level 1:colcon.colcon_core.package_identification:_identify(atob/venv/lib/python3.12/site-packages/pip/_vendor/urllib3/contrib/_securetransport/__pycache__) by extensions ['ignore', 'ignore_ament_install']
[0.659s] Level 1:colcon.colcon_core.package_identification:_identify(atob/venv/lib/python3.12/site-packages/pip/_vendor/urllib3/contrib/_securetransport/__pycache__) by extension 'ignore'
[0.659s] Level 1:colcon.colcon_core.package_identification:_identify(atob/venv/lib/python3.12/site-packages/pip/_vendor/urllib3/contrib/_securetransport/__pycache__) by extension 'ignore_ament_install'
[0.659s] Level 1:colcon.colcon_core.package_identification:_identify(atob/venv/lib/python3.12/site-packages/pip/_vendor/urllib3/contrib/_securetransport/__pycache__) by extensions ['colcon_pkg']
[0.659s] Level 1:colcon.colcon_core.package_identification:_identify(atob/venv/lib/python3.12/site-packages/pip/_vendor/urllib3/contrib/_securetransport/__pycache__) by extension 'colcon_pkg'
[0.659s] Level 1:colcon.colcon_core.package_identification:_identify(atob/venv/lib/python3.12/site-packages/pip/_vendor/urllib3/contrib/_securetransport/__pycache__) by extensions ['colcon_meta']
[0.659s] Level 1:colcon.colcon_core.package_identification:_identify(atob/venv/lib/python3.12/site-packages/pip/_vendor/urllib3/contrib/_securetransport/__pycache__) by extension 'colcon_meta'
[0.659s] Level 1:colcon.colcon_core.package_identification:_identify(atob/venv/lib/python3.12/site-packages/pip/_vendor/urllib3/contrib/_securetransport/__pycache__) by extensions ['ros']
[0.659s] Level 1:colcon.colcon_core.package_identification:_identify(atob/venv/lib/python3.12/site-packages/pip/_vendor/urllib3/contrib/_securetransport/__pycache__) by extension 'ros'
[0.659s] Level 1:colcon.colcon_core.package_identification:_identify(atob/venv/lib/python3.12/site-packages/pip/_vendor/urllib3/contrib/_securetransport/__pycache__) by extensions ['cmake', 'python']
[0.659s] Level 1:colcon.colcon_core.package_identification:_identify(atob/venv/lib/python3.12/site-packages/pip/_vendor/urllib3/contrib/_securetransport/__pycache__) by extension 'cmake'
[0.660s] Level 1:colcon.colcon_core.package_identification:_identify(atob/venv/lib/python3.12/site-packages/pip/_vendor/urllib3/contrib/_securetransport/__pycache__) by extension 'python'
[0.660s] Level 1:colcon.colcon_core.package_identification:_identify(atob/venv/lib/python3.12/site-packages/pip/_vendor/urllib3/contrib/_securetransport/__pycache__) by extensions ['python_setup_py']
[0.660s] Level 1:colcon.colcon_core.package_identification:_identify(atob/venv/lib/python3.12/site-packages/pip/_vendor/urllib3/contrib/_securetransport/__pycache__) by extension 'python_setup_py'
[0.660s] Level 1:colcon.colcon_core.package_identification:_identify(atob/venv/lib/python3.12/site-packages/pip/_vendor/urllib3/packages) by extensions ['ignore', 'ignore_ament_install']
[0.660s] Level 1:colcon.colcon_core.package_identification:_identify(atob/venv/lib/python3.12/site-packages/pip/_vendor/urllib3/packages) by extension 'ignore'
[0.660s] Level 1:colcon.colcon_core.package_identification:_identify(atob/venv/lib/python3.12/site-packages/pip/_vendor/urllib3/packages) by extension 'ignore_ament_install'
[0.660s] Level 1:colcon.colcon_core.package_identification:_identify(atob/venv/lib/python3.12/site-packages/pip/_vendor/urllib3/packages) by extensions ['colcon_pkg']
[0.660s] Level 1:colcon.colcon_core.package_identification:_identify(atob/venv/lib/python3.12/site-packages/pip/_vendor/urllib3/packages) by extension 'colcon_pkg'
[0.660s] Level 1:colcon.colcon_core.package_identification:_identify(atob/venv/lib/python3.12/site-packages/pip/_vendor/urllib3/packages) by extensions ['colcon_meta']
[0.660s] Level 1:colcon.colcon_core.package_identification:_identify(atob/venv/lib/python3.12/site-packages/pip/_vendor/urllib3/packages) by extension 'colcon_meta'
[0.660s] Level 1:colcon.colcon_core.package_identification:_identify(atob/venv/lib/python3.12/site-packages/pip/_vendor/urllib3/packages) by extensions ['ros']
[0.660s] Level 1:colcon.colcon_core.package_identification:_identify(atob/venv/lib/python3.12/site-packages/pip/_vendor/urllib3/packages) by extension 'ros'
[0.661s] Level 1:colcon.colcon_core.package_identification:_identify(atob/venv/lib/python3.12/site-packages/pip/_vendor/urllib3/packages) by extensions ['cmake', 'python']
[0.661s] Level 1:colcon.colcon_core.package_identification:_identify(atob/venv/lib/python3.12/site-packages/pip/_vendor/urllib3/packages) by extension 'cmake'
[0.661s] Level 1:colcon.colcon_core.package_identification:_identify(atob/venv/lib/python3.12/site-packages/pip/_vendor/urllib3/packages) by extension 'python'
[0.661s] Level 1:colcon.colcon_core.package_identification:_identify(atob/venv/lib/python3.12/site-packages/pip/_vendor/urllib3/packages) by extensions ['python_setup_py']
[0.661s] Level 1:colcon.colcon_core.package_identification:_identify(atob/venv/lib/python3.12/site-packages/pip/_vendor/urllib3/packages) by extension 'python_setup_py'
[0.661s] Level 1:colcon.colcon_core.package_identification:_identify(atob/venv/lib/python3.12/site-packages/pip/_vendor/urllib3/packages/__pycache__) by extensions ['ignore', 'ignore_ament_install']
[0.661s] Level 1:colcon.colcon_core.package_identification:_identify(atob/venv/lib/python3.12/site-packages/pip/_vendor/urllib3/packages/__pycache__) by extension 'ignore'
[0.661s] Level 1:colcon.colcon_core.package_identification:_identify(atob/venv/lib/python3.12/site-packages/pip/_vendor/urllib3/packages/__pycache__) by extension 'ignore_ament_install'
[0.661s] Level 1:colcon.colcon_core.package_identification:_identify(atob/venv/lib/python3.12/site-packages/pip/_vendor/urllib3/packages/__pycache__) by extensions ['colcon_pkg']
[0.661s] Level 1:colcon.colcon_core.package_identification:_identify(atob/venv/lib/python3.12/site-packages/pip/_vendor/urllib3/packages/__pycache__) by extension 'colcon_pkg'
[0.661s] Level 1:colcon.colcon_core.package_identification:_identify(atob/venv/lib/python3.12/site-packages/pip/_vendor/urllib3/packages/__pycache__) by extensions ['colcon_meta']
[0.661s] Level 1:colcon.colcon_core.package_identification:_identify(atob/venv/lib/python3.12/site-packages/pip/_vendor/urllib3/packages/__pycache__) by extension 'colcon_meta'
[0.661s] Level 1:colcon.colcon_core.package_identification:_identify(atob/venv/lib/python3.12/site-packages/pip/_vendor/urllib3/packages/__pycache__) by extensions ['ros']
[0.661s] Level 1:colcon.colcon_core.package_identification:_identify(atob/venv/lib/python3.12/site-packages/pip/_vendor/urllib3/packages/__pycache__) by extension 'ros'
[0.662s] Level 1:colcon.colcon_core.package_identification:_identify(atob/venv/lib/python3.12/site-packages/pip/_vendor/urllib3/packages/__pycache__) by extensions ['cmake', 'python']
[0.662s] Level 1:colcon.colcon_core.package_identification:_identify(atob/venv/lib/python3.12/site-packages/pip/_vendor/urllib3/packages/__pycache__) by extension 'cmake'
[0.662s] Level 1:colcon.colcon_core.package_identification:_identify(atob/venv/lib/python3.12/site-packages/pip/_vendor/urllib3/packages/__pycache__) by extension 'python'
[0.662s] Level 1:colcon.colcon_core.package_identification:_identify(atob/venv/lib/python3.12/site-packages/pip/_vendor/urllib3/packages/__pycache__) by extensions ['python_setup_py']
[0.662s] Level 1:colcon.colcon_core.package_identification:_identify(atob/venv/lib/python3.12/site-packages/pip/_vendor/urllib3/packages/__pycache__) by extension 'python_setup_py'
[0.662s] Level 1:colcon.colcon_core.package_identification:_identify(atob/venv/lib/python3.12/site-packages/pip/_vendor/urllib3/packages/backports) by extensions ['ignore', 'ignore_ament_install']
[0.662s] Level 1:colcon.colcon_core.package_identification:_identify(atob/venv/lib/python3.12/site-packages/pip/_vendor/urllib3/packages/backports) by extension 'ignore'
[0.662s] Level 1:colcon.colcon_core.package_identification:_identify(atob/venv/lib/python3.12/site-packages/pip/_vendor/urllib3/packages/backports) by extension 'ignore_ament_install'
[0.662s] Level 1:colcon.colcon_core.package_identification:_identify(atob/venv/lib/python3.12/site-packages/pip/_vendor/urllib3/packages/backports) by extensions ['colcon_pkg']
[0.662s] Level 1:colcon.colcon_core.package_identification:_identify(atob/venv/lib/python3.12/site-packages/pip/_vendor/urllib3/packages/backports) by extension 'colcon_pkg'
[0.662s] Level 1:colcon.colcon_core.package_identification:_identify(atob/venv/lib/python3.12/site-packages/pip/_vendor/urllib3/packages/backports) by extensions ['colcon_meta']
[0.662s] Level 1:colcon.colcon_core.package_identification:_identify(atob/venv/lib/python3.12/site-packages/pip/_vendor/urllib3/packages/backports) by extension 'colcon_meta'
[0.662s] Level 1:colcon.colcon_core.package_identification:_identify(atob/venv/lib/python3.12/site-packages/pip/_vendor/urllib3/packages/backports) by extensions ['ros']
[0.662s] Level 1:colcon.colcon_core.package_identification:_identify(atob/venv/lib/python3.12/site-packages/pip/_vendor/urllib3/packages/backports) by extension 'ros'
[0.662s] Level 1:colcon.colcon_core.package_identification:_identify(atob/venv/lib/python3.12/site-packages/pip/_vendor/urllib3/packages/backports) by extensions ['cmake', 'python']
[0.662s] Level 1:colcon.colcon_core.package_identification:_identify(atob/venv/lib/python3.12/site-packages/pip/_vendor/urllib3/packages/backports) by extension 'cmake'
[0.662s] Level 1:colcon.colcon_core.package_identification:_identify(atob/venv/lib/python3.12/site-packages/pip/_vendor/urllib3/packages/backports) by extension 'python'
[0.663s] Level 1:colcon.colcon_core.package_identification:_identify(atob/venv/lib/python3.12/site-packages/pip/_vendor/urllib3/packages/backports) by extensions ['python_setup_py']
[0.663s] Level 1:colcon.colcon_core.package_identification:_identify(atob/venv/lib/python3.12/site-packages/pip/_vendor/urllib3/packages/backports) by extension 'python_setup_py'
[0.663s] Level 1:colcon.colcon_core.package_identification:_identify(atob/venv/lib/python3.12/site-packages/pip/_vendor/urllib3/packages/backports/__pycache__) by extensions ['ignore', 'ignore_ament_install']
[0.663s] Level 1:colcon.colcon_core.package_identification:_identify(atob/venv/lib/python3.12/site-packages/pip/_vendor/urllib3/packages/backports/__pycache__) by extension 'ignore'
[0.663s] Level 1:colcon.colcon_core.package_identification:_identify(atob/venv/lib/python3.12/site-packages/pip/_vendor/urllib3/packages/backports/__pycache__) by extension 'ignore_ament_install'
[0.663s] Level 1:colcon.colcon_core.package_identification:_identify(atob/venv/lib/python3.12/site-packages/pip/_vendor/urllib3/packages/backports/__pycache__) by extensions ['colcon_pkg']
[0.663s] Level 1:colcon.colcon_core.package_identification:_identify(atob/venv/lib/python3.12/site-packages/pip/_vendor/urllib3/packages/backports/__pycache__) by extension 'colcon_pkg'
[0.663s] Level 1:colcon.colcon_core.package_identification:_identify(atob/venv/lib/python3.12/site-packages/pip/_vendor/urllib3/packages/backports/__pycache__) by extensions ['colcon_meta']
[0.663s] Level 1:colcon.colcon_core.package_identification:_identify(atob/venv/lib/python3.12/site-packages/pip/_vendor/urllib3/packages/backports/__pycache__) by extension 'colcon_meta'
[0.663s] Level 1:colcon.colcon_core.package_identification:_identify(atob/venv/lib/python3.12/site-packages/pip/_vendor/urllib3/packages/backports/__pycache__) by extensions ['ros']
[0.663s] Level 1:colcon.colcon_core.package_identification:_identify(atob/venv/lib/python3.12/site-packages/pip/_vendor/urllib3/packages/backports/__pycache__) by extension 'ros'
[0.663s] Level 1:colcon.colcon_core.package_identification:_identify(atob/venv/lib/python3.12/site-packages/pip/_vendor/urllib3/packages/backports/__pycache__) by extensions ['cmake', 'python']
[0.663s] Level 1:colcon.colcon_core.package_identification:_identify(atob/venv/lib/python3.12/site-packages/pip/_vendor/urllib3/packages/backports/__pycache__) by extension 'cmake'
[0.663s] Level 1:colcon.colcon_core.package_identification:_identify(atob/venv/lib/python3.12/site-packages/pip/_vendor/urllib3/packages/backports/__pycache__) by extension 'python'
[0.663s] Level 1:colcon.colcon_core.package_identification:_identify(atob/venv/lib/python3.12/site-packages/pip/_vendor/urllib3/packages/backports/__pycache__) by extensions ['python_setup_py']
[0.663s] Level 1:colcon.colcon_core.package_identification:_identify(atob/venv/lib/python3.12/site-packages/pip/_vendor/urllib3/packages/backports/__pycache__) by extension 'python_setup_py'
[0.664s] Level 1:colcon.colcon_core.package_identification:_identify(atob/venv/lib/python3.12/site-packages/pip/_vendor/urllib3/util) by extensions ['ignore', 'ignore_ament_install']
[0.664s] Level 1:colcon.colcon_core.package_identification:_identify(atob/venv/lib/python3.12/site-packages/pip/_vendor/urllib3/util) by extension 'ignore'
[0.664s] Level 1:colcon.colcon_core.package_identification:_identify(atob/venv/lib/python3.12/site-packages/pip/_vendor/urllib3/util) by extension 'ignore_ament_install'
[0.664s] Level 1:colcon.colcon_core.package_identification:_identify(atob/venv/lib/python3.12/site-packages/pip/_vendor/urllib3/util) by extensions ['colcon_pkg']
[0.664s] Level 1:colcon.colcon_core.package_identification:_identify(atob/venv/lib/python3.12/site-packages/pip/_vendor/urllib3/util) by extension 'colcon_pkg'
[0.664s] Level 1:colcon.colcon_core.package_identification:_identify(atob/venv/lib/python3.12/site-packages/pip/_vendor/urllib3/util) by extensions ['colcon_meta']
[0.664s] Level 1:colcon.colcon_core.package_identification:_identify(atob/venv/lib/python3.12/site-packages/pip/_vendor/urllib3/util) by extension 'colcon_meta'
[0.664s] Level 1:colcon.colcon_core.package_identification:_identify(atob/venv/lib/python3.12/site-packages/pip/_vendor/urllib3/util) by extensions ['ros']
[0.664s] Level 1:colcon.colcon_core.package_identification:_identify(atob/venv/lib/python3.12/site-packages/pip/_vendor/urllib3/util) by extension 'ros'
[0.664s] Level 1:colcon.colcon_core.package_identification:_identify(atob/venv/lib/python3.12/site-packages/pip/_vendor/urllib3/util) by extensions ['cmake', 'python']
[0.664s] Level 1:colcon.colcon_core.package_identification:_identify(atob/venv/lib/python3.12/site-packages/pip/_vendor/urllib3/util) by extension 'cmake'
[0.664s] Level 1:colcon.colcon_core.package_identification:_identify(atob/venv/lib/python3.12/site-packages/pip/_vendor/urllib3/util) by extension 'python'
[0.664s] Level 1:colcon.colcon_core.package_identification:_identify(atob/venv/lib/python3.12/site-packages/pip/_vendor/urllib3/util) by extensions ['python_setup_py']
[0.664s] Level 1:colcon.colcon_core.package_identification:_identify(atob/venv/lib/python3.12/site-packages/pip/_vendor/urllib3/util) by extension 'python_setup_py'
[0.664s] Level 1:colcon.colcon_core.package_identification:_identify(atob/venv/lib/python3.12/site-packages/pip/_vendor/urllib3/util/__pycache__) by extensions ['ignore', 'ignore_ament_install']
[0.664s] Level 1:colcon.colcon_core.package_identification:_identify(atob/venv/lib/python3.12/site-packages/pip/_vendor/urllib3/util/__pycache__) by extension 'ignore'
[0.665s] Level 1:colcon.colcon_core.package_identification:_identify(atob/venv/lib/python3.12/site-packages/pip/_vendor/urllib3/util/__pycache__) by extension 'ignore_ament_install'
[0.665s] Level 1:colcon.colcon_core.package_identification:_identify(atob/venv/lib/python3.12/site-packages/pip/_vendor/urllib3/util/__pycache__) by extensions ['colcon_pkg']
[0.665s] Level 1:colcon.colcon_core.package_identification:_identify(atob/venv/lib/python3.12/site-packages/pip/_vendor/urllib3/util/__pycache__) by extension 'colcon_pkg'
[0.665s] Level 1:colcon.colcon_core.package_identification:_identify(atob/venv/lib/python3.12/site-packages/pip/_vendor/urllib3/util/__pycache__) by extensions ['colcon_meta']
[0.665s] Level 1:colcon.colcon_core.package_identification:_identify(atob/venv/lib/python3.12/site-packages/pip/_vendor/urllib3/util/__pycache__) by extension 'colcon_meta'
[0.665s] Level 1:colcon.colcon_core.package_identification:_identify(atob/venv/lib/python3.12/site-packages/pip/_vendor/urllib3/util/__pycache__) by extensions ['ros']
[0.665s] Level 1:colcon.colcon_core.package_identification:_identify(atob/venv/lib/python3.12/site-packages/pip/_vendor/urllib3/util/__pycache__) by extension 'ros'
[0.665s] Level 1:colcon.colcon_core.package_identification:_identify(atob/venv/lib/python3.12/site-packages/pip/_vendor/urllib3/util/__pycache__) by extensions ['cmake', 'python']
[0.665s] Level 1:colcon.colcon_core.package_identification:_identify(atob/venv/lib/python3.12/site-packages/pip/_vendor/urllib3/util/__pycache__) by extension 'cmake'
[0.665s] Level 1:colcon.colcon_core.package_identification:_identify(atob/venv/lib/python3.12/site-packages/pip/_vendor/urllib3/util/__pycache__) by extension 'python'
[0.665s] Level 1:colcon.colcon_core.package_identification:_identify(atob/venv/lib/python3.12/site-packages/pip/_vendor/urllib3/util/__pycache__) by extensions ['python_setup_py']
[0.665s] Level 1:colcon.colcon_core.package_identification:_identify(atob/venv/lib/python3.12/site-packages/pip/_vendor/urllib3/util/__pycache__) by extension 'python_setup_py'
[0.665s] Level 1:colcon.colcon_core.package_identification:_identify(atob/venv/lib/python3.12/site-packages/pip-26.0.1.dist-info) by extensions ['ignore', 'ignore_ament_install']
[0.665s] Level 1:colcon.colcon_core.package_identification:_identify(atob/venv/lib/python3.12/site-packages/pip-26.0.1.dist-info) by extension 'ignore'
[0.665s] Level 1:colcon.colcon_core.package_identification:_identify(atob/venv/lib/python3.12/site-packages/pip-26.0.1.dist-info) by extension 'ignore_ament_install'
[0.665s] Level 1:colcon.colcon_core.package_identification:_identify(atob/venv/lib/python3.12/site-packages/pip-26.0.1.dist-info) by extensions ['colcon_pkg']
[0.665s] Level 1:colcon.colcon_core.package_identification:_identify(atob/venv/lib/python3.12/site-packages/pip-26.0.1.dist-info) by extension 'colcon_pkg'
[0.665s] Level 1:colcon.colcon_core.package_identification:_identify(atob/venv/lib/python3.12/site-packages/pip-26.0.1.dist-info) by extensions ['colcon_meta']
[0.665s] Level 1:colcon.colcon_core.package_identification:_identify(atob/venv/lib/python3.12/site-packages/pip-26.0.1.dist-info) by extension 'colcon_meta'
[0.666s] Level 1:colcon.colcon_core.package_identification:_identify(atob/venv/lib/python3.12/site-packages/pip-26.0.1.dist-info) by extensions ['ros']
[0.666s] Level 1:colcon.colcon_core.package_identification:_identify(atob/venv/lib/python3.12/site-packages/pip-26.0.1.dist-info) by extension 'ros'
[0.666s] Level 1:colcon.colcon_core.package_identification:_identify(atob/venv/lib/python3.12/site-packages/pip-26.0.1.dist-info) by extensions ['cmake', 'python']
[0.666s] Level 1:colcon.colcon_core.package_identification:_identify(atob/venv/lib/python3.12/site-packages/pip-26.0.1.dist-info) by extension 'cmake'
[0.666s] Level 1:colcon.colcon_core.package_identification:_identify(atob/venv/lib/python3.12/site-packages/pip-26.0.1.dist-info) by extension 'python'
[0.666s] Level 1:colcon.colcon_core.package_identification:_identify(atob/venv/lib/python3.12/site-packages/pip-26.0.1.dist-info) by extensions ['python_setup_py']
[0.666s] Level 1:colcon.colcon_core.package_identification:_identify(atob/venv/lib/python3.12/site-packages/pip-26.0.1.dist-info) by extension 'python_setup_py'
[0.666s] Level 1:colcon.colcon_core.package_identification:_identify(atob/venv/lib/python3.12/site-packages/pip-26.0.1.dist-info/licenses) by extensions ['ignore', 'ignore_ament_install']
[0.666s] Level 1:colcon.colcon_core.package_identification:_identify(atob/venv/lib/python3.12/site-packages/pip-26.0.1.dist-info/licenses) by extension 'ignore'
[0.666s] Level 1:colcon.colcon_core.package_identification:_identify(atob/venv/lib/python3.12/site-packages/pip-26.0.1.dist-info/licenses) by extension 'ignore_ament_install'
[0.666s] Level 1:colcon.colcon_core.package_identification:_identify(atob/venv/lib/python3.12/site-packages/pip-26.0.1.dist-info/licenses) by extensions ['colcon_pkg']
[0.666s] Level 1:colcon.colcon_core.package_identification:_identify(atob/venv/lib/python3.12/site-packages/pip-26.0.1.dist-info/licenses) by extension 'colcon_pkg'
[0.666s] Level 1:colcon.colcon_core.package_identification:_identify(atob/venv/lib/python3.12/site-packages/pip-26.0.1.dist-info/licenses) by extensions ['colcon_meta']
[0.666s] Level 1:colcon.colcon_core.package_identification:_identify(atob/venv/lib/python3.12/site-packages/pip-26.0.1.dist-info/licenses) by extension 'colcon_meta'
[0.666s] Level 1:colcon.colcon_core.package_identification:_identify(atob/venv/lib/python3.12/site-packages/pip-26.0.1.dist-info/licenses) by extensions ['ros']
[0.666s] Level 1:colcon.colcon_core.package_identification:_identify(atob/venv/lib/python3.12/site-packages/pip-26.0.1.dist-info/licenses) by extension 'ros'
[0.666s] Level 1:colcon.colcon_core.package_identification:_identify(atob/venv/lib/python3.12/site-packages/pip-26.0.1.dist-info/licenses) by extensions ['cmake', 'python']
[0.666s] Level 1:colcon.colcon_core.package_identification:_identify(atob/venv/lib/python3.12/site-packages/pip-26.0.1.dist-info/licenses) by extension 'cmake'
[0.666s] Level 1:colcon.colcon_core.package_identification:_identify(atob/venv/lib/python3.12/site-packages/pip-26.0.1.dist-info/licenses) by extension 'python'
[0.667s] Level 1:colcon.colcon_core.package_identification:_identify(atob/venv/lib/python3.12/site-packages/pip-26.0.1.dist-info/licenses) by extensions ['python_setup_py']
[0.667s] Level 1:colcon.colcon_core.package_identification:_identify(atob/venv/lib/python3.12/site-packages/pip-26.0.1.dist-info/licenses) by extension 'python_setup_py'
[0.667s] Level 1:colcon.colcon_core.package_identification:_identify(atob/venv/lib/python3.12/site-packages/pip-26.0.1.dist-info/licenses/src) by extensions ['ignore', 'ignore_ament_install']
[0.667s] Level 1:colcon.colcon_core.package_identification:_identify(atob/venv/lib/python3.12/site-packages/pip-26.0.1.dist-info/licenses/src) by extension 'ignore'
[0.667s] Level 1:colcon.colcon_core.package_identification:_identify(atob/venv/lib/python3.12/site-packages/pip-26.0.1.dist-info/licenses/src) by extension 'ignore_ament_install'
[0.667s] Level 1:colcon.colcon_core.package_identification:_identify(atob/venv/lib/python3.12/site-packages/pip-26.0.1.dist-info/licenses/src) by extensions ['colcon_pkg']
[0.667s] Level 1:colcon.colcon_core.package_identification:_identify(atob/venv/lib/python3.12/site-packages/pip-26.0.1.dist-info/licenses/src) by extension 'colcon_pkg'
[0.667s] Level 1:colcon.colcon_core.package_identification:_identify(atob/venv/lib/python3.12/site-packages/pip-26.0.1.dist-info/licenses/src) by extensions ['colcon_meta']
[0.667s] Level 1:colcon.colcon_core.package_identification:_identify(atob/venv/lib/python3.12/site-packages/pip-26.0.1.dist-info/licenses/src) by extension 'colcon_meta'
[0.667s] Level 1:colcon.colcon_core.package_identification:_identify(atob/venv/lib/python3.12/site-packages/pip-26.0.1.dist-info/licenses/src) by extensions ['ros']
[0.667s] Level 1:colcon.colcon_core.package_identification:_identify(atob/venv/lib/python3.12/site-packages/pip-26.0.1.dist-info/licenses/src) by extension 'ros'
[0.667s] Level 1:colcon.colcon_core.package_identification:_identify(atob/venv/lib/python3.12/site-packages/pip-26.0.1.dist-info/licenses/src) by extensions ['cmake', 'python']
[0.667s] Level 1:colcon.colcon_core.package_identification:_identify(atob/venv/lib/python3.12/site-packages/pip-26.0.1.dist-info/licenses/src) by extension 'cmake'
[0.667s] Level 1:colcon.colcon_core.package_identification:_identify(atob/venv/lib/python3.12/site-packages/pip-26.0.1.dist-info/licenses/src) by extension 'python'
[0.667s] Level 1:colcon.colcon_core.package_identification:_identify(atob/venv/lib/python3.12/site-packages/pip-26.0.1.dist-info/licenses/src) by extensions ['python_setup_py']
[0.667s] Level 1:colcon.colcon_core.package_identification:_identify(atob/venv/lib/python3.12/site-packages/pip-26.0.1.dist-info/licenses/src) by extension 'python_setup_py'
[0.667s] Level 1:colcon.colcon_core.package_identification:_identify(atob/venv/lib/python3.12/site-packages/pip-26.0.1.dist-info/licenses/src/pip) by extensions ['ignore', 'ignore_ament_install']
[0.667s] Level 1:colcon.colcon_core.package_identification:_identify(atob/venv/lib/python3.12/site-packages/pip-26.0.1.dist-info/licenses/src/pip) by extension 'ignore'
[0.668s] Level 1:colcon.colcon_core.package_identification:_identify(atob/venv/lib/python3.12/site-packages/pip-26.0.1.dist-info/licenses/src/pip) by extension 'ignore_ament_install'
[0.668s] Level 1:colcon.colcon_core.package_identification:_identify(atob/venv/lib/python3.12/site-packages/pip-26.0.1.dist-info/licenses/src/pip) by extensions ['colcon_pkg']
[0.668s] Level 1:colcon.colcon_core.package_identification:_identify(atob/venv/lib/python3.12/site-packages/pip-26.0.1.dist-info/licenses/src/pip) by extension 'colcon_pkg'
[0.668s] Level 1:colcon.colcon_core.package_identification:_identify(atob/venv/lib/python3.12/site-packages/pip-26.0.1.dist-info/licenses/src/pip) by extensions ['colcon_meta']
[0.668s] Level 1:colcon.colcon_core.package_identification:_identify(atob/venv/lib/python3.12/site-packages/pip-26.0.1.dist-info/licenses/src/pip) by extension 'colcon_meta'
[0.668s] Level 1:colcon.colcon_core.package_identification:_identify(atob/venv/lib/python3.12/site-packages/pip-26.0.1.dist-info/licenses/src/pip) by extensions ['ros']
[0.668s] Level 1:colcon.colcon_core.package_identification:_identify(atob/venv/lib/python3.12/site-packages/pip-26.0.1.dist-info/licenses/src/pip) by extension 'ros'
[0.668s] Level 1:colcon.colcon_core.package_identification:_identify(atob/venv/lib/python3.12/site-packages/pip-26.0.1.dist-info/licenses/src/pip) by extensions ['cmake', 'python']
[0.668s] Level 1:colcon.colcon_core.package_identification:_identify(atob/venv/lib/python3.12/site-packages/pip-26.0.1.dist-info/licenses/src/pip) by extension 'cmake'
[0.668s] Level 1:colcon.colcon_core.package_identification:_identify(atob/venv/lib/python3.12/site-packages/pip-26.0.1.dist-info/licenses/src/pip) by extension 'python'
[0.668s] Level 1:colcon.colcon_core.package_identification:_identify(atob/venv/lib/python3.12/site-packages/pip-26.0.1.dist-info/licenses/src/pip) by extensions ['python_setup_py']
[0.668s] Level 1:colcon.colcon_core.package_identification:_identify(atob/venv/lib/python3.12/site-packages/pip-26.0.1.dist-info/licenses/src/pip) by extension 'python_setup_py'
[0.668s] Level 1:colcon.colcon_core.package_identification:_identify(atob/venv/lib/python3.12/site-packages/pip-26.0.1.dist-info/licenses/src/pip/_vendor) by extensions ['ignore', 'ignore_ament_install']
[0.668s] Level 1:colcon.colcon_core.package_identification:_identify(atob/venv/lib/python3.12/site-packages/pip-26.0.1.dist-info/licenses/src/pip/_vendor) by extension 'ignore'
[0.668s] Level 1:colcon.colcon_core.package_identification:_identify(atob/venv/lib/python3.12/site-packages/pip-26.0.1.dist-info/licenses/src/pip/_vendor) by extension 'ignore_ament_install'
[0.668s] Level 1:colcon.colcon_core.package_identification:_identify(atob/venv/lib/python3.12/site-packages/pip-26.0.1.dist-info/licenses/src/pip/_vendor) by extensions ['colcon_pkg']
[0.668s] Level 1:colcon.colcon_core.package_identification:_identify(atob/venv/lib/python3.12/site-packages/pip-26.0.1.dist-info/licenses/src/pip/_vendor) by extension 'colcon_pkg'
[0.669s] Level 1:colcon.colcon_core.package_identification:_identify(atob/venv/lib/python3.12/site-packages/pip-26.0.1.dist-info/licenses/src/pip/_vendor) by extensions ['colcon_meta']
[0.669s] Level 1:colcon.colcon_core.package_identification:_identify(atob/venv/lib/python3.12/site-packages/pip-26.0.1.dist-info/licenses/src/pip/_vendor) by extension 'colcon_meta'
[0.669s] Level 1:colcon.colcon_core.package_identification:_identify(atob/venv/lib/python3.12/site-packages/pip-26.0.1.dist-info/licenses/src/pip/_vendor) by extensions ['ros']
[0.669s] Level 1:colcon.colcon_core.package_identification:_identify(atob/venv/lib/python3.12/site-packages/pip-26.0.1.dist-info/licenses/src/pip/_vendor) by extension 'ros'
[0.669s] Level 1:colcon.colcon_core.package_identification:_identify(atob/venv/lib/python3.12/site-packages/pip-26.0.1.dist-info/licenses/src/pip/_vendor) by extensions ['cmake', 'python']
[0.669s] Level 1:colcon.colcon_core.package_identification:_identify(atob/venv/lib/python3.12/site-packages/pip-26.0.1.dist-info/licenses/src/pip/_vendor) by extension 'cmake'
[0.669s] Level 1:colcon.colcon_core.package_identification:_identify(atob/venv/lib/python3.12/site-packages/pip-26.0.1.dist-info/licenses/src/pip/_vendor) by extension 'python'
[0.669s] Level 1:colcon.colcon_core.package_identification:_identify(atob/venv/lib/python3.12/site-packages/pip-26.0.1.dist-info/licenses/src/pip/_vendor) by extensions ['python_setup_py']
[0.669s] Level 1:colcon.colcon_core.package_identification:_identify(atob/venv/lib/python3.12/site-packages/pip-26.0.1.dist-info/licenses/src/pip/_vendor) by extension 'python_setup_py'
[0.669s] Level 1:colcon.colcon_core.package_identification:_identify(atob/venv/lib/python3.12/site-packages/pip-26.0.1.dist-info/licenses/src/pip/_vendor/cachecontrol) by extensions ['ignore', 'ignore_ament_install']
[0.669s] Level 1:colcon.colcon_core.package_identification:_identify(atob/venv/lib/python3.12/site-packages/pip-26.0.1.dist-info/licenses/src/pip/_vendor/cachecontrol) by extension 'ignore'
[0.669s] Level 1:colcon.colcon_core.package_identification:_identify(atob/venv/lib/python3.12/site-packages/pip-26.0.1.dist-info/licenses/src/pip/_vendor/cachecontrol) by extension 'ignore_ament_install'
[0.670s] Level 1:colcon.colcon_core.package_identification:_identify(atob/venv/lib/python3.12/site-packages/pip-26.0.1.dist-info/licenses/src/pip/_vendor/cachecontrol) by extensions ['colcon_pkg']
[0.670s] Level 1:colcon.colcon_core.package_identification:_identify(atob/venv/lib/python3.12/site-packages/pip-26.0.1.dist-info/licenses/src/pip/_vendor/cachecontrol) by extension 'colcon_pkg'
[0.670s] Level 1:colcon.colcon_core.package_identification:_identify(atob/venv/lib/python3.12/site-packages/pip-26.0.1.dist-info/licenses/src/pip/_vendor/cachecontrol) by extensions ['colcon_meta']
[0.670s] Level 1:colcon.colcon_core.package_identification:_identify(atob/venv/lib/python3.12/site-packages/pip-26.0.1.dist-info/licenses/src/pip/_vendor/cachecontrol) by extension 'colcon_meta'
[0.670s] Level 1:colcon.colcon_core.package_identification:_identify(atob/venv/lib/python3.12/site-packages/pip-26.0.1.dist-info/licenses/src/pip/_vendor/cachecontrol) by extensions ['ros']
[0.670s] Level 1:colcon.colcon_core.package_identification:_identify(atob/venv/lib/python3.12/site-packages/pip-26.0.1.dist-info/licenses/src/pip/_vendor/cachecontrol) by extension 'ros'
[0.670s] Level 1:colcon.colcon_core.package_identification:_identify(atob/venv/lib/python3.12/site-packages/pip-26.0.1.dist-info/licenses/src/pip/_vendor/cachecontrol) by extensions ['cmake', 'python']
[0.670s] Level 1:colcon.colcon_core.package_identification:_identify(atob/venv/lib/python3.12/site-packages/pip-26.0.1.dist-info/licenses/src/pip/_vendor/cachecontrol) by extension 'cmake'
[0.670s] Level 1:colcon.colcon_core.package_identification:_identify(atob/venv/lib/python3.12/site-packages/pip-26.0.1.dist-info/licenses/src/pip/_vendor/cachecontrol) by extension 'python'
[0.670s] Level 1:colcon.colcon_core.package_identification:_identify(atob/venv/lib/python3.12/site-packages/pip-26.0.1.dist-info/licenses/src/pip/_vendor/cachecontrol) by extensions ['python_setup_py']
[0.670s] Level 1:colcon.colcon_core.package_identification:_identify(atob/venv/lib/python3.12/site-packages/pip-26.0.1.dist-info/licenses/src/pip/_vendor/cachecontrol) by extension 'python_setup_py'
[0.670s] Level 1:colcon.colcon_core.package_identification:_identify(atob/venv/lib/python3.12/site-packages/pip-26.0.1.dist-info/licenses/src/pip/_vendor/certifi) by extensions ['ignore', 'ignore_ament_install']
[0.670s] Level 1:colcon.colcon_core.package_identification:_identify(atob/venv/lib/python3.12/site-packages/pip-26.0.1.dist-info/licenses/src/pip/_vendor/certifi) by extension 'ignore'
[0.670s] Level 1:colcon.colcon_core.package_identification:_identify(atob/venv/lib/python3.12/site-packages/pip-26.0.1.dist-info/licenses/src/pip/_vendor/certifi) by extension 'ignore_ament_install'
[0.670s] Level 1:colcon.colcon_core.package_identification:_identify(atob/venv/lib/python3.12/site-packages/pip-26.0.1.dist-info/licenses/src/pip/_vendor/certifi) by extensions ['colcon_pkg']
[0.670s] Level 1:colcon.colcon_core.package_identification:_identify(atob/venv/lib/python3.12/site-packages/pip-26.0.1.dist-info/licenses/src/pip/_vendor/certifi) by extension 'colcon_pkg'
[0.670s] Level 1:colcon.colcon_core.package_identification:_identify(atob/venv/lib/python3.12/site-packages/pip-26.0.1.dist-info/licenses/src/pip/_vendor/certifi) by extensions ['colcon_meta']
[0.671s] Level 1:colcon.colcon_core.package_identification:_identify(atob/venv/lib/python3.12/site-packages/pip-26.0.1.dist-info/licenses/src/pip/_vendor/certifi) by extension 'colcon_meta'
[0.671s] Level 1:colcon.colcon_core.package_identification:_identify(atob/venv/lib/python3.12/site-packages/pip-26.0.1.dist-info/licenses/src/pip/_vendor/certifi) by extensions ['ros']
[0.671s] Level 1:colcon.colcon_core.package_identification:_identify(atob/venv/lib/python3.12/site-packages/pip-26.0.1.dist-info/licenses/src/pip/_vendor/certifi) by extension 'ros'
[0.671s] Level 1:colcon.colcon_core.package_identification:_identify(atob/venv/lib/python3.12/site-packages/pip-26.0.1.dist-info/licenses/src/pip/_vendor/certifi) by extensions ['cmake', 'python']
[0.671s] Level 1:colcon.colcon_core.package_identification:_identify(atob/venv/lib/python3.12/site-packages/pip-26.0.1.dist-info/licenses/src/pip/_vendor/certifi) by extension 'cmake'
[0.671s] Level 1:colcon.colcon_core.package_identification:_identify(atob/venv/lib/python3.12/site-packages/pip-26.0.1.dist-info/licenses/src/pip/_vendor/certifi) by extension 'python'
[0.671s] Level 1:colcon.colcon_core.package_identification:_identify(atob/venv/lib/python3.12/site-packages/pip-26.0.1.dist-info/licenses/src/pip/_vendor/certifi) by extensions ['python_setup_py']
[0.671s] Level 1:colcon.colcon_core.package_identification:_identify(atob/venv/lib/python3.12/site-packages/pip-26.0.1.dist-info/licenses/src/pip/_vendor/certifi) by extension 'python_setup_py'
[0.671s] Level 1:colcon.colcon_core.package_identification:_identify(atob/venv/lib/python3.12/site-packages/pip-26.0.1.dist-info/licenses/src/pip/_vendor/dependency_groups) by extensions ['ignore', 'ignore_ament_install']
[0.671s] Level 1:colcon.colcon_core.package_identification:_identify(atob/venv/lib/python3.12/site-packages/pip-26.0.1.dist-info/licenses/src/pip/_vendor/dependency_groups) by extension 'ignore'
[0.671s] Level 1:colcon.colcon_core.package_identification:_identify(atob/venv/lib/python3.12/site-packages/pip-26.0.1.dist-info/licenses/src/pip/_vendor/dependency_groups) by extension 'ignore_ament_install'
[0.671s] Level 1:colcon.colcon_core.package_identification:_identify(atob/venv/lib/python3.12/site-packages/pip-26.0.1.dist-info/licenses/src/pip/_vendor/dependency_groups) by extensions ['colcon_pkg']
[0.671s] Level 1:colcon.colcon_core.package_identification:_identify(atob/venv/lib/python3.12/site-packages/pip-26.0.1.dist-info/licenses/src/pip/_vendor/dependency_groups) by extension 'colcon_pkg'
[0.671s] Level 1:colcon.colcon_core.package_identification:_identify(atob/venv/lib/python3.12/site-packages/pip-26.0.1.dist-info/licenses/src/pip/_vendor/dependency_groups) by extensions ['colcon_meta']
[0.671s] Level 1:colcon.colcon_core.package_identification:_identify(atob/venv/lib/python3.12/site-packages/pip-26.0.1.dist-info/licenses/src/pip/_vendor/dependency_groups) by extension 'colcon_meta'
[0.671s] Level 1:colcon.colcon_core.package_identification:_identify(atob/venv/lib/python3.12/site-packages/pip-26.0.1.dist-info/licenses/src/pip/_vendor/dependency_groups) by extensions ['ros']
[0.671s] Level 1:colcon.colcon_core.package_identification:_identify(atob/venv/lib/python3.12/site-packages/pip-26.0.1.dist-info/licenses/src/pip/_vendor/dependency_groups) by extension 'ros'
[0.672s] Level 1:colcon.colcon_core.package_identification:_identify(atob/venv/lib/python3.12/site-packages/pip-26.0.1.dist-info/licenses/src/pip/_vendor/dependency_groups) by extensions ['cmake', 'python']
[0.672s] Level 1:colcon.colcon_core.package_identification:_identify(atob/venv/lib/python3.12/site-packages/pip-26.0.1.dist-info/licenses/src/pip/_vendor/dependency_groups) by extension 'cmake'
[0.672s] Level 1:colcon.colcon_core.package_identification:_identify(atob/venv/lib/python3.12/site-packages/pip-26.0.1.dist-info/licenses/src/pip/_vendor/dependency_groups) by extension 'python'
[0.672s] Level 1:colcon.colcon_core.package_identification:_identify(atob/venv/lib/python3.12/site-packages/pip-26.0.1.dist-info/licenses/src/pip/_vendor/dependency_groups) by extensions ['python_setup_py']
[0.672s] Level 1:colcon.colcon_core.package_identification:_identify(atob/venv/lib/python3.12/site-packages/pip-26.0.1.dist-info/licenses/src/pip/_vendor/dependency_groups) by extension 'python_setup_py'
[0.672s] Level 1:colcon.colcon_core.package_identification:_identify(atob/venv/lib/python3.12/site-packages/pip-26.0.1.dist-info/licenses/src/pip/_vendor/distlib) by extensions ['ignore', 'ignore_ament_install']
[0.672s] Level 1:colcon.colcon_core.package_identification:_identify(atob/venv/lib/python3.12/site-packages/pip-26.0.1.dist-info/licenses/src/pip/_vendor/distlib) by extension 'ignore'
[0.672s] Level 1:colcon.colcon_core.package_identification:_identify(atob/venv/lib/python3.12/site-packages/pip-26.0.1.dist-info/licenses/src/pip/_vendor/distlib) by extension 'ignore_ament_install'
[0.672s] Level 1:colcon.colcon_core.package_identification:_identify(atob/venv/lib/python3.12/site-packages/pip-26.0.1.dist-info/licenses/src/pip/_vendor/distlib) by extensions ['colcon_pkg']
[0.672s] Level 1:colcon.colcon_core.package_identification:_identify(atob/venv/lib/python3.12/site-packages/pip-26.0.1.dist-info/licenses/src/pip/_vendor/distlib) by extension 'colcon_pkg'
[0.672s] Level 1:colcon.colcon_core.package_identification:_identify(atob/venv/lib/python3.12/site-packages/pip-26.0.1.dist-info/licenses/src/pip/_vendor/distlib) by extensions ['colcon_meta']
[0.672s] Level 1:colcon.colcon_core.package_identification:_identify(atob/venv/lib/python3.12/site-packages/pip-26.0.1.dist-info/licenses/src/pip/_vendor/distlib) by extension 'colcon_meta'
[0.672s] Level 1:colcon.colcon_core.package_identification:_identify(atob/venv/lib/python3.12/site-packages/pip-26.0.1.dist-info/licenses/src/pip/_vendor/distlib) by extensions ['ros']
[0.672s] Level 1:colcon.colcon_core.package_identification:_identify(atob/venv/lib/python3.12/site-packages/pip-26.0.1.dist-info/licenses/src/pip/_vendor/distlib) by extension 'ros'
[0.672s] Level 1:colcon.colcon_core.package_identification:_identify(atob/venv/lib/python3.12/site-packages/pip-26.0.1.dist-info/licenses/src/pip/_vendor/distlib) by extensions ['cmake', 'python']
[0.672s] Level 1:colcon.colcon_core.package_identification:_identify(atob/venv/lib/python3.12/site-packages/pip-26.0.1.dist-info/licenses/src/pip/_vendor/distlib) by extension 'cmake'
[0.673s] Level 1:colcon.colcon_core.package_identification:_identify(atob/venv/lib/python3.12/site-packages/pip-26.0.1.dist-info/licenses/src/pip/_vendor/distlib) by extension 'python'
[0.673s] Level 1:colcon.colcon_core.package_identification:_identify(atob/venv/lib/python3.12/site-packages/pip-26.0.1.dist-info/licenses/src/pip/_vendor/distlib) by extensions ['python_setup_py']
[0.673s] Level 1:colcon.colcon_core.package_identification:_identify(atob/venv/lib/python3.12/site-packages/pip-26.0.1.dist-info/licenses/src/pip/_vendor/distlib) by extension 'python_setup_py'
[0.673s] Level 1:colcon.colcon_core.package_identification:_identify(atob/venv/lib/python3.12/site-packages/pip-26.0.1.dist-info/licenses/src/pip/_vendor/distro) by extensions ['ignore', 'ignore_ament_install']
[0.673s] Level 1:colcon.colcon_core.package_identification:_identify(atob/venv/lib/python3.12/site-packages/pip-26.0.1.dist-info/licenses/src/pip/_vendor/distro) by extension 'ignore'
[0.673s] Level 1:colcon.colcon_core.package_identification:_identify(atob/venv/lib/python3.12/site-packages/pip-26.0.1.dist-info/licenses/src/pip/_vendor/distro) by extension 'ignore_ament_install'
[0.673s] Level 1:colcon.colcon_core.package_identification:_identify(atob/venv/lib/python3.12/site-packages/pip-26.0.1.dist-info/licenses/src/pip/_vendor/distro) by extensions ['colcon_pkg']
[0.673s] Level 1:colcon.colcon_core.package_identification:_identify(atob/venv/lib/python3.12/site-packages/pip-26.0.1.dist-info/licenses/src/pip/_vendor/distro) by extension 'colcon_pkg'
[0.673s] Level 1:colcon.colcon_core.package_identification:_identify(atob/venv/lib/python3.12/site-packages/pip-26.0.1.dist-info/licenses/src/pip/_vendor/distro) by extensions ['colcon_meta']
[0.673s] Level 1:colcon.colcon_core.package_identification:_identify(atob/venv/lib/python3.12/site-packages/pip-26.0.1.dist-info/licenses/src/pip/_vendor/distro) by extension 'colcon_meta'
[0.673s] Level 1:colcon.colcon_core.package_identification:_identify(atob/venv/lib/python3.12/site-packages/pip-26.0.1.dist-info/licenses/src/pip/_vendor/distro) by extensions ['ros']
[0.673s] Level 1:colcon.colcon_core.package_identification:_identify(atob/venv/lib/python3.12/site-packages/pip-26.0.1.dist-info/licenses/src/pip/_vendor/distro) by extension 'ros'
[0.673s] Level 1:colcon.colcon_core.package_identification:_identify(atob/venv/lib/python3.12/site-packages/pip-26.0.1.dist-info/licenses/src/pip/_vendor/distro) by extensions ['cmake', 'python']
[0.673s] Level 1:colcon.colcon_core.package_identification:_identify(atob/venv/lib/python3.12/site-packages/pip-26.0.1.dist-info/licenses/src/pip/_vendor/distro) by extension 'cmake'
[0.673s] Level 1:colcon.colcon_core.package_identification:_identify(atob/venv/lib/python3.12/site-packages/pip-26.0.1.dist-info/licenses/src/pip/_vendor/distro) by extension 'python'
[0.673s] Level 1:colcon.colcon_core.package_identification:_identify(atob/venv/lib/python3.12/site-packages/pip-26.0.1.dist-info/licenses/src/pip/_vendor/distro) by extensions ['python_setup_py']
[0.673s] Level 1:colcon.colcon_core.package_identification:_identify(atob/venv/lib/python3.12/site-packages/pip-26.0.1.dist-info/licenses/src/pip/_vendor/distro) by extension 'python_setup_py'
[0.674s] Level 1:colcon.colcon_core.package_identification:_identify(atob/venv/lib/python3.12/site-packages/pip-26.0.1.dist-info/licenses/src/pip/_vendor/idna) by extensions ['ignore', 'ignore_ament_install']
[0.674s] Level 1:colcon.colcon_core.package_identification:_identify(atob/venv/lib/python3.12/site-packages/pip-26.0.1.dist-info/licenses/src/pip/_vendor/idna) by extension 'ignore'
[0.674s] Level 1:colcon.colcon_core.package_identification:_identify(atob/venv/lib/python3.12/site-packages/pip-26.0.1.dist-info/licenses/src/pip/_vendor/idna) by extension 'ignore_ament_install'
[0.674s] Level 1:colcon.colcon_core.package_identification:_identify(atob/venv/lib/python3.12/site-packages/pip-26.0.1.dist-info/licenses/src/pip/_vendor/idna) by extensions ['colcon_pkg']
[0.674s] Level 1:colcon.colcon_core.package_identification:_identify(atob/venv/lib/python3.12/site-packages/pip-26.0.1.dist-info/licenses/src/pip/_vendor/idna) by extension 'colcon_pkg'
[0.674s] Level 1:colcon.colcon_core.package_identification:_identify(atob/venv/lib/python3.12/site-packages/pip-26.0.1.dist-info/licenses/src/pip/_vendor/idna) by extensions ['colcon_meta']
[0.674s] Level 1:colcon.colcon_core.package_identification:_identify(atob/venv/lib/python3.12/site-packages/pip-26.0.1.dist-info/licenses/src/pip/_vendor/idna) by extension 'colcon_meta'
[0.674s] Level 1:colcon.colcon_core.package_identification:_identify(atob/venv/lib/python3.12/site-packages/pip-26.0.1.dist-info/licenses/src/pip/_vendor/idna) by extensions ['ros']
[0.674s] Level 1:colcon.colcon_core.package_identification:_identify(atob/venv/lib/python3.12/site-packages/pip-26.0.1.dist-info/licenses/src/pip/_vendor/idna) by extension 'ros'
[0.674s] Level 1:colcon.colcon_core.package_identification:_identify(atob/venv/lib/python3.12/site-packages/pip-26.0.1.dist-info/licenses/src/pip/_vendor/idna) by extensions ['cmake', 'python']
[0.674s] Level 1:colcon.colcon_core.package_identification:_identify(atob/venv/lib/python3.12/site-packages/pip-26.0.1.dist-info/licenses/src/pip/_vendor/idna) by extension 'cmake'
[0.674s] Level 1:colcon.colcon_core.package_identification:_identify(atob/venv/lib/python3.12/site-packages/pip-26.0.1.dist-info/licenses/src/pip/_vendor/idna) by extension 'python'
[0.674s] Level 1:colcon.colcon_core.package_identification:_identify(atob/venv/lib/python3.12/site-packages/pip-26.0.1.dist-info/licenses/src/pip/_vendor/idna) by extensions ['python_setup_py']
[0.674s] Level 1:colcon.colcon_core.package_identification:_identify(atob/venv/lib/python3.12/site-packages/pip-26.0.1.dist-info/licenses/src/pip/_vendor/idna) by extension 'python_setup_py'
[0.674s] Level 1:colcon.colcon_core.package_identification:_identify(atob/venv/lib/python3.12/site-packages/pip-26.0.1.dist-info/licenses/src/pip/_vendor/msgpack) by extensions ['ignore', 'ignore_ament_install']
[0.674s] Level 1:colcon.colcon_core.package_identification:_identify(atob/venv/lib/python3.12/site-packages/pip-26.0.1.dist-info/licenses/src/pip/_vendor/msgpack) by extension 'ignore'
[0.675s] Level 1:colcon.colcon_core.package_identification:_identify(atob/venv/lib/python3.12/site-packages/pip-26.0.1.dist-info/licenses/src/pip/_vendor/msgpack) by extension 'ignore_ament_install'
[0.675s] Level 1:colcon.colcon_core.package_identification:_identify(atob/venv/lib/python3.12/site-packages/pip-26.0.1.dist-info/licenses/src/pip/_vendor/msgpack) by extensions ['colcon_pkg']
[0.675s] Level 1:colcon.colcon_core.package_identification:_identify(atob/venv/lib/python3.12/site-packages/pip-26.0.1.dist-info/licenses/src/pip/_vendor/msgpack) by extension 'colcon_pkg'
[0.675s] Level 1:colcon.colcon_core.package_identification:_identify(atob/venv/lib/python3.12/site-packages/pip-26.0.1.dist-info/licenses/src/pip/_vendor/msgpack) by extensions ['colcon_meta']
[0.675s] Level 1:colcon.colcon_core.package_identification:_identify(atob/venv/lib/python3.12/site-packages/pip-26.0.1.dist-info/licenses/src/pip/_vendor/msgpack) by extension 'colcon_meta'
[0.675s] Level 1:colcon.colcon_core.package_identification:_identify(atob/venv/lib/python3.12/site-packages/pip-26.0.1.dist-info/licenses/src/pip/_vendor/msgpack) by extensions ['ros']
[0.675s] Level 1:colcon.colcon_core.package_identification:_identify(atob/venv/lib/python3.12/site-packages/pip-26.0.1.dist-info/licenses/src/pip/_vendor/msgpack) by extension 'ros'
[0.675s] Level 1:colcon.colcon_core.package_identification:_identify(atob/venv/lib/python3.12/site-packages/pip-26.0.1.dist-info/licenses/src/pip/_vendor/msgpack) by extensions ['cmake', 'python']
[0.675s] Level 1:colcon.colcon_core.package_identification:_identify(atob/venv/lib/python3.12/site-packages/pip-26.0.1.dist-info/licenses/src/pip/_vendor/msgpack) by extension 'cmake'
[0.675s] Level 1:colcon.colcon_core.package_identification:_identify(atob/venv/lib/python3.12/site-packages/pip-26.0.1.dist-info/licenses/src/pip/_vendor/msgpack) by extension 'python'
[0.675s] Level 1:colcon.colcon_core.package_identification:_identify(atob/venv/lib/python3.12/site-packages/pip-26.0.1.dist-info/licenses/src/pip/_vendor/msgpack) by extensions ['python_setup_py']
[0.675s] Level 1:colcon.colcon_core.package_identification:_identify(atob/venv/lib/python3.12/site-packages/pip-26.0.1.dist-info/licenses/src/pip/_vendor/msgpack) by extension 'python_setup_py'
[0.675s] Level 1:colcon.colcon_core.package_identification:_identify(atob/venv/lib/python3.12/site-packages/pip-26.0.1.dist-info/licenses/src/pip/_vendor/packaging) by extensions ['ignore', 'ignore_ament_install']
[0.675s] Level 1:colcon.colcon_core.package_identification:_identify(atob/venv/lib/python3.12/site-packages/pip-26.0.1.dist-info/licenses/src/pip/_vendor/packaging) by extension 'ignore'
[0.675s] Level 1:colcon.colcon_core.package_identification:_identify(atob/venv/lib/python3.12/site-packages/pip-26.0.1.dist-info/licenses/src/pip/_vendor/packaging) by extension 'ignore_ament_install'
[0.675s] Level 1:colcon.colcon_core.package_identification:_identify(atob/venv/lib/python3.12/site-packages/pip-26.0.1.dist-info/licenses/src/pip/_vendor/packaging) by extensions ['colcon_pkg']
[0.675s] Level 1:colcon.colcon_core.package_identification:_identify(atob/venv/lib/python3.12/site-packages/pip-26.0.1.dist-info/licenses/src/pip/_vendor/packaging) by extension 'colcon_pkg'
[0.675s] Level 1:colcon.colcon_core.package_identification:_identify(atob/venv/lib/python3.12/site-packages/pip-26.0.1.dist-info/licenses/src/pip/_vendor/packaging) by extensions ['colcon_meta']
[0.676s] Level 1:colcon.colcon_core.package_identification:_identify(atob/venv/lib/python3.12/site-packages/pip-26.0.1.dist-info/licenses/src/pip/_vendor/packaging) by extension 'colcon_meta'
[0.676s] Level 1:colcon.colcon_core.package_identification:_identify(atob/venv/lib/python3.12/site-packages/pip-26.0.1.dist-info/licenses/src/pip/_vendor/packaging) by extensions ['ros']
[0.676s] Level 1:colcon.colcon_core.package_identification:_identify(atob/venv/lib/python3.12/site-packages/pip-26.0.1.dist-info/licenses/src/pip/_vendor/packaging) by extension 'ros'
[0.676s] Level 1:colcon.colcon_core.package_identification:_identify(atob/venv/lib/python3.12/site-packages/pip-26.0.1.dist-info/licenses/src/pip/_vendor/packaging) by extensions ['cmake', 'python']
[0.676s] Level 1:colcon.colcon_core.package_identification:_identify(atob/venv/lib/python3.12/site-packages/pip-26.0.1.dist-info/licenses/src/pip/_vendor/packaging) by extension 'cmake'
[0.676s] Level 1:colcon.colcon_core.package_identification:_identify(atob/venv/lib/python3.12/site-packages/pip-26.0.1.dist-info/licenses/src/pip/_vendor/packaging) by extension 'python'
[0.676s] Level 1:colcon.colcon_core.package_identification:_identify(atob/venv/lib/python3.12/site-packages/pip-26.0.1.dist-info/licenses/src/pip/_vendor/packaging) by extensions ['python_setup_py']
[0.676s] Level 1:colcon.colcon_core.package_identification:_identify(atob/venv/lib/python3.12/site-packages/pip-26.0.1.dist-info/licenses/src/pip/_vendor/packaging) by extension 'python_setup_py'
[0.676s] Level 1:colcon.colcon_core.package_identification:_identify(atob/venv/lib/python3.12/site-packages/pip-26.0.1.dist-info/licenses/src/pip/_vendor/pkg_resources) by extensions ['ignore', 'ignore_ament_install']
[0.676s] Level 1:colcon.colcon_core.package_identification:_identify(atob/venv/lib/python3.12/site-packages/pip-26.0.1.dist-info/licenses/src/pip/_vendor/pkg_resources) by extension 'ignore'
[0.676s] Level 1:colcon.colcon_core.package_identification:_identify(atob/venv/lib/python3.12/site-packages/pip-26.0.1.dist-info/licenses/src/pip/_vendor/pkg_resources) by extension 'ignore_ament_install'
[0.676s] Level 1:colcon.colcon_core.package_identification:_identify(atob/venv/lib/python3.12/site-packages/pip-26.0.1.dist-info/licenses/src/pip/_vendor/pkg_resources) by extensions ['colcon_pkg']
[0.676s] Level 1:colcon.colcon_core.package_identification:_identify(atob/venv/lib/python3.12/site-packages/pip-26.0.1.dist-info/licenses/src/pip/_vendor/pkg_resources) by extension 'colcon_pkg'
[0.676s] Level 1:colcon.colcon_core.package_identification:_identify(atob/venv/lib/python3.12/site-packages/pip-26.0.1.dist-info/licenses/src/pip/_vendor/pkg_resources) by extensions ['colcon_meta']
[0.676s] Level 1:colcon.colcon_core.package_identification:_identify(atob/venv/lib/python3.12/site-packages/pip-26.0.1.dist-info/licenses/src/pip/_vendor/pkg_resources) by extension 'colcon_meta'
[0.676s] Level 1:colcon.colcon_core.package_identification:_identify(atob/venv/lib/python3.12/site-packages/pip-26.0.1.dist-info/licenses/src/pip/_vendor/pkg_resources) by extensions ['ros']
[0.676s] Level 1:colcon.colcon_core.package_identification:_identify(atob/venv/lib/python3.12/site-packages/pip-26.0.1.dist-info/licenses/src/pip/_vendor/pkg_resources) by extension 'ros'
[0.677s] Level 1:colcon.colcon_core.package_identification:_identify(atob/venv/lib/python3.12/site-packages/pip-26.0.1.dist-info/licenses/src/pip/_vendor/pkg_resources) by extensions ['cmake', 'python']
[0.677s] Level 1:colcon.colcon_core.package_identification:_identify(atob/venv/lib/python3.12/site-packages/pip-26.0.1.dist-info/licenses/src/pip/_vendor/pkg_resources) by extension 'cmake'
[0.677s] Level 1:colcon.colcon_core.package_identification:_identify(atob/venv/lib/python3.12/site-packages/pip-26.0.1.dist-info/licenses/src/pip/_vendor/pkg_resources) by extension 'python'
[0.677s] Level 1:colcon.colcon_core.package_identification:_identify(atob/venv/lib/python3.12/site-packages/pip-26.0.1.dist-info/licenses/src/pip/_vendor/pkg_resources) by extensions ['python_setup_py']
[0.677s] Level 1:colcon.colcon_core.package_identification:_identify(atob/venv/lib/python3.12/site-packages/pip-26.0.1.dist-info/licenses/src/pip/_vendor/pkg_resources) by extension 'python_setup_py'
[0.677s] Level 1:colcon.colcon_core.package_identification:_identify(atob/venv/lib/python3.12/site-packages/pip-26.0.1.dist-info/licenses/src/pip/_vendor/platformdirs) by extensions ['ignore', 'ignore_ament_install']
[0.677s] Level 1:colcon.colcon_core.package_identification:_identify(atob/venv/lib/python3.12/site-packages/pip-26.0.1.dist-info/licenses/src/pip/_vendor/platformdirs) by extension 'ignore'
[0.677s] Level 1:colcon.colcon_core.package_identification:_identify(atob/venv/lib/python3.12/site-packages/pip-26.0.1.dist-info/licenses/src/pip/_vendor/platformdirs) by extension 'ignore_ament_install'
[0.677s] Level 1:colcon.colcon_core.package_identification:_identify(atob/venv/lib/python3.12/site-packages/pip-26.0.1.dist-info/licenses/src/pip/_vendor/platformdirs) by extensions ['colcon_pkg']
[0.677s] Level 1:colcon.colcon_core.package_identification:_identify(atob/venv/lib/python3.12/site-packages/pip-26.0.1.dist-info/licenses/src/pip/_vendor/platformdirs) by extension 'colcon_pkg'
[0.677s] Level 1:colcon.colcon_core.package_identification:_identify(atob/venv/lib/python3.12/site-packages/pip-26.0.1.dist-info/licenses/src/pip/_vendor/platformdirs) by extensions ['colcon_meta']
[0.677s] Level 1:colcon.colcon_core.package_identification:_identify(atob/venv/lib/python3.12/site-packages/pip-26.0.1.dist-info/licenses/src/pip/_vendor/platformdirs) by extension 'colcon_meta'
[0.677s] Level 1:colcon.colcon_core.package_identification:_identify(atob/venv/lib/python3.12/site-packages/pip-26.0.1.dist-info/licenses/src/pip/_vendor/platformdirs) by extensions ['ros']
[0.677s] Level 1:colcon.colcon_core.package_identification:_identify(atob/venv/lib/python3.12/site-packages/pip-26.0.1.dist-info/licenses/src/pip/_vendor/platformdirs) by extension 'ros'
[0.677s] Level 1:colcon.colcon_core.package_identification:_identify(atob/venv/lib/python3.12/site-packages/pip-26.0.1.dist-info/licenses/src/pip/_vendor/platformdirs) by extensions ['cmake', 'python']
[0.677s] Level 1:colcon.colcon_core.package_identification:_identify(atob/venv/lib/python3.12/site-packages/pip-26.0.1.dist-info/licenses/src/pip/_vendor/platformdirs) by extension 'cmake'
[0.677s] Level 1:colcon.colcon_core.package_identification:_identify(atob/venv/lib/python3.12/site-packages/pip-26.0.1.dist-info/licenses/src/pip/_vendor/platformdirs) by extension 'python'
[0.677s] Level 1:colcon.colcon_core.package_identification:_identify(atob/venv/lib/python3.12/site-packages/pip-26.0.1.dist-info/licenses/src/pip/_vendor/platformdirs) by extensions ['python_setup_py']
[0.678s] Level 1:colcon.colcon_core.package_identification:_identify(atob/venv/lib/python3.12/site-packages/pip-26.0.1.dist-info/licenses/src/pip/_vendor/platformdirs) by extension 'python_setup_py'
[0.678s] Level 1:colcon.colcon_core.package_identification:_identify(atob/venv/lib/python3.12/site-packages/pip-26.0.1.dist-info/licenses/src/pip/_vendor/pygments) by extensions ['ignore', 'ignore_ament_install']
[0.678s] Level 1:colcon.colcon_core.package_identification:_identify(atob/venv/lib/python3.12/site-packages/pip-26.0.1.dist-info/licenses/src/pip/_vendor/pygments) by extension 'ignore'
[0.678s] Level 1:colcon.colcon_core.package_identification:_identify(atob/venv/lib/python3.12/site-packages/pip-26.0.1.dist-info/licenses/src/pip/_vendor/pygments) by extension 'ignore_ament_install'
[0.678s] Level 1:colcon.colcon_core.package_identification:_identify(atob/venv/lib/python3.12/site-packages/pip-26.0.1.dist-info/licenses/src/pip/_vendor/pygments) by extensions ['colcon_pkg']
[0.678s] Level 1:colcon.colcon_core.package_identification:_identify(atob/venv/lib/python3.12/site-packages/pip-26.0.1.dist-info/licenses/src/pip/_vendor/pygments) by extension 'colcon_pkg'
[0.678s] Level 1:colcon.colcon_core.package_identification:_identify(atob/venv/lib/python3.12/site-packages/pip-26.0.1.dist-info/licenses/src/pip/_vendor/pygments) by extensions ['colcon_meta']
[0.678s] Level 1:colcon.colcon_core.package_identification:_identify(atob/venv/lib/python3.12/site-packages/pip-26.0.1.dist-info/licenses/src/pip/_vendor/pygments) by extension 'colcon_meta'
[0.678s] Level 1:colcon.colcon_core.package_identification:_identify(atob/venv/lib/python3.12/site-packages/pip-26.0.1.dist-info/licenses/src/pip/_vendor/pygments) by extensions ['ros']
[0.678s] Level 1:colcon.colcon_core.package_identification:_identify(atob/venv/lib/python3.12/site-packages/pip-26.0.1.dist-info/licenses/src/pip/_vendor/pygments) by extension 'ros'
[0.678s] Level 1:colcon.colcon_core.package_identification:_identify(atob/venv/lib/python3.12/site-packages/pip-26.0.1.dist-info/licenses/src/pip/_vendor/pygments) by extensions ['cmake', 'python']
[0.678s] Level 1:colcon.colcon_core.package_identification:_identify(atob/venv/lib/python3.12/site-packages/pip-26.0.1.dist-info/licenses/src/pip/_vendor/pygments) by extension 'cmake'
[0.678s] Level 1:colcon.colcon_core.package_identification:_identify(atob/venv/lib/python3.12/site-packages/pip-26.0.1.dist-info/licenses/src/pip/_vendor/pygments) by extension 'python'
[0.678s] Level 1:colcon.colcon_core.package_identification:_identify(atob/venv/lib/python3.12/site-packages/pip-26.0.1.dist-info/licenses/src/pip/_vendor/pygments) by extensions ['python_setup_py']
[0.678s] Level 1:colcon.colcon_core.package_identification:_identify(atob/venv/lib/python3.12/site-packages/pip-26.0.1.dist-info/licenses/src/pip/_vendor/pygments) by extension 'python_setup_py'
[0.678s] Level 1:colcon.colcon_core.package_identification:_identify(atob/venv/lib/python3.12/site-packages/pip-26.0.1.dist-info/licenses/src/pip/_vendor/pyproject_hooks) by extensions ['ignore', 'ignore_ament_install']
[0.679s] Level 1:colcon.colcon_core.package_identification:_identify(atob/venv/lib/python3.12/site-packages/pip-26.0.1.dist-info/licenses/src/pip/_vendor/pyproject_hooks) by extension 'ignore'
[0.679s] Level 1:colcon.colcon_core.package_identification:_identify(atob/venv/lib/python3.12/site-packages/pip-26.0.1.dist-info/licenses/src/pip/_vendor/pyproject_hooks) by extension 'ignore_ament_install'
[0.679s] Level 1:colcon.colcon_core.package_identification:_identify(atob/venv/lib/python3.12/site-packages/pip-26.0.1.dist-info/licenses/src/pip/_vendor/pyproject_hooks) by extensions ['colcon_pkg']
[0.679s] Level 1:colcon.colcon_core.package_identification:_identify(atob/venv/lib/python3.12/site-packages/pip-26.0.1.dist-info/licenses/src/pip/_vendor/pyproject_hooks) by extension 'colcon_pkg'
[0.679s] Level 1:colcon.colcon_core.package_identification:_identify(atob/venv/lib/python3.12/site-packages/pip-26.0.1.dist-info/licenses/src/pip/_vendor/pyproject_hooks) by extensions ['colcon_meta']
[0.679s] Level 1:colcon.colcon_core.package_identification:_identify(atob/venv/lib/python3.12/site-packages/pip-26.0.1.dist-info/licenses/src/pip/_vendor/pyproject_hooks) by extension 'colcon_meta'
[0.679s] Level 1:colcon.colcon_core.package_identification:_identify(atob/venv/lib/python3.12/site-packages/pip-26.0.1.dist-info/licenses/src/pip/_vendor/pyproject_hooks) by extensions ['ros']
[0.679s] Level 1:colcon.colcon_core.package_identification:_identify(atob/venv/lib/python3.12/site-packages/pip-26.0.1.dist-info/licenses/src/pip/_vendor/pyproject_hooks) by extension 'ros'
[0.679s] Level 1:colcon.colcon_core.package_identification:_identify(atob/venv/lib/python3.12/site-packages/pip-26.0.1.dist-info/licenses/src/pip/_vendor/pyproject_hooks) by extensions ['cmake', 'python']
[0.679s] Level 1:colcon.colcon_core.package_identification:_identify(atob/venv/lib/python3.12/site-packages/pip-26.0.1.dist-info/licenses/src/pip/_vendor/pyproject_hooks) by extension 'cmake'
[0.679s] Level 1:colcon.colcon_core.package_identification:_identify(atob/venv/lib/python3.12/site-packages/pip-26.0.1.dist-info/licenses/src/pip/_vendor/pyproject_hooks) by extension 'python'
[0.679s] Level 1:colcon.colcon_core.package_identification:_identify(atob/venv/lib/python3.12/site-packages/pip-26.0.1.dist-info/licenses/src/pip/_vendor/pyproject_hooks) by extensions ['python_setup_py']
[0.679s] Level 1:colcon.colcon_core.package_identification:_identify(atob/venv/lib/python3.12/site-packages/pip-26.0.1.dist-info/licenses/src/pip/_vendor/pyproject_hooks) by extension 'python_setup_py'
[0.679s] Level 1:colcon.colcon_core.package_identification:_identify(atob/venv/lib/python3.12/site-packages/pip-26.0.1.dist-info/licenses/src/pip/_vendor/requests) by extensions ['ignore', 'ignore_ament_install']
[0.679s] Level 1:colcon.colcon_core.package_identification:_identify(atob/venv/lib/python3.12/site-packages/pip-26.0.1.dist-info/licenses/src/pip/_vendor/requests) by extension 'ignore'
[0.679s] Level 1:colcon.colcon_core.package_identification:_identify(atob/venv/lib/python3.12/site-packages/pip-26.0.1.dist-info/licenses/src/pip/_vendor/requests) by extension 'ignore_ament_install'
[0.680s] Level 1:colcon.colcon_core.package_identification:_identify(atob/venv/lib/python3.12/site-packages/pip-26.0.1.dist-info/licenses/src/pip/_vendor/requests) by extensions ['colcon_pkg']
[0.680s] Level 1:colcon.colcon_core.package_identification:_identify(atob/venv/lib/python3.12/site-packages/pip-26.0.1.dist-info/licenses/src/pip/_vendor/requests) by extension 'colcon_pkg'
[0.680s] Level 1:colcon.colcon_core.package_identification:_identify(atob/venv/lib/python3.12/site-packages/pip-26.0.1.dist-info/licenses/src/pip/_vendor/requests) by extensions ['colcon_meta']
[0.680s] Level 1:colcon.colcon_core.package_identification:_identify(atob/venv/lib/python3.12/site-packages/pip-26.0.1.dist-info/licenses/src/pip/_vendor/requests) by extension 'colcon_meta'
[0.680s] Level 1:colcon.colcon_core.package_identification:_identify(atob/venv/lib/python3.12/site-packages/pip-26.0.1.dist-info/licenses/src/pip/_vendor/requests) by extensions ['ros']
[0.680s] Level 1:colcon.colcon_core.package_identification:_identify(atob/venv/lib/python3.12/site-packages/pip-26.0.1.dist-info/licenses/src/pip/_vendor/requests) by extension 'ros'
[0.680s] Level 1:colcon.colcon_core.package_identification:_identify(atob/venv/lib/python3.12/site-packages/pip-26.0.1.dist-info/licenses/src/pip/_vendor/requests) by extensions ['cmake', 'python']
[0.680s] Level 1:colcon.colcon_core.package_identification:_identify(atob/venv/lib/python3.12/site-packages/pip-26.0.1.dist-info/licenses/src/pip/_vendor/requests) by extension 'cmake'
[0.680s] Level 1:colcon.colcon_core.package_identification:_identify(atob/venv/lib/python3.12/site-packages/pip-26.0.1.dist-info/licenses/src/pip/_vendor/requests) by extension 'python'
[0.680s] Level 1:colcon.colcon_core.package_identification:_identify(atob/venv/lib/python3.12/site-packages/pip-26.0.1.dist-info/licenses/src/pip/_vendor/requests) by extensions ['python_setup_py']
[0.680s] Level 1:colcon.colcon_core.package_identification:_identify(atob/venv/lib/python3.12/site-packages/pip-26.0.1.dist-info/licenses/src/pip/_vendor/requests) by extension 'python_setup_py'
[0.680s] Level 1:colcon.colcon_core.package_identification:_identify(atob/venv/lib/python3.12/site-packages/pip-26.0.1.dist-info/licenses/src/pip/_vendor/resolvelib) by extensions ['ignore', 'ignore_ament_install']
[0.680s] Level 1:colcon.colcon_core.package_identification:_identify(atob/venv/lib/python3.12/site-packages/pip-26.0.1.dist-info/licenses/src/pip/_vendor/resolvelib) by extension 'ignore'
[0.680s] Level 1:colcon.colcon_core.package_identification:_identify(atob/venv/lib/python3.12/site-packages/pip-26.0.1.dist-info/licenses/src/pip/_vendor/resolvelib) by extension 'ignore_ament_install'
[0.680s] Level 1:colcon.colcon_core.package_identification:_identify(atob/venv/lib/python3.12/site-packages/pip-26.0.1.dist-info/licenses/src/pip/_vendor/resolvelib) by extensions ['colcon_pkg']
[0.680s] Level 1:colcon.colcon_core.package_identification:_identify(atob/venv/lib/python3.12/site-packages/pip-26.0.1.dist-info/licenses/src/pip/_vendor/resolvelib) by extension 'colcon_pkg'
[0.680s] Level 1:colcon.colcon_core.package_identification:_identify(atob/venv/lib/python3.12/site-packages/pip-26.0.1.dist-info/licenses/src/pip/_vendor/resolvelib) by extensions ['colcon_meta']
[0.680s] Level 1:colcon.colcon_core.package_identification:_identify(atob/venv/lib/python3.12/site-packages/pip-26.0.1.dist-info/licenses/src/pip/_vendor/resolvelib) by extension 'colcon_meta'
[0.680s] Level 1:colcon.colcon_core.package_identification:_identify(atob/venv/lib/python3.12/site-packages/pip-26.0.1.dist-info/licenses/src/pip/_vendor/resolvelib) by extensions ['ros']
[0.681s] Level 1:colcon.colcon_core.package_identification:_identify(atob/venv/lib/python3.12/site-packages/pip-26.0.1.dist-info/licenses/src/pip/_vendor/resolvelib) by extension 'ros'
[0.681s] Level 1:colcon.colcon_core.package_identification:_identify(atob/venv/lib/python3.12/site-packages/pip-26.0.1.dist-info/licenses/src/pip/_vendor/resolvelib) by extensions ['cmake', 'python']
[0.681s] Level 1:colcon.colcon_core.package_identification:_identify(atob/venv/lib/python3.12/site-packages/pip-26.0.1.dist-info/licenses/src/pip/_vendor/resolvelib) by extension 'cmake'
[0.681s] Level 1:colcon.colcon_core.package_identification:_identify(atob/venv/lib/python3.12/site-packages/pip-26.0.1.dist-info/licenses/src/pip/_vendor/resolvelib) by extension 'python'
[0.681s] Level 1:colcon.colcon_core.package_identification:_identify(atob/venv/lib/python3.12/site-packages/pip-26.0.1.dist-info/licenses/src/pip/_vendor/resolvelib) by extensions ['python_setup_py']
[0.681s] Level 1:colcon.colcon_core.package_identification:_identify(atob/venv/lib/python3.12/site-packages/pip-26.0.1.dist-info/licenses/src/pip/_vendor/resolvelib) by extension 'python_setup_py'
[0.681s] Level 1:colcon.colcon_core.package_identification:_identify(atob/venv/lib/python3.12/site-packages/pip-26.0.1.dist-info/licenses/src/pip/_vendor/rich) by extensions ['ignore', 'ignore_ament_install']
[0.681s] Level 1:colcon.colcon_core.package_identification:_identify(atob/venv/lib/python3.12/site-packages/pip-26.0.1.dist-info/licenses/src/pip/_vendor/rich) by extension 'ignore'
[0.681s] Level 1:colcon.colcon_core.package_identification:_identify(atob/venv/lib/python3.12/site-packages/pip-26.0.1.dist-info/licenses/src/pip/_vendor/rich) by extension 'ignore_ament_install'
[0.681s] Level 1:colcon.colcon_core.package_identification:_identify(atob/venv/lib/python3.12/site-packages/pip-26.0.1.dist-info/licenses/src/pip/_vendor/rich) by extensions ['colcon_pkg']
[0.681s] Level 1:colcon.colcon_core.package_identification:_identify(atob/venv/lib/python3.12/site-packages/pip-26.0.1.dist-info/licenses/src/pip/_vendor/rich) by extension 'colcon_pkg'
[0.681s] Level 1:colcon.colcon_core.package_identification:_identify(atob/venv/lib/python3.12/site-packages/pip-26.0.1.dist-info/licenses/src/pip/_vendor/rich) by extensions ['colcon_meta']
[0.681s] Level 1:colcon.colcon_core.package_identification:_identify(atob/venv/lib/python3.12/site-packages/pip-26.0.1.dist-info/licenses/src/pip/_vendor/rich) by extension 'colcon_meta'
[0.681s] Level 1:colcon.colcon_core.package_identification:_identify(atob/venv/lib/python3.12/site-packages/pip-26.0.1.dist-info/licenses/src/pip/_vendor/rich) by extensions ['ros']
[0.681s] Level 1:colcon.colcon_core.package_identification:_identify(atob/venv/lib/python3.12/site-packages/pip-26.0.1.dist-info/licenses/src/pip/_vendor/rich) by extension 'ros'
[0.681s] Level 1:colcon.colcon_core.package_identification:_identify(atob/venv/lib/python3.12/site-packages/pip-26.0.1.dist-info/licenses/src/pip/_vendor/rich) by extensions ['cmake', 'python']
[0.681s] Level 1:colcon.colcon_core.package_identification:_identify(atob/venv/lib/python3.12/site-packages/pip-26.0.1.dist-info/licenses/src/pip/_vendor/rich) by extension 'cmake'
[0.682s] Level 1:colcon.colcon_core.package_identification:_identify(atob/venv/lib/python3.12/site-packages/pip-26.0.1.dist-info/licenses/src/pip/_vendor/rich) by extension 'python'
[0.682s] Level 1:colcon.colcon_core.package_identification:_identify(atob/venv/lib/python3.12/site-packages/pip-26.0.1.dist-info/licenses/src/pip/_vendor/rich) by extensions ['python_setup_py']
[0.682s] Level 1:colcon.colcon_core.package_identification:_identify(atob/venv/lib/python3.12/site-packages/pip-26.0.1.dist-info/licenses/src/pip/_vendor/rich) by extension 'python_setup_py'
[0.682s] Level 1:colcon.colcon_core.package_identification:_identify(atob/venv/lib/python3.12/site-packages/pip-26.0.1.dist-info/licenses/src/pip/_vendor/tomli) by extensions ['ignore', 'ignore_ament_install']
[0.682s] Level 1:colcon.colcon_core.package_identification:_identify(atob/venv/lib/python3.12/site-packages/pip-26.0.1.dist-info/licenses/src/pip/_vendor/tomli) by extension 'ignore'
[0.682s] Level 1:colcon.colcon_core.package_identification:_identify(atob/venv/lib/python3.12/site-packages/pip-26.0.1.dist-info/licenses/src/pip/_vendor/tomli) by extension 'ignore_ament_install'
[0.682s] Level 1:colcon.colcon_core.package_identification:_identify(atob/venv/lib/python3.12/site-packages/pip-26.0.1.dist-info/licenses/src/pip/_vendor/tomli) by extensions ['colcon_pkg']
[0.682s] Level 1:colcon.colcon_core.package_identification:_identify(atob/venv/lib/python3.12/site-packages/pip-26.0.1.dist-info/licenses/src/pip/_vendor/tomli) by extension 'colcon_pkg'
[0.682s] Level 1:colcon.colcon_core.package_identification:_identify(atob/venv/lib/python3.12/site-packages/pip-26.0.1.dist-info/licenses/src/pip/_vendor/tomli) by extensions ['colcon_meta']
[0.682s] Level 1:colcon.colcon_core.package_identification:_identify(atob/venv/lib/python3.12/site-packages/pip-26.0.1.dist-info/licenses/src/pip/_vendor/tomli) by extension 'colcon_meta'
[0.682s] Level 1:colcon.colcon_core.package_identification:_identify(atob/venv/lib/python3.12/site-packages/pip-26.0.1.dist-info/licenses/src/pip/_vendor/tomli) by extensions ['ros']
[0.682s] Level 1:colcon.colcon_core.package_identification:_identify(atob/venv/lib/python3.12/site-packages/pip-26.0.1.dist-info/licenses/src/pip/_vendor/tomli) by extension 'ros'
[0.682s] Level 1:colcon.colcon_core.package_identification:_identify(atob/venv/lib/python3.12/site-packages/pip-26.0.1.dist-info/licenses/src/pip/_vendor/tomli) by extensions ['cmake', 'python']
[0.682s] Level 1:colcon.colcon_core.package_identification:_identify(atob/venv/lib/python3.12/site-packages/pip-26.0.1.dist-info/licenses/src/pip/_vendor/tomli) by extension 'cmake'
[0.682s] Level 1:colcon.colcon_core.package_identification:_identify(atob/venv/lib/python3.12/site-packages/pip-26.0.1.dist-info/licenses/src/pip/_vendor/tomli) by extension 'python'
[0.682s] Level 1:colcon.colcon_core.package_identification:_identify(atob/venv/lib/python3.12/site-packages/pip-26.0.1.dist-info/licenses/src/pip/_vendor/tomli) by extensions ['python_setup_py']
[0.682s] Level 1:colcon.colcon_core.package_identification:_identify(atob/venv/lib/python3.12/site-packages/pip-26.0.1.dist-info/licenses/src/pip/_vendor/tomli) by extension 'python_setup_py'
[0.683s] Level 1:colcon.colcon_core.package_identification:_identify(atob/venv/lib/python3.12/site-packages/pip-26.0.1.dist-info/licenses/src/pip/_vendor/tomli_w) by extensions ['ignore', 'ignore_ament_install']
[0.683s] Level 1:colcon.colcon_core.package_identification:_identify(atob/venv/lib/python3.12/site-packages/pip-26.0.1.dist-info/licenses/src/pip/_vendor/tomli_w) by extension 'ignore'
[0.683s] Level 1:colcon.colcon_core.package_identification:_identify(atob/venv/lib/python3.12/site-packages/pip-26.0.1.dist-info/licenses/src/pip/_vendor/tomli_w) by extension 'ignore_ament_install'
[0.683s] Level 1:colcon.colcon_core.package_identification:_identify(atob/venv/lib/python3.12/site-packages/pip-26.0.1.dist-info/licenses/src/pip/_vendor/tomli_w) by extensions ['colcon_pkg']
[0.683s] Level 1:colcon.colcon_core.package_identification:_identify(atob/venv/lib/python3.12/site-packages/pip-26.0.1.dist-info/licenses/src/pip/_vendor/tomli_w) by extension 'colcon_pkg'
[0.683s] Level 1:colcon.colcon_core.package_identification:_identify(atob/venv/lib/python3.12/site-packages/pip-26.0.1.dist-info/licenses/src/pip/_vendor/tomli_w) by extensions ['colcon_meta']
[0.683s] Level 1:colcon.colcon_core.package_identification:_identify(atob/venv/lib/python3.12/site-packages/pip-26.0.1.dist-info/licenses/src/pip/_vendor/tomli_w) by extension 'colcon_meta'
[0.683s] Level 1:colcon.colcon_core.package_identification:_identify(atob/venv/lib/python3.12/site-packages/pip-26.0.1.dist-info/licenses/src/pip/_vendor/tomli_w) by extensions ['ros']
[0.683s] Level 1:colcon.colcon_core.package_identification:_identify(atob/venv/lib/python3.12/site-packages/pip-26.0.1.dist-info/licenses/src/pip/_vendor/tomli_w) by extension 'ros'
[0.683s] Level 1:colcon.colcon_core.package_identification:_identify(atob/venv/lib/python3.12/site-packages/pip-26.0.1.dist-info/licenses/src/pip/_vendor/tomli_w) by extensions ['cmake', 'python']
[0.683s] Level 1:colcon.colcon_core.package_identification:_identify(atob/venv/lib/python3.12/site-packages/pip-26.0.1.dist-info/licenses/src/pip/_vendor/tomli_w) by extension 'cmake'
[0.683s] Level 1:colcon.colcon_core.package_identification:_identify(atob/venv/lib/python3.12/site-packages/pip-26.0.1.dist-info/licenses/src/pip/_vendor/tomli_w) by extension 'python'
[0.683s] Level 1:colcon.colcon_core.package_identification:_identify(atob/venv/lib/python3.12/site-packages/pip-26.0.1.dist-info/licenses/src/pip/_vendor/tomli_w) by extensions ['python_setup_py']
[0.683s] Level 1:colcon.colcon_core.package_identification:_identify(atob/venv/lib/python3.12/site-packages/pip-26.0.1.dist-info/licenses/src/pip/_vendor/tomli_w) by extension 'python_setup_py'
[0.683s] Level 1:colcon.colcon_core.package_identification:_identify(atob/venv/lib/python3.12/site-packages/pip-26.0.1.dist-info/licenses/src/pip/_vendor/truststore) by extensions ['ignore', 'ignore_ament_install']
[0.683s] Level 1:colcon.colcon_core.package_identification:_identify(atob/venv/lib/python3.12/site-packages/pip-26.0.1.dist-info/licenses/src/pip/_vendor/truststore) by extension 'ignore'
[0.684s] Level 1:colcon.colcon_core.package_identification:_identify(atob/venv/lib/python3.12/site-packages/pip-26.0.1.dist-info/licenses/src/pip/_vendor/truststore) by extension 'ignore_ament_install'
[0.684s] Level 1:colcon.colcon_core.package_identification:_identify(atob/venv/lib/python3.12/site-packages/pip-26.0.1.dist-info/licenses/src/pip/_vendor/truststore) by extensions ['colcon_pkg']
[0.684s] Level 1:colcon.colcon_core.package_identification:_identify(atob/venv/lib/python3.12/site-packages/pip-26.0.1.dist-info/licenses/src/pip/_vendor/truststore) by extension 'colcon_pkg'
[0.684s] Level 1:colcon.colcon_core.package_identification:_identify(atob/venv/lib/python3.12/site-packages/pip-26.0.1.dist-info/licenses/src/pip/_vendor/truststore) by extensions ['colcon_meta']
[0.684s] Level 1:colcon.colcon_core.package_identification:_identify(atob/venv/lib/python3.12/site-packages/pip-26.0.1.dist-info/licenses/src/pip/_vendor/truststore) by extension 'colcon_meta'
[0.684s] Level 1:colcon.colcon_core.package_identification:_identify(atob/venv/lib/python3.12/site-packages/pip-26.0.1.dist-info/licenses/src/pip/_vendor/truststore) by extensions ['ros']
[0.684s] Level 1:colcon.colcon_core.package_identification:_identify(atob/venv/lib/python3.12/site-packages/pip-26.0.1.dist-info/licenses/src/pip/_vendor/truststore) by extension 'ros'
[0.684s] Level 1:colcon.colcon_core.package_identification:_identify(atob/venv/lib/python3.12/site-packages/pip-26.0.1.dist-info/licenses/src/pip/_vendor/truststore) by extensions ['cmake', 'python']
[0.684s] Level 1:colcon.colcon_core.package_identification:_identify(atob/venv/lib/python3.12/site-packages/pip-26.0.1.dist-info/licenses/src/pip/_vendor/truststore) by extension 'cmake'
[0.684s] Level 1:colcon.colcon_core.package_identification:_identify(atob/venv/lib/python3.12/site-packages/pip-26.0.1.dist-info/licenses/src/pip/_vendor/truststore) by extension 'python'
[0.684s] Level 1:colcon.colcon_core.package_identification:_identify(atob/venv/lib/python3.12/site-packages/pip-26.0.1.dist-info/licenses/src/pip/_vendor/truststore) by extensions ['python_setup_py']
[0.684s] Level 1:colcon.colcon_core.package_identification:_identify(atob/venv/lib/python3.12/site-packages/pip-26.0.1.dist-info/licenses/src/pip/_vendor/truststore) by extension 'python_setup_py'
[0.684s] Level 1:colcon.colcon_core.package_identification:_identify(atob/venv/lib/python3.12/site-packages/pip-26.0.1.dist-info/licenses/src/pip/_vendor/urllib3) by extensions ['ignore', 'ignore_ament_install']
[0.684s] Level 1:colcon.colcon_core.package_identification:_identify(atob/venv/lib/python3.12/site-packages/pip-26.0.1.dist-info/licenses/src/pip/_vendor/urllib3) by extension 'ignore'
[0.684s] Level 1:colcon.colcon_core.package_identification:_identify(atob/venv/lib/python3.12/site-packages/pip-26.0.1.dist-info/licenses/src/pip/_vendor/urllib3) by extension 'ignore_ament_install'
[0.684s] Level 1:colcon.colcon_core.package_identification:_identify(atob/venv/lib/python3.12/site-packages/pip-26.0.1.dist-info/licenses/src/pip/_vendor/urllib3) by extensions ['colcon_pkg']
[0.684s] Level 1:colcon.colcon_core.package_identification:_identify(atob/venv/lib/python3.12/site-packages/pip-26.0.1.dist-info/licenses/src/pip/_vendor/urllib3) by extension 'colcon_pkg'
[0.684s] Level 1:colcon.colcon_core.package_identification:_identify(atob/venv/lib/python3.12/site-packages/pip-26.0.1.dist-info/licenses/src/pip/_vendor/urllib3) by extensions ['colcon_meta']
[0.684s] Level 1:colcon.colcon_core.package_identification:_identify(atob/venv/lib/python3.12/site-packages/pip-26.0.1.dist-info/licenses/src/pip/_vendor/urllib3) by extension 'colcon_meta'
[0.685s] Level 1:colcon.colcon_core.package_identification:_identify(atob/venv/lib/python3.12/site-packages/pip-26.0.1.dist-info/licenses/src/pip/_vendor/urllib3) by extensions ['ros']
[0.685s] Level 1:colcon.colcon_core.package_identification:_identify(atob/venv/lib/python3.12/site-packages/pip-26.0.1.dist-info/licenses/src/pip/_vendor/urllib3) by extension 'ros'
[0.685s] Level 1:colcon.colcon_core.package_identification:_identify(atob/venv/lib/python3.12/site-packages/pip-26.0.1.dist-info/licenses/src/pip/_vendor/urllib3) by extensions ['cmake', 'python']
[0.685s] Level 1:colcon.colcon_core.package_identification:_identify(atob/venv/lib/python3.12/site-packages/pip-26.0.1.dist-info/licenses/src/pip/_vendor/urllib3) by extension 'cmake'
[0.685s] Level 1:colcon.colcon_core.package_identification:_identify(atob/venv/lib/python3.12/site-packages/pip-26.0.1.dist-info/licenses/src/pip/_vendor/urllib3) by extension 'python'
[0.685s] Level 1:colcon.colcon_core.package_identification:_identify(atob/venv/lib/python3.12/site-packages/pip-26.0.1.dist-info/licenses/src/pip/_vendor/urllib3) by extensions ['python_setup_py']
[0.685s] Level 1:colcon.colcon_core.package_identification:_identify(atob/venv/lib/python3.12/site-packages/pip-26.0.1.dist-info/licenses/src/pip/_vendor/urllib3) by extension 'python_setup_py'
[0.685s] Level 1:colcon.colcon_core.package_identification:_identify(build) by extensions ['ignore', 'ignore_ament_install']
[0.685s] Level 1:colcon.colcon_core.package_identification:_identify(build) by extension 'ignore'
[0.685s] Level 1:colcon.colcon_core.package_identification:_identify(build) ignored
[0.685s] Level 1:colcon.colcon_core.package_identification:_identify(install) by extensions ['ignore', 'ignore_ament_install']
[0.685s] Level 1:colcon.colcon_core.package_identification:_identify(install) by extension 'ignore'
[0.685s] Level 1:colcon.colcon_core.package_identification:_identify(install) ignored
[0.685s] Level 1:colcon.colcon_core.package_identification:_identify(log) by extensions ['ignore', 'ignore_ament_install']
[0.686s] Level 1:colcon.colcon_core.package_identification:_identify(log) by extension 'ignore'
[0.686s] Level 1:colcon.colcon_core.package_identification:_identify(log) ignored
[0.686s] Level 1:colcon.colcon_core.package_identification:_identify(my_robot) by extensions ['ignore', 'ignore_ament_install']
[0.686s] Level 1:colcon.colcon_core.package_identification:_identify(my_robot) by extension 'ignore'
[0.686s] Level 1:colcon.colcon_core.package_identification:_identify(my_robot) by extension 'ignore_ament_install'
[0.686s] Level 1:colcon.colcon_core.package_identification:_identify(my_robot) by extensions ['colcon_pkg']
[0.686s] Level 1:colcon.colcon_core.package_identification:_identify(my_robot) by extension 'colcon_pkg'
[0.686s] Level 1:colcon.colcon_core.package_identification:_identify(my_robot) by extensions ['colcon_meta']
[0.686s] Level 1:colcon.colcon_core.package_identification:_identify(my_robot) by extension 'colcon_meta'
[0.686s] Level 1:colcon.colcon_core.package_identification:_identify(my_robot) by extensions ['ros']
[0.686s] Level 1:colcon.colcon_core.package_identification:_identify(my_robot) by extension 'ros'
[0.689s] DEBUG:colcon.colcon_core.package_identification:Package 'my_robot' with type 'ros.ament_python' and name 'my_robot'
[0.689s] Level 1:colcon.colcon_core.package_discovery:discover_packages(recursive) using defaults
[0.689s] Level 1:colcon.colcon_core.package_discovery:discover_packages(ignore) discover
[0.689s] Level 1:colcon.colcon_core.package_discovery:discover_packages(ignore) using defaults
[0.689s] Level 1:colcon.colcon_core.package_discovery:discover_packages(path) discover
[0.689s] Level 1:colcon.colcon_core.package_discovery:discover_packages(path) using defaults
[0.714s] INFO:colcon.colcon_core.package_selection:Skipping not selected package 'st3215' in 'atob/python-st3215'
[0.714s] Level 1:colcon.colcon_core.package_discovery:discover_packages(prefix_path) check parameters
[0.714s] Level 1:colcon.colcon_core.package_discovery:discover_packages(prefix_path) discover
[0.719s] DEBUG:colcon.colcon_installed_package_information.package_discovery:Found 418 installed packages in /opt/ros/jazzy
[0.720s] Level 1:colcon.colcon_core.package_discovery:discover_packages(prefix_path) using defaults
[0.796s] Level 5:colcon.colcon_core.verb:set package 'my_robot' build argument 'cmake_args' from command line to 'None'
[0.796s] Level 5:colcon.colcon_core.verb:set package 'my_robot' build argument 'cmake_target' from command line to 'None'
[0.796s] Level 5:colcon.colcon_core.verb:set package 'my_robot' build argument 'cmake_target_skip_unavailable' from command line to 'False'
[0.796s] Level 5:colcon.colcon_core.verb:set package 'my_robot' build argument 'cmake_clean_cache' from command line to 'False'
[0.796s] Level 5:colcon.colcon_core.verb:set package 'my_robot' build argument 'cmake_clean_first' from command line to 'False'
[0.796s] Level 5:colcon.colcon_core.verb:set package 'my_robot' build argument 'cmake_force_configure' from command line to 'False'
[0.796s] Level 5:colcon.colcon_core.verb:set package 'my_robot' build argument 'ament_cmake_args' from command line to 'None'
[0.796s] Level 5:colcon.colcon_core.verb:set package 'my_robot' build argument 'catkin_cmake_args' from command line to 'None'
[0.796s] Level 5:colcon.colcon_core.verb:set package 'my_robot' build argument 'catkin_skip_building_tests' from command line to 'False'
[0.796s] DEBUG:colcon.colcon_core.verb:Building package 'my_robot' with the following arguments: {'ament_cmake_args': None, 'build_base': '/home/rpd/Nav2/build/my_robot', 'catkin_cmake_args': None, 'catkin_skip_building_tests': False, 'cmake_args': None, 'cmake_clean_cache': False, 'cmake_clean_first': False, 'cmake_force_configure': False, 'cmake_target': None, 'cmake_target_skip_unavailable': False, 'install_base': '/home/rpd/Nav2/install/my_robot', 'merge_install': False, 'path': '/home/rpd/Nav2/my_robot', 'symlink_install': False, 'test_result_base': None}
[0.797s] INFO:colcon.colcon_core.executor:Executing jobs using 'parallel' executor
[0.798s] DEBUG:colcon.colcon_parallel_executor.executor.parallel:run_until_complete
[0.799s] INFO:colcon.colcon_ros.task.ament_python.build:Building ROS package in '/home/rpd/Nav2/my_robot' with build type 'ament_python'
[0.799s] Level 1:colcon.colcon_core.shell:create_environment_hook('my_robot', 'ament_prefix_path')
[0.801s] INFO:colcon.colcon_core.plugin_system:Skipping extension 'colcon_core.shell.bat': Not used on non-Windows systems
[0.802s] INFO:colcon.colcon_core.shell:Creating environment hook '/home/rpd/Nav2/install/my_robot/share/my_robot/hook/ament_prefix_path.ps1'
[0.804s] INFO:colcon.colcon_core.shell:Creating environment descriptor '/home/rpd/Nav2/install/my_robot/share/my_robot/hook/ament_prefix_path.dsv'
[0.805s] INFO:colcon.colcon_core.shell:Creating environment hook '/home/rpd/Nav2/install/my_robot/share/my_robot/hook/ament_prefix_path.sh'
[0.806s] INFO:colcon.colcon_core.shell:Skip shell extension 'powershell' for command environment: Not usable outside of PowerShell
[0.806s] DEBUG:colcon.colcon_core.shell:Skip shell extension 'dsv' for command environment
[1.152s] INFO:colcon.colcon_core.task.python.build:Building Python package in '/home/rpd/Nav2/my_robot'
[1.153s] INFO:colcon.colcon_core.shell:Skip shell extension 'powershell' for command environment: Not usable outside of PowerShell
[1.153s] DEBUG:colcon.colcon_core.shell:Skip shell extension 'dsv' for command environment
[2.299s] DEBUG:colcon.colcon_core.event_handler.log_command:Invoking command in '/home/rpd/Nav2/my_robot': PYTHONPATH=/home/rpd/Nav2/build/my_robot/prefix_override:/usr/lib/python3/dist-packages/colcon_core/task/python/colcon_distutils_commands:/home/rpd/Nav2/install/my_robot/lib/python3.12/site-packages:${PYTHONPATH} /usr/bin/python3 -W ignore:setup.py install is deprecated -W ignore:easy_install command is deprecated setup.py egg_info --egg-base ../build/my_robot build --build-base /home/rpd/Nav2/build/my_robot/build install --record /home/rpd/Nav2/build/my_robot/install.log --single-version-externally-managed install_data
[3.031s] DEBUG:colcon.colcon_core.event_handler.log_command:Invoked command in '/home/rpd/Nav2/my_robot' returned '0': PYTHONPATH=/home/rpd/Nav2/build/my_robot/prefix_override:/usr/lib/python3/dist-packages/colcon_core/task/python/colcon_distutils_commands:/home/rpd/Nav2/install/my_robot/lib/python3.12/site-packages:${PYTHONPATH} /usr/bin/python3 -W ignore:setup.py install is deprecated -W ignore:easy_install command is deprecated setup.py egg_info --egg-base ../build/my_robot build --build-base /home/rpd/Nav2/build/my_robot/build install --record /home/rpd/Nav2/build/my_robot/install.log --single-version-externally-managed install_data
[3.043s] Level 1:colcon.colcon_core.environment:checking '/home/rpd/Nav2/install/my_robot' for CMake module files
[3.043s] Level 1:colcon.colcon_core.environment:checking '/home/rpd/Nav2/install/my_robot' for CMake config files
[3.045s] Level 1:colcon.colcon_core.environment:checking '/home/rpd/Nav2/install/my_robot/lib'
[3.045s] Level 1:colcon.colcon_core.environment:checking '/home/rpd/Nav2/install/my_robot/bin'
[3.045s] Level 1:colcon.colcon_core.environment:checking '/home/rpd/Nav2/install/my_robot/lib/pkgconfig/my_robot.pc'
[3.045s] Level 1:colcon.colcon_core.environment:checking '/home/rpd/Nav2/install/my_robot/lib/python3.12/site-packages'
[3.046s] Level 1:colcon.colcon_core.shell:create_environment_hook('my_robot', 'pythonpath')
[3.046s] INFO:colcon.colcon_core.shell:Creating environment hook '/home/rpd/Nav2/install/my_robot/share/my_robot/hook/pythonpath.ps1'
[3.047s] INFO:colcon.colcon_core.shell:Creating environment descriptor '/home/rpd/Nav2/install/my_robot/share/my_robot/hook/pythonpath.dsv'
[3.047s] INFO:colcon.colcon_core.shell:Creating environment hook '/home/rpd/Nav2/install/my_robot/share/my_robot/hook/pythonpath.sh'
[3.048s] Level 1:colcon.colcon_core.environment:checking '/home/rpd/Nav2/install/my_robot/bin'
[3.048s] Level 1:colcon.colcon_core.environment:create_environment_scripts_only(my_robot)
[3.049s] INFO:colcon.colcon_core.shell:Creating package script '/home/rpd/Nav2/install/my_robot/share/my_robot/package.ps1'
[3.050s] INFO:colcon.colcon_core.shell:Creating package descriptor '/home/rpd/Nav2/install/my_robot/share/my_robot/package.dsv'
[3.051s] INFO:colcon.colcon_core.shell:Creating package script '/home/rpd/Nav2/install/my_robot/share/my_robot/package.sh'
[3.053s] INFO:colcon.colcon_core.shell:Creating package script '/home/rpd/Nav2/install/my_robot/share/my_robot/package.bash'
[3.054s] INFO:colcon.colcon_core.shell:Creating package script '/home/rpd/Nav2/install/my_robot/share/my_robot/package.zsh'
[3.055s] Level 1:colcon.colcon_core.environment:create_file_with_runtime_dependencies(/home/rpd/Nav2/install/my_robot/share/colcon-core/packages/my_robot)
[3.056s] DEBUG:colcon.colcon_parallel_executor.executor.parallel:closing loop
[3.057s] DEBUG:colcon.colcon_parallel_executor.executor.parallel:loop closed
[3.057s] DEBUG:colcon.colcon_parallel_executor.executor.parallel:run_until_complete finished with '0'
[3.057s] DEBUG:colcon.colcon_core.event_reactor:joining thread
[3.065s] INFO:colcon.colcon_core.plugin_system:Skipping extension 'colcon_notification.desktop_notification.notify_send': Could not find 'notify-send'
[3.066s] INFO:colcon.colcon_core.plugin_system:Skipping extension 'colcon_notification.desktop_notification.terminal_notifier': Not used on non-Darwin systems
[3.066s] INFO:colcon.colcon_core.plugin_system:Skipping extension 'colcon_notification.desktop_notification.win32': Not used on non-Windows systems
[3.066s] INFO:colcon.colcon_notification.desktop_notification:Sending desktop notification using 'notify2'
[3.067s] DEBUG:colcon.colcon_notification.desktop_notification.notify2:Failed to initialize notify2: org.freedesktop.DBus.Error.ServiceUnknown: The name org.freedesktop.Notifications was not provided by any .service files
[3.067s] DEBUG:colcon.colcon_core.event_reactor:joined thread
[3.067s] INFO:colcon.colcon_core.shell:Creating prefix script '/home/rpd/Nav2/install/local_setup.ps1'
[3.069s] INFO:colcon.colcon_core.shell:Creating prefix util module '/home/rpd/Nav2/install/_local_setup_util_ps1.py'
[3.070s] INFO:colcon.colcon_core.shell:Creating prefix chain script '/home/rpd/Nav2/install/setup.ps1'
[3.072s] INFO:colcon.colcon_core.shell:Creating prefix script '/home/rpd/Nav2/install/local_setup.sh'
[3.074s] INFO:colcon.colcon_core.shell:Creating prefix util module '/home/rpd/Nav2/install/_local_setup_util_sh.py'
[3.077s] INFO:colcon.colcon_core.shell:Creating prefix chain script '/home/rpd/Nav2/install/setup.sh'
[3.078s] INFO:colcon.colcon_core.shell:Creating prefix script '/home/rpd/Nav2/install/local_setup.bash'
[3.082s] INFO:colcon.colcon_core.shell:Creating prefix chain script '/home/rpd/Nav2/install/setup.bash'
[3.083s] INFO:colcon.colcon_core.shell:Creating prefix script '/home/rpd/Nav2/install/local_setup.zsh'
[3.084s] INFO:colcon.colcon_core.shell:Creating prefix chain script '/home/rpd/Nav2/install/setup.zsh'
